Date,Target_House_Index_diff1,Recession,Hot_Market,Unemployment_Rate_L1,Unemployment_Rate_L2,Unemployment_Rate_L3,Unemployment_Rate_L4,CPI_diff1_L1,CPI_diff1_L2,CPI_diff1_L3,CPI_diff1_L4,Poverty_Rate_diff1_L1,Poverty_Rate_diff1_L2,Poverty_Rate_diff1_L3,Poverty_Rate_diff1_L4,Median_Household_Income_diff1_L1,Median_Household_Income_diff1_L2,Median_Household_Income_diff1_L3,Median_Household_Income_diff1_L4,Interest_Rate_diff1_L1,Interest_Rate_diff1_L2,Interest_Rate_diff1_L3,Interest_Rate_diff1_L4,Mortgage_Rate_diff1_L1,Mortgage_Rate_diff1_L2,Mortgage_Rate_diff1_L3,Mortgage_Rate_diff1_L4,Population_diff2_L1,Population_diff2_L2,Population_diff2_L3,Population_diff2_L4,GDP_diff3_L1,GDP_diff3_L2,GDP_diff3_L3,GDP_diff3_L4
1991-10-01,1.6000000000000085,0,0,6.1,5.2,5.3,4.9,0.8000000000000114,1.0,0.9000000000000057,2.5,0.15000000000000036,0.15000000000000036,0.17499999999999893,0.1750000000000007,-200.0,-200.0,770.0,770.0,-0.08999999999999986,-1.0,-1.1999999999999993,-0.040000000000000924,0.08249999999999957,-0.14499999999999957,-0.5400000000000009,0.14250000000000007,34.881756097561265,34.881756097560356,34.881756097561265,34.881756097561265,201.20399999999972,111.7460000000001,75.14999999999964,132.03200000000015
1992-01-01,0.30999999999998806,0,0,6.2,6.1,5.2,5.3,2.049999999999983,0.8000000000000114,1.0,0.9000000000000057,0.15000000000000036,0.15000000000000036,0.15000000000000036,0.17499999999999893,-200.0,-200.0,-200.0,770.0,-0.6100000000000003,-0.08999999999999986,-1.0,-1.1999999999999993,-0.7199999999999989,0.08249999999999957,-0.14499999999999957,-0.5400000000000009,34.881756097561265,34.881756097561265,34.881756097560356,34.881756097561265,229.36200000000008,201.20399999999972,111.7460000000001,75.14999999999964
1992-04-01,-0.8199999999999932,0,0,6.6,6.2,6.1,5.2,-0.04999999999998295,2.049999999999983,0.8000000000000114,1.0,0.15000000000000036,0.15000000000000036,0.15000000000000036,0.15000000000000036,-200.0,-200.0,-200.0,-200.0,-1.1799999999999997,-0.6100000000000003,-0.08999999999999986,-1.0,-0.4230000000000018,-0.7199999999999989,0.08249999999999957,-0.14499999999999957,34.881756097560356,34.881756097561265,34.881756097561265,34.881756097560356,236.23999999999978,229.36200000000008,201.20399999999972,111.7460000000001
1992-07-01,0.8199999999999932,0,0,6.3,6.6,6.2,6.1,0.19999999999998863,-0.04999999999998295,2.049999999999983,0.8000000000000114,0.07499999999999929,0.15000000000000036,0.15000000000000036,0.15000000000000036,-1805.0,-200.0,-200.0,-200.0,-0.30000000000000027,-1.1799999999999997,-0.6100000000000003,-0.08999999999999986,0.42050000000000054,-0.4230000000000018,-0.7199999999999989,0.08249999999999957,34.881756097561265,34.881756097560356,34.881756097561265,34.881756097561265,264.826,236.23999999999978,229.36200000000008,201.20399999999972
1992-10-01,0.11000000000001364,0,0,7.0,6.3,6.6,6.2,1.700000000000017,0.19999999999998863,-0.04999999999998295,2.049999999999983,0.07499999999999929,0.07499999999999929,0.15000000000000036,0.15000000000000036,-1805.0,-1805.0,-200.0,-200.0,-0.48,-0.30000000000000027,-1.1799999999999997,-0.6100000000000003,-0.724499999999999,0.42050000000000054,-0.4230000000000018,-0.7199999999999989,34.881756097561265,34.881756097561265,34.881756097560356,34.881756097561265,302.10099999999966,264.826,236.23999999999978,229.36200000000008
1993-01-01,-0.23000000000000398,0,0,6.6,7.0,6.3,6.6,1.6499999999999773,1.700000000000017,0.19999999999998863,-0.04999999999998295,0.07500000000000107,0.07499999999999929,0.07499999999999929,0.15000000000000036,-1805.0,-1805.0,-1805.0,-200.0,-0.1499999999999999,-0.48,-0.30000000000000027,-1.1799999999999997,-0.040000000000000924,-0.724499999999999,0.42050000000000054,-0.4230000000000018,34.881756097560356,34.881756097561265,34.881756097561265,34.881756097560356,317.701,302.10099999999966,264.826,236.23999999999978
1993-04-01,0.20000000000000284,0,0,6.8,6.6,7.0,6.3,1.3500000000000227,1.6499999999999773,1.700000000000017,0.19999999999998863,0.07499999999999929,0.07500000000000107,0.07499999999999929,0.07499999999999929,-1805.0,-1805.0,-1805.0,-1805.0,-0.08000000000000007,-0.1499999999999999,-0.48,-0.30000000000000027,-0.09549999999999947,-0.040000000000000924,-0.724499999999999,0.42050000000000054,34.881756097561265,34.881756097560356,34.881756097561265,34.881756097561265,258.6959999999999,317.701,302.10099999999966,264.826
1993-07-01,0.01999999999999602,0,0,6.1,6.8,6.6,7.0,1.049999999999983,1.3500000000000227,1.6499999999999773,1.700000000000017,-0.15000000000000036,0.07499999999999929,0.07500000000000107,0.07499999999999929,1060.0,-1805.0,-1805.0,-1805.0,-0.06000000000000005,-0.08000000000000007,-0.1499999999999999,-0.48,-0.5205000000000011,-0.09549999999999947,-0.040000000000000924,-0.724499999999999,34.881756097561265,34.881756097561265,34.881756097560356,34.881756097561265,242.29800000000068,258.6959999999999,317.701,302.10099999999966
1993-10-01,0.539999999999992,0,1,6.8,6.1,6.8,6.6,0.3499999999999943,1.049999999999983,1.3500000000000227,1.6499999999999773,-0.14999999999999858,-0.15000000000000036,0.07499999999999929,0.07500000000000107,1060.0,1060.0,-1805.0,-1805.0,0.10000000000000009,-0.06000000000000005,-0.08000000000000007,-0.1499999999999999,-0.26599999999999824,-0.5205000000000011,-0.09549999999999947,-0.040000000000000924,34.881756097560356,34.881756097561265,34.881756097561265,34.881756097560356,201.29500000000007,242.29800000000068,258.6959999999999,317.701
1994-01-01,0.19000000000001194,0,0,6.3,6.8,6.1,6.8,1.1000000000000227,0.3499999999999943,1.049999999999983,1.3500000000000227,-0.15000000000000036,-0.14999999999999858,-0.15000000000000036,0.07499999999999929,1060.0,1060.0,1060.0,-1805.0,-0.06999999999999984,0.10000000000000009,-0.06000000000000005,-0.08000000000000007,-0.3719999999999999,-0.26599999999999824,-0.5205000000000011,-0.09549999999999947,34.881756097561265,34.881756097560356,34.881756097561265,34.881756097561265,284.27900000000045,201.29500000000007,242.29800000000068,258.6959999999999
1994-04-01,-0.9200000000000017,0,1,6.3,6.3,6.8,6.1,0.5999999999999943,1.1000000000000227,0.3499999999999943,1.049999999999983,-0.15000000000000036,-0.15000000000000036,-0.14999999999999858,-0.15000000000000036,1060.0,1060.0,1060.0,1060.0,0.05999999999999961,-0.06999999999999984,0.10000000000000009,-0.06000000000000005,0.22599999999999998,-0.3719999999999999,-0.26599999999999824,-0.5205000000000011,34.881756097561265,34.881756097561265,34.881756097560356,34.881756097561265,306.71299999999974,284.27900000000045,201.29500000000007,242.29800000000068
1994-07-01,-1.0700000000000074,0,0,5.6,6.3,6.3,6.8,0.549999999999983,0.5999999999999943,1.1000000000000227,0.3499999999999943,-0.1750000000000007,-0.15000000000000036,-0.15000000000000036,-0.14999999999999858,-37.5,1060.0,1060.0,1060.0,0.5100000000000002,0.05999999999999961,-0.06999999999999984,0.10000000000000009,1.2559999999999985,0.22599999999999998,-0.3719999999999999,-0.26599999999999824,34.881756097560356,34.881756097561265,34.881756097561265,34.881756097560356,364.83299999999963,306.71299999999974,284.27900000000045,201.29500000000007
1994-10-01,-0.8799999999999955,0,0,6.0,5.6,6.3,6.3,0.35000000000002274,0.549999999999983,0.5999999999999943,1.1000000000000227,-0.17499999999999893,-0.1750000000000007,-0.15000000000000036,-0.15000000000000036,-37.5,-37.5,1060.0,1060.0,0.6999999999999997,0.5100000000000002,0.05999999999999961,-0.06999999999999984,0.2980000000000018,1.2559999999999985,0.22599999999999998,-0.3719999999999999,34.881756097561265,34.881756097560356,34.881756097561265,34.881756097561265,317.33699999999953,364.83299999999963,306.71299999999974,284.27900000000045
1995-01-01,-0.28000000000000114,0,0,5.8,6.0,5.6,6.3,1.549999999999983,0.35000000000002274,0.549999999999983,0.5999999999999943,-0.1750000000000007,-0.17499999999999893,-0.1750000000000007,-0.15000000000000036,-37.5,-37.5,-37.5,1060.0,0.5,0.6999999999999997,0.5100000000000002,0.05999999999999961,0.31099999999999994,0.2980000000000018,1.2559999999999985,0.22599999999999998,34.881756097561265,34.881756097561265,34.881756097560356,34.881756097561265,339.6359999999995,317.33699999999953,364.83299999999963,306.71299999999974
1995-04-01,0.8900000000000006,0,0,6.1,5.8,6.0,5.6,0.45000000000001705,1.549999999999983,0.35000000000002274,0.549999999999983,-0.17499999999999893,-0.1750000000000007,-0.17499999999999893,-0.1750000000000007,-37.5,-37.5,-37.5,-37.5,0.7700000000000005,0.5,0.6999999999999997,0.5100000000000002,0.22250000000000014,0.31099999999999994,0.2980000000000018,1.2559999999999985,34.881756097560356,34.881756097561265,34.881756097561265,34.881756097560356,275.3580000000002,339.6359999999995,317.33699999999953,364.83299999999963
1995-07-01,1.25,0,0,5.9,6.1,5.8,6.0,1.0999999999999943,0.45000000000001705,1.549999999999983,0.35000000000002274,-0.025000000000000355,-0.17499999999999893,-0.1750000000000007,-0.17499999999999893,185.0,-37.5,-37.5,-37.5,0.5199999999999996,0.7700000000000005,0.5,0.6999999999999997,-0.8275000000000006,0.22250000000000014,0.31099999999999994,0.2980000000000018,34.881756097561265,34.881756097560356,34.881756097561265,34.881756097561265,249.92200000000048,275.3580000000002,339.6359999999995,317.33699999999953
1995-10-01,0.730000000000004,0,0,6.5,5.9,6.1,5.8,1.1999999999999886,1.0999999999999943,0.45000000000001705,1.549999999999983,-0.025000000000000355,-0.025000000000000355,-0.17499999999999893,-0.1750000000000007,185.0,185.0,-37.5,-37.5,-0.20000000000000018,0.5199999999999996,0.7700000000000005,0.5,-0.7125000000000004,-0.8275000000000006,0.22250000000000014,0.31099999999999994,34.881756097561265,34.881756097561265,34.881756097560356,34.881756097561265,227.83700000000044,249.92200000000048,275.3580000000002,339.6359999999995
1996-01-01,1.1700000000000017,0,0,6.0,6.5,5.9,6.1,-0.4000000000000057,1.1999999999999886,1.0999999999999943,0.45000000000001705,-0.025000000000000355,-0.025000000000000355,-0.025000000000000355,-0.17499999999999893,185.0,185.0,185.0,-37.5,-0.08999999999999986,-0.20000000000000018,0.5199999999999996,0.7700000000000005,-0.13250000000000028,-0.7125000000000004,-0.8275000000000006,0.22250000000000014,34.881756097561265,34.881756097561265,34.881756097561265,34.881756097560356,250.29700000000048,227.83700000000044,249.92200000000048,275.3580000000002
1996-04-01,-1.3500000000000085,0,1,5.9,6.0,6.5,5.9,1.1000000000000227,-0.4000000000000057,1.1999999999999886,1.0999999999999943,-0.025000000000000355,-0.025000000000000355,-0.025000000000000355,-0.025000000000000355,185.0,185.0,185.0,185.0,-0.20000000000000018,-0.08999999999999986,-0.20000000000000018,0.5199999999999996,-0.4450000000000003,-0.13250000000000028,-0.7125000000000004,-0.8275000000000006,34.881756097561265,34.881756097561265,34.881756097561265,34.881756097561265,287.47099999999955,250.29700000000048,227.83700000000044,249.92200000000048
1996-07-01,-1.009999999999991,0,0,5.8,5.9,6.0,6.5,1.8999999999999773,1.1000000000000227,-0.4000000000000057,1.1999999999999886,-0.09999999999999964,-0.025000000000000355,-0.025000000000000355,-0.025000000000000355,-352.5,185.0,185.0,185.0,-0.33999999999999986,-0.20000000000000018,-0.08999999999999986,-0.20000000000000018,0.8950000000000014,-0.4450000000000003,-0.13250000000000028,-0.7125000000000004,34.881756097561265,34.881756097561265,34.881756097561265,34.881756097561265,349.71500000000015,287.47099999999955,250.29700000000048,227.83700000000044
1996-10-01,0.6899999999999977,0,0,6.4,5.8,5.9,6.0,1.4000000000000057,1.8999999999999773,1.1000000000000227,-0.4000000000000057,-0.09999999999999964,-0.09999999999999964,-0.025000000000000355,-0.025000000000000355,-352.5,-352.5,185.0,185.0,0.1800000000000006,-0.33999999999999986,-0.20000000000000018,-0.08999999999999986,0.3200000000000003,0.8950000000000014,-0.4450000000000003,-0.13250000000000028,34.881756097561265,34.881756097561265,34.881756097561265,34.881756097561265,358.8220000000001,349.71500000000015,287.47099999999955,250.29700000000048
1997-01-01,0.4200000000000017,0,0,5.9,6.4,5.8,5.9,0.9000000000000057,1.4000000000000057,1.8999999999999773,1.1000000000000227,-0.09999999999999964,-0.09999999999999964,-0.09999999999999964,-0.025000000000000355,-352.5,-352.5,-352.5,185.0,-0.16000000000000014,0.1800000000000006,-0.33999999999999986,-0.20000000000000018,-0.33000000000000096,0.3200000000000003,0.8950000000000014,-0.4450000000000003,34.881756097560356,34.881756097561265,34.881756097561265,34.881756097561265,391.3030000000008,358.8220000000001,349.71500000000015,287.47099999999955
1997-04-01,-0.4200000000000017,0,1,6.0,5.9,6.4,5.8,0.5999999999999943,0.9000000000000057,1.4000000000000057,1.8999999999999773,-0.09999999999999964,-0.09999999999999964,-0.09999999999999964,-0.09999999999999964,-352.5,-352.5,-352.5,-352.5,0.009999999999999787,-0.16000000000000014,0.1800000000000006,-0.33999999999999986,-0.09100000000000019,-0.33000000000000096,0.3200000000000003,0.8950000000000014,34.881756097560356,34.881756097560356,34.881756097561265,34.881756097561265,329.8150000000005,391.3030000000008,358.8220000000001,349.71500000000015
1997-07-01,0.9599999999999937,0,0,5.5,6.0,5.9,6.4,0.4000000000000057,0.5999999999999943,0.9000000000000057,1.4000000000000057,-0.15000000000000036,-0.09999999999999964,-0.09999999999999964,-0.09999999999999964,500.0,-352.5,-352.5,-352.5,0.2599999999999998,0.009999999999999787,-0.16000000000000014,0.1800000000000006,0.3185000000000002,-0.09100000000000019,-0.33000000000000096,0.3200000000000003,34.881756097561265,34.881756097560356,34.881756097560356,34.881756097561265,387.41700000000037,329.8150000000005,391.3030000000008,358.8220000000001
1997-10-01,0.7800000000000011,0,0,6.1,5.5,6.0,5.9,0.9000000000000057,0.4000000000000057,0.5999999999999943,0.9000000000000057,-0.15000000000000036,-0.15000000000000036,-0.09999999999999964,-0.09999999999999964,500.0,500.0,-352.5,-352.5,0.009999999999999787,0.2599999999999998,0.009999999999999787,-0.16000000000000014,-0.6450000000000005,0.3185000000000002,-0.09100000000000019,-0.33000000000000096,34.881756097561265,34.881756097561265,34.881756097560356,34.881756097560356,403.0519999999997,387.41700000000037,329.8150000000005,391.3030000000008
1998-01-01,1.480000000000004,0,0,6.0,6.1,5.5,6.0,-0.20000000000001705,0.9000000000000057,0.4000000000000057,0.5999999999999943,-0.15000000000000036,-0.15000000000000036,-0.15000000000000036,-0.09999999999999964,500.0,500.0,500.0,-352.5,-0.019999999999999574,0.009999999999999787,0.2599999999999998,0.009999999999999787,-0.20350000000000001,-0.6450000000000005,0.3185000000000002,-0.09100000000000019,34.881756097560356,34.881756097561265,34.881756097561265,34.881756097560356,403.2519999999986,403.0519999999997,387.41700000000037,329.8150000000005
1998-04-01,0.14000000000000057,0,0,6.1,6.0,6.1,5.5,-0.19999999999998863,-0.20000000000001705,0.9000000000000057,0.4000000000000057,-0.15000000000000036,-0.15000000000000036,-0.15000000000000036,-0.15000000000000036,500.0,500.0,500.0,500.0,0.05999999999999961,-0.019999999999999574,0.009999999999999787,0.2599999999999998,-0.2999999999999998,-0.20350000000000001,-0.6450000000000005,0.3185000000000002,34.881756097561265,34.881756097560356,34.881756097561265,34.881756097561265,347.65499999999884,403.2519999999986,403.0519999999997,387.41700000000037
1998-07-01,0.5499999999999972,0,0,5.2,6.1,6.0,6.1,1.0500000000000114,-0.19999999999998863,-0.20000000000001705,0.9000000000000057,-0.1999999999999993,-0.15000000000000036,-0.15000000000000036,-0.15000000000000036,1960.0,500.0,500.0,500.0,-0.10999999999999943,0.05999999999999961,-0.019999999999999574,0.009999999999999787,0.1460000000000008,-0.2999999999999998,-0.20350000000000001,-0.6450000000000005,34.881756097561265,34.881756097561265,34.881756097560356,34.881756097561265,306.8760000000002,347.65499999999884,403.2519999999986,403.0519999999997
1998-10-01,1.1799999999999926,0,1,5.7,5.2,6.1,6.0,1.3499999999999943,1.0500000000000114,-0.19999999999998863,-0.20000000000001705,-0.1999999999999993,-0.1999999999999993,-0.15000000000000036,-0.15000000000000036,1960.0,1960.0,500.0,500.0,0.08999999999999986,-0.10999999999999943,0.05999999999999961,-0.019999999999999574,-0.1880000000000006,0.1460000000000008,-0.2999999999999998,-0.20350000000000001,34.881756097560356,34.881756097561265,34.881756097561265,34.881756097560356,355.1900000000005,306.8760000000002,347.65499999999884,403.2519999999986
1999-01-01,1.230000000000004,0,0,5.3,5.7,5.2,6.1,-0.05000000000001137,1.3499999999999943,1.0500000000000114,-0.19999999999998863,-0.20000000000000107,-0.1999999999999993,-0.1999999999999993,-0.15000000000000036,1960.0,1960.0,1960.0,500.0,-0.46999999999999975,0.08999999999999986,-0.10999999999999943,0.05999999999999961,-0.24200000000000088,-0.1880000000000006,0.1460000000000008,-0.2999999999999998,34.881756097561265,34.881756097560356,34.881756097561265,34.881756097561265,427.5110000000004,355.1900000000005,306.8760000000002,347.65499999999884
1999-04-01,0.8299999999999983,0,0,4.9,5.3,5.7,5.2,0.5500000000000114,-0.05000000000001137,1.3499999999999943,1.0500000000000114,-0.1999999999999993,-0.20000000000000107,-0.1999999999999993,-0.1999999999999993,1960.0,1960.0,1960.0,1960.0,-0.4400000000000004,-0.46999999999999975,0.08999999999999986,-0.10999999999999943,0.07500000000000107,-0.24200000000000088,-0.1880000000000006,0.1460000000000008,34.881756097561265,34.881756097561265,34.881756097560356,34.881756097561265,441.9830000000002,427.5110000000004,355.1900000000005,306.8760000000002
1999-07-01,1.9300000000000068,0,0,4.6,4.9,5.3,5.7,1.049999999999983,0.5500000000000114,-0.05000000000001137,1.3499999999999943,-0.15000000000000036,-0.1999999999999993,-0.20000000000000107,-0.1999999999999993,507.5,1960.0,1960.0,1960.0,0.11000000000000032,-0.4400000000000004,-0.46999999999999975,0.08999999999999986,0.13100000000000023,0.07500000000000107,-0.24200000000000088,-0.1880000000000006,34.881756097560356,34.881756097561265,34.881756097561265,34.881756097560356,405.1129999999994,441.9830000000002,427.5110000000004,355.1900000000005
1999-10-01,1.6499999999999915,0,1,4.8,4.6,4.9,5.3,1.8500000000000227,1.049999999999983,0.5500000000000114,-0.05000000000001137,-0.15000000000000036,-0.15000000000000036,-0.1999999999999993,-0.20000000000000107,507.5,507.5,1960.0,1960.0,0.25,0.11000000000000032,-0.4400000000000004,-0.46999999999999975,0.7159999999999993,0.13100000000000023,0.07500000000000107,-0.24200000000000088,34.881756097561265,34.881756097560356,34.881756097561265,34.881756097561265,392.6350000000002,405.1129999999994,441.9830000000002,427.5110000000004
2000-01-01,2.5900000000000034,0,0,4.2,4.8,4.6,4.9,1.1499999999999773,1.8500000000000227,1.049999999999983,0.5500000000000114,-0.15000000000000036,-0.15000000000000036,-0.15000000000000036,-0.1999999999999993,507.5,507.5,507.5,1960.0,0.20999999999999996,0.25,0.11000000000000032,-0.4400000000000004,0.21999999999999975,0.7159999999999993,0.13100000000000023,0.07500000000000107,34.881756097561265,34.881756097561265,34.881756097560356,34.881756097561265,488.48699999999917,392.6350000000002,405.1129999999994,441.9830000000002
2000-04-01,3.6899999999999977,0,1,4.5,4.2,4.8,4.6,0.35000000000002274,1.1499999999999773,1.8500000000000227,1.049999999999983,-0.14999999999999858,-0.15000000000000036,-0.15000000000000036,-0.15000000000000036,507.5,507.5,507.5,507.5,0.25,0.20999999999999996,0.25,0.11000000000000032,0.35800000000000143,0.21999999999999975,0.7159999999999993,0.13100000000000023,34.881756097560356,34.881756097561265,34.881756097561265,34.881756097560356,475.96900000000096,488.48699999999917,392.6350000000002,405.1129999999994
2000-07-01,2.930000000000007,0,0,3.9,4.5,4.2,4.8,3.049999999999983,0.35000000000002274,1.1499999999999773,1.8500000000000227,0.09999999999999964,-0.14999999999999858,-0.15000000000000036,-0.15000000000000036,-400.0,507.5,507.5,507.5,0.5699999999999994,0.25,0.20999999999999996,0.25,-0.057500000000000995,0.35800000000000143,0.21999999999999975,0.7159999999999993,34.881756097561265,34.881756097560356,34.881756097561265,34.881756097561265,561.0939999999991,475.96900000000096,488.48699999999917,392.6350000000002
2000-10-01,2.789999999999992,0,0,4.7,3.9,4.5,4.2,1.950000000000017,3.049999999999983,0.35000000000002274,1.1499999999999773,0.09999999999999964,0.09999999999999964,-0.14999999999999858,-0.15000000000000036,-400.0,-400.0,507.5,507.5,0.5200000000000005,0.5699999999999994,0.25,0.20999999999999996,-0.004999999999999005,-0.057500000000000995,0.35800000000000143,0.21999999999999975,34.881756097561265,34.881756097561265,34.881756097560356,34.881756097561265,417.996000000001,561.0939999999991,475.96900000000096,488.48699999999917
2001-01-01,4.099999999999994,1,0,4.4,4.7,3.9,4.5,0.3499999999999943,1.950000000000017,3.049999999999983,0.35000000000002274,0.09999999999999964,0.09999999999999964,0.09999999999999964,-0.14999999999999858,-400.0,-400.0,-400.0,507.5,-0.03000000000000025,0.5200000000000005,0.5699999999999994,0.25,-0.3525000000000009,-0.004999999999999005,-0.057500000000000995,0.35800000000000143,44.00162804877982,34.881756097561265,34.881756097561265,34.881756097560356,433.5650000000005,417.996000000001,561.0939999999991,475.96900000000096
2001-04-01,3.8500000000000227,1,0,4.6,4.4,4.7,3.9,0.75,0.3499999999999943,1.950000000000017,3.049999999999983,0.09999999999999964,0.09999999999999964,0.09999999999999964,0.09999999999999964,-400.0,-400.0,-400.0,-400.0,-0.5299999999999994,-0.03000000000000025,0.5200000000000005,0.5699999999999994,-0.7625000000000002,-0.3525000000000009,-0.004999999999999005,-0.057500000000000995,53.1215000000002,44.00162804877982,34.881756097561265,34.881756097561265,222.51100000000042,433.5650000000005,417.996000000001,561.0939999999991
2001-07-01,4.149999999999977,1,0,4.3,4.6,4.4,4.7,1.6999999999999886,0.75,0.3499999999999943,1.950000000000017,0.10000000000000142,0.09999999999999964,0.09999999999999964,0.09999999999999964,-1052.5,-400.0,-400.0,-400.0,-1.1800000000000006,-0.5299999999999994,-0.03000000000000025,0.5200000000000005,0.04499999999999993,-0.7625000000000002,-0.3525000000000009,-0.004999999999999005,53.121500000001106,53.1215000000002,44.00162804877982,34.881756097561265,280.8349999999991,222.51100000000042,433.5650000000005,417.996000000001
2001-10-01,3.0400000000000205,1,0,5.1,4.3,4.6,4.4,1.5999999999999943,1.6999999999999886,0.75,0.3499999999999943,0.09999999999999964,0.10000000000000142,0.09999999999999964,0.09999999999999964,-1052.5,-1052.5,-400.0,-400.0,-1.0299999999999998,-1.1800000000000006,-0.5299999999999994,-0.03000000000000025,0.05000000000000071,0.04499999999999993,-0.7625000000000002,-0.3525000000000009,53.1215000000002,53.121500000001106,53.1215000000002,44.00162804877982,162.27599999999984,280.8349999999991,222.51100000000042,433.5650000000005
2002-01-01,3.6699999999999875,0,0,5.5,5.1,4.3,4.6,1.0,1.5999999999999943,1.6999999999999886,0.75,0.09999999999999964,0.09999999999999964,0.10000000000000142,0.09999999999999964,-1052.5,-1052.5,-1052.5,-400.0,-1.2799999999999998,-1.0299999999999998,-1.1800000000000006,-0.5299999999999994,-0.5100000000000007,0.05000000000000071,0.04499999999999993,-0.7625000000000002,48.38499999999931,53.1215000000002,53.121500000001106,53.1215000000002,190.23400000000038,162.27599999999984,280.8349999999991,222.51100000000042
2002-04-01,5.259999999999991,0,0,5.8,5.5,5.1,4.3,-0.19999999999998863,1.0,1.5999999999999943,1.6999999999999886,0.09999999999999964,0.09999999999999964,0.09999999999999964,0.10000000000000142,-1052.5,-1052.5,-1052.5,-1052.5,-0.7600000000000002,-1.2799999999999998,-1.0299999999999998,-1.1800000000000006,0.3799999999999999,-0.5100000000000007,0.05000000000000071,0.04499999999999993,43.64850000000024,48.38499999999931,53.1215000000002,53.121500000001106,184.5,190.23400000000038,162.27599999999984,280.8349999999991
2002-07-01,5.070000000000022,0,0,5.3,5.8,5.5,5.1,2.75,-0.19999999999998863,1.0,1.5999999999999943,0.09999999999999964,0.09999999999999964,0.09999999999999964,0.09999999999999964,2037.5,-1052.5,-1052.5,-1052.5,0.020000000000000018,-0.7600000000000002,-1.2799999999999998,-1.0299999999999998,-0.01249999999999929,0.3799999999999999,-0.5100000000000007,0.05000000000000071,43.64850000000024,43.64850000000024,48.38499999999931,53.1215000000002,289.4399999999987,184.5,190.23400000000038,162.27599999999984
2002-10-01,2.859999999999985,0,0,5.6,5.3,5.8,5.5,1.4499999999999886,2.75,-0.19999999999998863,1.0,0.10000000000000142,0.09999999999999964,0.09999999999999964,0.09999999999999964,2037.5,2037.5,-1052.5,-1052.5,-0.020000000000000018,0.020000000000000018,-0.7600000000000002,-1.2799999999999998,-0.5,-0.01249999999999929,0.3799999999999999,-0.5100000000000007,43.64849999999933,43.64850000000024,43.64850000000024,48.38499999999931,323.5750000000007,289.4399999999987,184.5,190.23400000000038
2003-01-01,2.930000000000007,0,0,5.1,5.6,5.3,5.8,1.4000000000000057,1.4499999999999886,2.75,-0.19999999999998863,0.09999999999999964,0.10000000000000142,0.09999999999999964,0.09999999999999964,2037.5,2037.5,2037.5,-1052.5,0.020000000000000018,-0.020000000000000018,0.020000000000000018,-0.7600000000000002,-0.3725000000000005,-0.5,-0.01249999999999929,0.3799999999999999,39.77549999999974,43.64849999999933,43.64850000000024,43.64850000000024,277.9330000000009,323.5750000000007,289.4399999999987,184.5
2003-04-01,3.1599999999999966,0,0,5.5,5.1,5.6,5.3,0.700000000000017,1.4000000000000057,1.4499999999999886,2.75,0.09999999999999964,0.09999999999999964,0.10000000000000142,0.09999999999999964,2037.5,2037.5,2037.5,2037.5,-0.51,0.020000000000000018,-0.020000000000000018,0.020000000000000018,-0.19649999999999945,-0.3725000000000005,-0.5,-0.01249999999999929,35.902500000000146,39.77549999999974,43.64849999999933,43.64850000000024,286.6690000000017,277.9330000000009,323.5750000000007,289.4399999999987
2003-07-01,5.159999999999997,0,1,5.1,5.5,5.1,5.6,2.4499999999999886,0.700000000000017,1.4000000000000057,1.4499999999999886,0.05000000000000071,0.09999999999999964,0.09999999999999964,0.10000000000000142,-1047.5,2037.5,2037.5,2037.5,0.020000000000000018,-0.51,0.020000000000000018,-0.020000000000000018,-0.10350000000000037,-0.19649999999999945,-0.3725000000000005,-0.5,35.902500000000146,35.902500000000146,39.77549999999974,43.64849999999933,328.72599999999875,286.6690000000017,277.9330000000009,323.5750000000007
2003-10-01,8.960000000000008,0,1,5.7,5.1,5.5,5.1,1.4499999999999886,2.4499999999999886,0.700000000000017,1.4000000000000057,0.049999999999998934,0.05000000000000071,0.09999999999999964,0.09999999999999964,-1047.5,-1047.5,2037.5,2037.5,-0.25,0.020000000000000018,-0.51,0.020000000000000018,-0.17999999999999972,-0.10350000000000037,-0.19649999999999945,-0.3725000000000005,35.902500000000146,35.902500000000146,35.902500000000146,39.77549999999974,505.23599999999897,328.72599999999875,286.6690000000017,277.9330000000009
2004-01-01,5.530000000000001,0,0,5.2,5.7,5.1,5.5,0.4000000000000057,1.4499999999999886,2.4499999999999886,0.700000000000017,0.05000000000000071,0.049999999999998934,0.05000000000000071,0.09999999999999964,-1047.5,-1047.5,-1047.5,2037.5,0.0,-0.25,0.020000000000000018,-0.51,0.3194999999999997,-0.17999999999999972,-0.10350000000000037,-0.19649999999999945,35.988250000000335,35.902500000000146,35.902500000000146,35.902500000000146,598.1049999999996,505.23599999999897,328.72599999999875,286.6690000000017
2004-04-01,9.469999999999999,0,0,5.6,5.2,5.7,5.1,0.09999999999999432,0.4000000000000057,1.4499999999999886,2.4499999999999886,0.049999999999998934,0.05000000000000071,0.049999999999998934,0.05000000000000071,-1047.5,-1047.5,-1047.5,-1047.5,-0.010000000000000009,0.0,-0.25,0.020000000000000018,-0.2394999999999996,0.3194999999999997,-0.17999999999999972,-0.10350000000000037,36.074000000000524,35.988250000000335,35.902500000000146,35.902500000000146,610.6810000000005,598.1049999999996,505.23599999999897,328.72599999999875
2004-07-01,17.44999999999999,0,0,5.1,5.6,5.2,5.7,2.75,0.09999999999999432,0.4000000000000057,1.4499999999999886,-0.02499999999999858,0.049999999999998934,0.05000000000000071,0.049999999999998934,105.0,-1047.5,-1047.5,-1047.5,0.0,-0.010000000000000009,0.0,-0.25,0.11749999999999972,-0.2394999999999996,0.3194999999999997,-0.17999999999999972,36.073999999999614,36.074000000000524,35.988250000000335,35.902500000000146,546.1460000000006,610.6810000000005,598.1049999999996,505.23599999999897
2004-10-01,7.689999999999998,0,1,6.0,5.1,5.6,5.2,1.950000000000017,2.75,0.09999999999999432,0.4000000000000057,-0.025000000000000355,-0.02499999999999858,0.049999999999998934,0.05000000000000071,105.0,105.0,-1047.5,-1047.5,0.26,0.0,-0.010000000000000009,0.0,0.22599999999999998,0.11749999999999972,-0.2394999999999996,0.3194999999999997,36.073999999999614,36.073999999999614,36.074000000000524,35.988250000000335,533.0730000000003,546.1460000000006,610.6810000000005,598.1049999999996
2005-01-01,10.04000000000002,0,1,5.6,6.0,5.1,5.6,1.4499999999999886,1.950000000000017,2.75,0.09999999999999432,-0.025000000000000355,-0.025000000000000355,-0.02499999999999858,0.049999999999998934,105.0,105.0,105.0,-1047.5,0.5,0.26,0.0,-0.010000000000000009,-0.3334999999999999,0.22599999999999998,0.11749999999999972,-0.2394999999999996,35.722749999999905,36.073999999999614,36.073999999999614,36.074000000000524,603.7669999999998,533.0730000000003,546.1460000000006,610.6810000000005
2005-04-01,17.00999999999999,0,0,5.7,5.6,6.0,5.1,1.3499999999999943,1.4499999999999886,1.950000000000017,2.75,-0.025000000000000355,-0.025000000000000355,-0.025000000000000355,-0.02499999999999858,105.0,105.0,105.0,105.0,0.5199999999999998,0.5,0.26,0.0,-0.012500000000000178,-0.3334999999999999,0.22599999999999998,0.11749999999999972,35.3715000000002,35.722749999999905,36.073999999999614,36.073999999999614,654.4709999999995,603.7669999999998,533.0730000000003,546.1460000000006
2005-07-01,13.279999999999973,0,0,5.1,5.7,5.6,6.0,2.9000000000000057,1.3499999999999943,1.4499999999999886,1.950000000000017,-0.07499999999999929,-0.025000000000000355,-0.025000000000000355,-0.025000000000000355,792.5,105.0,105.0,105.0,0.5100000000000002,0.5199999999999998,0.5,0.26,0.14500000000000046,-0.012500000000000178,-0.3334999999999999,0.22599999999999998,35.3715000000002,35.3715000000002,35.722749999999905,36.073999999999614,617.3490000000002,654.4709999999995,603.7669999999998,533.0730000000003
2005-10-01,11.200000000000045,0,0,5.3,5.1,5.7,5.6,1.700000000000017,2.9000000000000057,1.3499999999999943,1.4499999999999886,-0.07500000000000107,-0.07499999999999929,-0.025000000000000355,-0.025000000000000355,792.5,792.5,105.0,105.0,0.46999999999999975,0.5100000000000002,0.5199999999999998,0.5,-0.16000000000000014,0.14500000000000046,-0.012500000000000178,-0.3334999999999999,35.37149999999929,35.3715000000002,35.3715000000002,35.722749999999905,615.4279999999999,617.3490000000002,654.4709999999995,603.7669999999998
2006-01-01,5.310000000000002,0,1,4.7,5.3,5.1,5.7,2.1499999999999773,1.700000000000017,2.9000000000000057,1.3499999999999943,-0.07499999999999929,-0.07500000000000107,-0.07499999999999929,-0.025000000000000355,792.5,792.5,792.5,105.0,0.52,0.46999999999999975,0.5100000000000002,0.5199999999999998,0.3700000000000001,-0.16000000000000014,0.14500000000000046,-0.012500000000000178,26.62199999999939,35.37149999999929,35.3715000000002,35.3715000000002,556.9179999999997,615.4279999999999,617.3490000000002,654.4709999999995
2006-04-01,4.3799999999999955,0,0,4.7,4.7,5.3,5.1,0.6500000000000057,2.1499999999999773,1.700000000000017,2.9000000000000057,-0.07499999999999929,-0.07499999999999929,-0.07500000000000107,-0.07499999999999929,792.5,792.5,792.5,792.5,0.5100000000000002,0.52,0.46999999999999975,0.5100000000000002,0.07999999999999918,0.3700000000000001,-0.16000000000000014,0.14500000000000046,17.87249999999949,26.62199999999939,35.37149999999929,35.3715000000002,676.503999999999,556.9179999999997,615.4279999999999,617.3490000000002
2006-07-01,1.2299999999999613,0,0,4.3,4.7,4.7,5.3,2.1500000000000057,0.6500000000000057,2.1499999999999773,1.700000000000017,0.09999999999999964,-0.07499999999999929,-0.07499999999999929,-0.07500000000000107,375.0,792.5,792.5,792.5,0.5,0.5100000000000002,0.52,0.46999999999999975,0.3625000000000007,0.07999999999999918,0.3700000000000001,-0.16000000000000014,17.8725000000004,17.87249999999949,26.62199999999939,35.37149999999929,610.7820000000011,676.503999999999,556.9179999999997,615.4279999999999
2006-10-01,2.0500000000000114,0,0,5.2,4.3,4.7,4.7,3.6500000000000057,2.1500000000000057,0.6500000000000057,2.1499999999999773,0.09999999999999964,0.09999999999999964,-0.07499999999999929,-0.07499999999999929,375.0,375.0,792.5,792.5,0.4500000000000002,0.5,0.5100000000000002,0.52,0.2549999999999999,0.3625000000000007,0.07999999999999918,0.3700000000000001,17.8725000000004,17.8725000000004,17.87249999999949,26.62199999999939,545.9840000000004,610.7820000000011,676.503999999999,556.9179999999997
2007-01-01,-1.839999999999975,0,0,4.5,5.2,4.3,4.7,-0.75,3.6500000000000057,2.1500000000000057,0.6500000000000057,0.09999999999999964,0.09999999999999964,0.09999999999999964,-0.07499999999999929,375.0,375.0,375.0,792.5,0.009999999999999787,0.4500000000000002,0.5,0.5100000000000002,-0.40500000000000025,0.2549999999999999,0.3625000000000007,0.07999999999999918,20.941499999999905,17.8725000000004,17.8725000000004,17.87249999999949,440.39999999999964,545.9840000000004,610.7820000000011,676.503999999999
2007-04-01,-2.009999999999991,0,0,4.8,4.5,5.2,4.3,0.4509999999999934,-0.75,3.6500000000000057,2.1500000000000057,0.09999999999999964,0.09999999999999964,0.09999999999999964,0.09999999999999964,375.0,375.0,375.0,375.0,0.0,0.009999999999999787,0.4500000000000002,0.5,-0.13999999999999968,-0.40500000000000025,0.2549999999999999,0.3625000000000007,24.01050000000032,20.941499999999905,17.8725000000004,17.8725000000004,462.22699999999895,440.39999999999964,545.9840000000004,610.7820000000011
2007-07-01,-6.1299999999999955,0,0,3.9,4.8,4.5,5.2,4.175000000000011,0.4509999999999934,-0.75,3.6500000000000057,0.125,0.09999999999999964,0.09999999999999964,0.09999999999999964,1007.5,375.0,375.0,375.0,0.0,0.0,0.009999999999999787,0.4500000000000002,-0.03750000000000053,-0.13999999999999968,-0.40500000000000025,0.2549999999999999,24.01050000000032,24.01050000000032,20.941499999999905,17.8725000000004,531.8940000000002,462.22699999999895,440.39999999999964,545.9840000000004
2007-10-01,-6.2900000000000205,1,0,4.6,3.9,4.8,4.5,1.921999999999997,4.175000000000011,0.4509999999999934,-0.75,0.125,0.125,0.09999999999999964,0.09999999999999964,1007.5,1007.5,375.0,375.0,0.009999999999999787,0.0,0.0,0.009999999999999787,0.5150000000000006,-0.03750000000000053,-0.13999999999999968,-0.40500000000000025,24.01050000000032,24.01050000000032,24.01050000000032,20.941499999999905,524.5570000000007,531.8940000000002,462.22699999999895,440.39999999999964
2008-01-01,-7.389999999999986,1,0,4.1,4.6,3.9,4.8,1.195999999999998,1.921999999999997,4.175000000000011,0.4509999999999934,0.125,0.125,0.125,0.09999999999999964,1007.5,1007.5,1007.5,375.0,-0.5,0.009999999999999787,0.0,0.0,-0.3200000000000003,0.5150000000000006,-0.03750000000000053,-0.13999999999999968,28.230999999999767,24.01050000000032,24.01050000000032,24.01050000000032,499.40700000000106,524.5570000000007,531.8940000000002,462.22699999999895
2008-04-01,-16.28000000000003,1,0,4.4,4.1,4.6,3.9,2.1929999999999836,1.195999999999998,1.921999999999997,4.175000000000011,0.125,0.125,0.125,0.125,1007.5,1007.5,1007.5,1007.5,-0.8199999999999998,-0.5,0.009999999999999787,0.0,-0.617,-0.3200000000000003,0.5150000000000006,-0.03750000000000053,32.451500000000124,28.230999999999767,24.01050000000032,24.01050000000032,304.45600000000013,499.40700000000106,524.5570000000007,531.8940000000002
2008-07-01,-12.349999999999994,1,0,4.0,4.4,4.1,4.6,2.952500000000015,2.1929999999999836,1.195999999999998,1.921999999999997,0.27500000000000036,0.125,0.125,0.125,-762.5,1007.5,1007.5,1007.5,-1.6600000000000001,-0.8199999999999998,-0.5,0.009999999999999787,0.15950000000000042,-0.617,-0.3200000000000003,0.5150000000000006,32.451500000000124,32.451500000000124,28.230999999999767,24.01050000000032,301.5839999999989,304.45600000000013,499.40700000000106,524.5570000000007
2008-10-01,-4.27000000000001,1,0,5.5,4.0,4.4,4.1,5.3785000000000025,2.952500000000015,2.1929999999999836,1.195999999999998,0.27500000000000036,0.27500000000000036,0.125,0.125,-762.5,-762.5,1007.5,1007.5,-0.27,-1.6600000000000001,-0.8199999999999998,-0.5,0.5084999999999988,0.15950000000000042,-0.617,-0.3200000000000003,32.451499999999214,32.451500000000124,32.451500000000124,28.230999999999767,183.9409999999989,301.5839999999989,304.45600000000013,499.40700000000106
2009-01-01,0.19000000000002615,1,0,5.8,5.5,4.0,4.4,-2.6980000000000075,5.3785000000000025,2.952500000000015,2.1929999999999836,0.27500000000000036,0.27500000000000036,0.27500000000000036,0.125,-762.5,-762.5,-762.5,1007.5,-1.0399999999999998,-0.27,-1.6600000000000001,-0.8199999999999998,-0.2259999999999991,0.5084999999999988,0.15950000000000042,-0.617,40.80199999999968,32.451499999999214,32.451500000000124,32.451500000000124,-98.32899999999972,183.9409999999989,301.5839999999989,304.45600000000013
2009-04-01,-7.460000000000008,1,0,7.2,5.8,5.5,4.0,-4.389999999999986,-2.6980000000000075,5.3785000000000025,2.952500000000015,0.27500000000000036,0.27500000000000036,0.27500000000000036,0.27500000000000036,-762.5,-762.5,-762.5,-762.5,-0.82,-1.0399999999999998,-0.27,-1.6600000000000001,-1.1525000000000007,-0.2259999999999991,0.5084999999999988,0.15950000000000042,49.152500000000146,40.80199999999968,32.451499999999214,32.451500000000124,-434.79899999999907,-98.32899999999972,183.9409999999989,301.5839999999989
2009-07-01,-4.8799999999999955,0,0,7.0,7.2,5.8,5.5,1.2764999999999986,-4.389999999999986,-2.6980000000000075,5.3785000000000025,0.1999999999999993,0.27500000000000036,0.27500000000000036,0.27500000000000036,1035.0,-762.5,-762.5,-762.5,0.0,-0.82,-1.0399999999999998,-0.27,-0.23749999999999893,-1.1525000000000007,-0.2259999999999991,0.5084999999999988,49.152500000000146,49.152500000000146,40.80199999999968,32.451499999999214,-517.762999999999,-434.79899999999907,-98.32899999999972,183.9409999999989
2009-10-01,0.6799999999999784,0,0,8.3,7.0,7.2,5.8,2.977499999999992,1.2764999999999986,-4.389999999999986,-2.6980000000000075,0.1999999999999993,0.1999999999999993,0.27500000000000036,0.27500000000000036,1035.0,1035.0,-762.5,-762.5,0.010000000000000009,0.0,-0.82,-1.0399999999999998,0.4119999999999999,-0.23749999999999893,-1.1525000000000007,-0.2259999999999991,49.152500000000146,49.152500000000146,49.152500000000146,40.80199999999968,-159.32700000000114,-517.762999999999,-434.79899999999907,-98.32899999999972
2010-01-01,-2.1999999999999886,0,0,8.5,8.3,7.0,7.2,0.7729999999999961,2.977499999999992,1.2764999999999986,-4.389999999999986,0.20000000000000107,0.1999999999999993,0.1999999999999993,0.27500000000000036,1035.0,1035.0,1035.0,-762.5,-0.04000000000000001,0.010000000000000009,0.0,-0.82,-0.27000000000000046,0.4119999999999999,-0.23749999999999893,-1.1525000000000007,75.19924999999967,49.152500000000146,49.152500000000146,49.152500000000146,220.34699999999975,-159.32700000000114,-517.762999999999,-434.79899999999907
2010-04-01,0.2400000000000091,0,0,8.9,8.5,8.3,7.0,0.5829999999999984,0.7729999999999961,2.977499999999992,1.2764999999999986,0.1999999999999993,0.20000000000000107,0.1999999999999993,0.1999999999999993,1035.0,1035.0,1035.0,1035.0,-0.009999999999999995,-0.04000000000000001,0.010000000000000009,0.0,0.07800000000000029,-0.27000000000000046,0.4119999999999999,-0.23749999999999893,101.2460000000001,75.19924999999967,49.152500000000146,49.152500000000146,383.3739999999998,220.34699999999975,-159.32700000000114,-517.762999999999
2010-07-01,2.6999999999999886,0,0,7.9,8.9,8.5,8.3,1.1140000000000043,0.5829999999999984,0.7729999999999961,2.977499999999992,-0.025000000000000355,0.1999999999999993,0.20000000000000107,0.1999999999999993,-1132.5,1035.0,1035.0,1035.0,0.09000000000000001,-0.009999999999999995,-0.04000000000000001,0.010000000000000009,0.0680000000000005,0.07800000000000029,-0.27000000000000046,0.4119999999999999,101.246000000001,101.2460000000001,75.19924999999967,49.152500000000146,531.3109999999997,383.3739999999998,220.34699999999975,-159.32700000000114
2010-10-01,-0.5099999999999909,0,0,8.6,7.9,8.9,8.5,-0.1220000000000141,1.1140000000000043,0.5829999999999984,0.7729999999999961,-0.02499999999999858,-0.025000000000000355,0.1999999999999993,0.20000000000000107,-1132.5,-1132.5,1035.0,1035.0,-0.020000000000000018,0.09000000000000001,-0.009999999999999995,-0.04000000000000001,-0.5340000000000007,0.0680000000000005,0.07800000000000029,-0.27000000000000046,101.2460000000001,101.246000000001,101.2460000000001,75.19924999999967,490.3580000000002,531.3109999999997,383.3739999999998,220.34699999999975
2011-01-01,-4.710000000000008,0,0,8.2,8.6,7.9,8.9,2.139499999999998,-0.1220000000000141,1.1140000000000043,0.5829999999999984,-0.025000000000000355,-0.02499999999999858,-0.025000000000000355,0.1999999999999993,-1132.5,-1132.5,-1132.5,1035.0,0.010000000000000009,-0.020000000000000018,0.09000000000000001,-0.009999999999999995,-0.3390000000000004,-0.5340000000000007,0.0680000000000005,0.07800000000000029,76.87774999999965,101.2460000000001,101.246000000001,101.2460000000001,544.8639999999996,490.3580000000002,531.3109999999997,383.3739999999998
2011-04-01,-0.5500000000000114,0,0,8.6,8.2,8.6,7.9,2.198500000000024,2.139499999999998,-0.1220000000000141,1.1140000000000043,-0.025000000000000355,-0.025000000000000355,-0.02499999999999858,-0.025000000000000355,-1132.5,-1132.5,-1132.5,-1132.5,-0.01999999999999999,0.010000000000000009,-0.020000000000000018,0.09000000000000001,0.5300000000000002,-0.3390000000000004,-0.5340000000000007,0.0680000000000005,52.509500000000116,76.87774999999965,101.2460000000001,101.246000000001,371.255000000001,544.8639999999996,490.3580000000002,531.3109999999997
2011-07-01,2.8200000000000216,0,0,7.9,8.6,8.2,8.6,3.494999999999976,2.198500000000024,2.139499999999998,-0.1220000000000141,0.0,-0.025000000000000355,-0.025000000000000355,-0.02499999999999858,2877.5,-1132.5,-1132.5,-1132.5,-0.07,-0.01999999999999999,0.010000000000000009,-0.020000000000000018,0.08499999999999996,0.5300000000000002,-0.3390000000000004,-0.5340000000000007,52.509500000000116,52.509500000000116,76.87774999999965,101.2460000000001,415.9320000000007,371.255000000001,544.8639999999996,490.3580000000002
2011-10-01,2.039999999999992,0,0,8.9,7.9,8.6,8.2,1.9260000000000161,3.494999999999976,2.198500000000024,2.139499999999998,0.0,0.0,-0.025000000000000355,-0.025000000000000355,2877.5,2877.5,-1132.5,-1132.5,-0.03,-0.07,-0.01999999999999999,0.010000000000000009,-0.29499999999999993,0.08499999999999996,0.5300000000000002,-0.3390000000000004,52.509500000000116,52.509500000000116,52.509500000000116,76.87774999999965,338.20600000000013,415.9320000000007,371.255000000001,544.8639999999996
2012-01-01,-1.1699999999999875,0,0,8.4,8.9,7.9,8.6,0.25899999999998613,1.9260000000000161,3.494999999999976,2.198500000000024,0.0,0.0,0.0,-0.025000000000000355,2877.5,2877.5,2877.5,-1132.5,0.0,-0.03,-0.07,-0.01999999999999999,-0.47750000000000004,-0.29499999999999993,0.08499999999999996,0.5300000000000002,50.64899999999943,52.509500000000116,52.509500000000116,52.509500000000116,490.8109999999997,338.20600000000013,415.9320000000007,371.255000000001
2012-04-01,-0.46000000000000796,0,0,8.4,8.4,8.9,7.9,0.5440000000000111,0.25899999999998613,1.9260000000000161,3.494999999999976,0.0,0.0,0.0,0.0,2877.5,2877.5,2877.5,2877.5,0.009999999999999995,0.0,-0.03,-0.07,-0.15249999999999986,-0.47750000000000004,-0.29499999999999993,0.08499999999999996,48.78849999999966,50.64899999999943,52.509500000000116,52.509500000000116,511.2659999999996,490.8109999999997,338.20600000000013,415.9320000000007
2012-07-01,3.25,0,0,7.3,8.4,8.4,8.9,3.346499999999992,0.5440000000000111,0.25899999999998613,1.9260000000000161,-0.05000000000000071,0.0,0.0,0.0,-1905.0,2877.5,2877.5,2877.5,0.06000000000000001,0.009999999999999995,0.0,-0.03,-0.004999999999999893,-0.15249999999999986,-0.47750000000000004,-0.29499999999999993,48.78850000000057,48.78849999999966,50.64899999999943,52.509500000000116,559.4349999999995,511.2659999999996,490.8109999999997,338.20600000000013
2012-10-01,1.5199999999999818,0,0,8.3,7.3,8.4,8.4,-0.5964999999999918,3.346499999999992,0.5440000000000111,0.25899999999998613,-0.049999999999998934,-0.05000000000000071,0.0,0.0,-1905.0,-1905.0,2877.5,2877.5,0.01999999999999999,0.06000000000000001,0.009999999999999995,0.0,-0.3600000000000003,-0.004999999999999893,-0.15249999999999986,-0.47750000000000004,48.78849999999966,48.78850000000057,48.78849999999966,50.64899999999943,477.28199999999924,559.4349999999995,511.2659999999996,490.8109999999997
2013-01-01,1.6200000000000045,0,0,7.5,8.3,7.3,8.4,2.2154999999999916,-0.5964999999999918,3.346499999999992,0.5440000000000111,-0.05000000000000071,-0.049999999999998934,-0.05000000000000071,0.0,-1905.0,-1905.0,-1905.0,2877.5,0.0,0.01999999999999999,0.06000000000000001,0.009999999999999995,-0.16749999999999954,-0.3600000000000003,-0.004999999999999893,-0.15249999999999986,45.701749999999265,48.78849999999966,48.78850000000057,48.78849999999966,351.6140000000014,477.28199999999924,559.4349999999995,511.2659999999996
2013-04-01,4.210000000000008,0,0,8.1,7.5,8.3,7.3,-0.48649999999997817,2.2154999999999916,-0.5964999999999918,3.346499999999992,-0.049999999999998934,-0.05000000000000071,-0.049999999999998934,-0.05000000000000071,-1905.0,-1905.0,-1905.0,-1905.0,-0.01999999999999999,0.0,0.01999999999999999,0.06000000000000001,0.03149999999999986,-0.16749999999999954,-0.3600000000000003,-0.004999999999999893,42.61500000000069,45.701749999999265,48.78849999999966,48.78850000000057,441.0739999999987,351.6140000000014,477.28199999999924,559.4349999999995
2013-07-01,3.1100000000000136,0,0,7.0,8.1,7.5,8.3,2.0149999999999864,-0.48649999999997817,2.2154999999999916,-0.5964999999999918,0.0,-0.049999999999998934,-0.05000000000000071,-0.049999999999998934,2312.5,-1905.0,-1905.0,-1905.0,0.009999999999999981,-0.01999999999999999,0.0,0.01999999999999999,0.03100000000000014,0.03149999999999986,-0.16749999999999954,-0.3600000000000003,42.61500000000069,42.61500000000069,45.701749999999265,48.78849999999966,409.14600000000246,441.0739999999987,351.6140000000014,477.28199999999924
2013-10-01,1.5999999999999943,0,0,7.8,7.0,8.1,7.5,0.6899999999999977,2.0149999999999864,-0.48649999999997817,2.2154999999999916,0.0,0.0,-0.049999999999998934,-0.05000000000000071,2312.5,2312.5,-1905.0,-1905.0,-0.06,0.009999999999999981,-0.01999999999999999,0.0,0.9249999999999998,0.03100000000000014,0.03149999999999986,-0.16749999999999954,42.61499999999978,42.61500000000069,42.61500000000069,45.701749999999265,533.418999999998,409.14600000000246,441.0739999999987,351.6140000000014
2014-01-01,1.6599999999999966,0,0,7.8,7.8,7.0,8.1,1.3729999999999905,0.6899999999999977,2.0149999999999864,-0.48649999999997817,0.0,0.0,0.0,-0.049999999999998934,2312.5,2312.5,2312.5,-1905.0,0.0,-0.06,0.009999999999999981,-0.01999999999999999,-0.17799999999999994,0.9249999999999998,0.03100000000000014,0.03149999999999986,38.76475000000028,42.61499999999978,42.61500000000069,42.61500000000069,543.8300000000017,533.418999999998,409.14600000000246,441.0739999999987
2014-04-01,4.799999999999983,0,1,7.0,7.8,7.8,7.0,0.12800000000001432,1.3729999999999905,0.6899999999999977,2.0149999999999864,0.0,0.0,0.0,0.0,2312.5,2312.5,2312.5,2312.5,-0.01999999999999999,0.0,-0.06,0.009999999999999981,0.2400000000000002,-0.17799999999999994,0.9249999999999998,0.03100000000000014,34.91449999999986,38.76475000000028,42.61499999999978,42.61500000000069,469.0509999999995,543.8300000000017,533.418999999998,409.14600000000246
2014-07-01,1.8500000000000227,0,0,6.1,7.0,7.8,7.8,2.337999999999994,0.12800000000001432,1.3729999999999905,0.6899999999999977,-0.32500000000000107,0.0,0.0,0.0,580.0,2312.5,2312.5,2312.5,0.01999999999999999,-0.01999999999999999,0.0,-0.06,-0.09450000000000003,0.2400000000000002,-0.17799999999999994,0.9249999999999998,34.91449999999986,34.91449999999986,38.76475000000028,42.61499999999978,564.6700000000019,469.0509999999995,543.8300000000017,533.418999999998
2014-10-01,3.2099999999999795,0,0,7.2,6.1,7.0,7.8,0.3089999999999975,2.337999999999994,0.12800000000001432,1.3729999999999905,-0.3249999999999993,-0.32500000000000107,0.0,0.0,580.0,580.0,2312.5,2312.5,0.0,0.01999999999999999,-0.01999999999999999,0.0,-0.20750000000000046,-0.09450000000000003,0.2400000000000002,-0.17799999999999994,34.91449999999986,34.91449999999986,34.91449999999986,38.76475000000028,612.2089999999989,564.6700000000019,469.0509999999995,543.8300000000017
2015-01-01,1.240000000000009,0,0,6.3,7.2,6.1,7.0,-0.022999999999996135,0.3089999999999975,2.337999999999994,0.12800000000001432,-0.32500000000000107,-0.3249999999999993,-0.32500000000000107,0.0,580.0,580.0,580.0,2312.5,0.0,0.0,0.01999999999999999,-0.01999999999999999,-0.0940000000000003,-0.20750000000000046,-0.09450000000000003,0.2400000000000002,33.15099999999893,34.91449999999986,34.91449999999986,34.91449999999986,714.3410000000003,612.2089999999989,564.6700000000019,469.0509999999995
2015-04-01,3.1899999999999977,0,0,6.5,6.3,7.2,6.1,-3.1759999999999877,-0.022999999999996135,0.3089999999999975,2.337999999999994,-0.3249999999999993,-0.32500000000000107,-0.3249999999999993,-0.32500000000000107,580.0,580.0,580.0,580.0,0.020000000000000004,0.0,0.0,0.01999999999999999,-0.36599999999999966,-0.0940000000000003,-0.20750000000000046,-0.09450000000000003,31.387499999999818,33.15099999999893,34.91449999999986,34.91449999999986,545.020999999997,714.3410000000003,612.2089999999989,564.6700000000019
2015-07-01,2.25,0,0,5.5,6.5,6.3,7.2,3.7779999999999916,-3.1759999999999877,-0.022999999999996135,0.3089999999999975,-0.1999999999999993,-0.3249999999999993,-0.32500000000000107,-0.3249999999999993,90.0,580.0,580.0,580.0,0.009999999999999995,0.020000000000000004,0.0,0.0,0.002000000000000224,-0.36599999999999966,-0.0940000000000003,-0.20750000000000046,31.387500000000728,31.387499999999818,33.15099999999893,34.91449999999986,475.5560000000005,545.020999999997,714.3410000000003,612.2089999999989
2015-10-01,1.0200000000000102,0,0,6.2,5.5,6.5,6.3,0.08699999999998909,3.7779999999999916,-3.1759999999999877,-0.022999999999996135,-0.20000000000000107,-0.1999999999999993,-0.3249999999999993,-0.32500000000000107,90.0,90.0,580.0,580.0,0.010000000000000009,0.009999999999999995,0.020000000000000004,0.0,0.3740000000000001,0.002000000000000224,-0.36599999999999966,-0.0940000000000003,31.387499999999818,31.387500000000728,31.387499999999818,33.15099999999893,489.54699999999866,475.5560000000005,545.020999999997,714.3410000000003
2016-01-01,0.9899999999999807,0,0,5.6,6.2,5.5,6.5,0.859499999999997,0.08699999999998909,3.7779999999999916,-3.1759999999999877,-0.1999999999999993,-0.20000000000000107,-0.1999999999999993,-0.3249999999999993,90.0,90.0,90.0,580.0,-0.010000000000000009,0.010000000000000009,0.009999999999999995,0.020000000000000004,-0.25000000000000044,0.3740000000000001,0.002000000000000224,-0.36599999999999966,29.742750000000342,31.387499999999818,31.387500000000728,31.387499999999818,371.6080000000002,489.54699999999866,475.5560000000005,545.020999999997
2016-04-01,3.7200000000000273,0,0,5.4,5.6,6.2,5.5,-1.0444999999999993,0.859499999999997,0.08699999999998909,3.7779999999999916,-0.20000000000000107,-0.1999999999999993,-0.20000000000000107,-0.1999999999999993,90.0,90.0,90.0,90.0,0.22000000000000003,-0.010000000000000009,0.010000000000000009,0.009999999999999995,0.07650000000000023,-0.25000000000000044,0.3740000000000001,0.002000000000000224,28.098000000000866,29.742750000000342,31.387499999999818,31.387500000000728,246.14900000000125,371.6080000000002,489.54699999999866,475.5560000000005
2016-07-01,2.549999999999983,0,0,4.6,5.4,5.6,6.2,2.977000000000004,-1.0444999999999993,0.859499999999997,0.08699999999998909,-0.09999999999999964,-0.20000000000000107,-0.1999999999999993,-0.20000000000000107,2770.0,90.0,90.0,90.0,0.02999999999999997,0.22000000000000003,-0.010000000000000009,0.010000000000000009,-0.26750000000000007,0.07650000000000023,-0.25000000000000044,0.3740000000000001,28.097999999999956,28.098000000000866,29.742750000000342,31.387499999999818,310.07600000000093,246.14900000000125,371.6080000000002,489.54699999999866
2016-10-01,1.990000000000009,0,0,5.3,4.6,5.4,5.6,0.521000000000015,2.977000000000004,-1.0444999999999993,0.859499999999997,-0.09999999999999964,-0.09999999999999964,-0.20000000000000107,-0.1999999999999993,2770.0,2770.0,90.0,90.0,0.020000000000000018,0.02999999999999997,0.22000000000000003,-0.010000000000000009,-0.16500000000000004,-0.26750000000000007,0.07650000000000023,-0.25000000000000044,28.097999999999956,28.097999999999956,28.098000000000866,29.742750000000342,457.5020000000004,310.07600000000093,246.14900000000125,371.6080000000002
2017-01-01,-1.9800000000000182,0,0,5.0,5.3,4.6,5.4,-0.554000000000002,0.521000000000015,2.977000000000004,-1.0444999999999993,-0.09999999999999964,-0.09999999999999964,-0.09999999999999964,-0.20000000000000107,2770.0,2770.0,2770.0,90.0,0.010000000000000009,0.020000000000000018,0.02999999999999997,0.22000000000000003,0.03000000000000025,-0.16500000000000004,-0.26750000000000007,0.07650000000000023,29.657000000000153,28.097999999999956,28.097999999999956,28.098000000000866,563.4459999999999,457.5020000000004,310.07600000000093,246.14900000000125
2017-04-01,7.099999999999994,0,0,5.2,5.0,5.3,4.6,0.7439999999999998,-0.554000000000002,0.521000000000015,2.977000000000004,-0.09999999999999964,-0.09999999999999964,-0.09999999999999964,-0.09999999999999964,2770.0,2770.0,2770.0,2770.0,0.25,0.010000000000000009,0.020000000000000018,0.02999999999999997,0.6800000000000002,0.03000000000000025,-0.16500000000000004,-0.26750000000000007,31.21600000000035,29.657000000000153,28.097999999999956,28.097999999999956,568.3819999999978,563.4459999999999,457.5020000000004,310.07600000000093
2017-07-01,1.1400000000000432,0,0,4.4,5.2,5.0,5.3,0.9735000000000014,0.7439999999999998,-0.554000000000002,0.521000000000015,-0.125,-0.09999999999999964,-0.09999999999999964,-0.09999999999999964,857.5,2770.0,2770.0,2770.0,0.25,0.25,0.010000000000000009,0.020000000000000018,-0.10500000000000043,0.6800000000000002,0.03000000000000025,-0.16500000000000004,31.21599999999944,31.21600000000035,29.657000000000153,28.097999999999956,546.0040000000008,568.3819999999978,563.4459999999999,457.5020000000004
2017-10-01,1.2099999999999795,0,0,5.2,4.4,5.2,5.0,0.04949999999999477,0.9735000000000014,0.7439999999999998,-0.554000000000002,-0.125,-0.125,-0.09999999999999964,-0.09999999999999964,857.5,857.5,2770.0,2770.0,0.2499999999999999,0.25,0.25,0.010000000000000009,-0.07750000000000012,-0.10500000000000043,0.6800000000000002,0.03000000000000025,31.21599999999944,31.21599999999944,31.21600000000035,29.657000000000153,603.2160000000003,546.0040000000008,568.3819999999978,563.4459999999999
2018-01-01,1.9800000000000182,0,0,4.8,5.2,4.4,5.2,2.3259999999999934,0.04949999999999477,0.9735000000000014,0.7439999999999998,-0.125,-0.125,-0.125,-0.09999999999999964,857.5,857.5,857.5,2770.0,0.0,0.2499999999999999,0.25,0.25,-0.07249999999999979,-0.07750000000000012,-0.10500000000000043,0.6800000000000002,25.238250000000335,31.21599999999944,31.21599999999944,31.21600000000035,757.0040000000008,603.2160000000003,546.0040000000008,568.3819999999978
2018-04-01,2.5600000000000023,0,0,5.1,4.8,5.2,4.4,2.375,2.3259999999999934,0.04949999999999477,0.9735000000000014,-0.125,-0.125,-0.125,-0.125,857.5,857.5,857.5,857.5,0.26,0.0,0.2499999999999999,0.25,0.13750000000000062,-0.07249999999999979,-0.07750000000000012,-0.10500000000000043,19.26049999999941,25.238250000000335,31.21599999999944,31.21599999999944,889.9099999999999,757.0040000000008,603.2160000000003,546.0040000000008
2018-07-01,2.7099999999999795,0,0,4.2,5.1,4.8,5.2,0.6790000000000305,2.375,2.3259999999999934,0.04949999999999477,-0.32500000000000107,-0.125,-0.125,-0.125,1800.0,857.5,857.5,857.5,0.28,0.26,0.0,0.2499999999999999,0.4349999999999996,0.13750000000000062,-0.07249999999999979,-0.07750000000000012,19.26049999999941,19.26049999999941,25.238250000000335,31.21599999999944,888.3169999999991,889.9099999999999,757.0040000000008,603.2160000000003
2018-10-01,-0.09000000000003183,0,0,4.9,4.2,5.1,4.8,1.117999999999995,0.6790000000000305,2.375,2.3259999999999934,-0.3249999999999993,-0.32500000000000107,-0.125,-0.125,1800.0,1800.0,857.5,857.5,0.21999999999999997,0.28,0.26,0.0,0.05999999999999961,0.4349999999999996,0.13750000000000062,-0.07249999999999979,19.26050000000032,19.26049999999941,19.26049999999941,25.238250000000335,761.6419999999998,888.3169999999991,889.9099999999999,757.0040000000008
2019-01-01,2.930000000000007,0,0,4.3,4.9,4.2,5.1,0.07200000000000273,1.117999999999995,0.6790000000000305,2.375,-0.32500000000000107,-0.3249999999999993,-0.32500000000000107,-0.125,1800.0,1800.0,1800.0,857.5,0.28,0.21999999999999997,0.28,0.26,0.3025000000000002,0.05999999999999961,0.4349999999999996,0.13750000000000062,19.915750000000116,19.26050000000032,19.26049999999941,19.26049999999941,589.3139999999985,761.6419999999998,888.3169999999991,889.9099999999999
2019-04-01,4.610000000000014,0,0,5.3,4.3,4.9,4.2,0.21599999999995134,0.07200000000000273,1.117999999999995,0.6790000000000305,-0.3249999999999993,-0.32500000000000107,-0.3249999999999993,-0.32500000000000107,1800.0,1800.0,1800.0,1800.0,0.20999999999999996,0.28,0.21999999999999997,0.28,-0.36599999999999966,0.3025000000000002,0.05999999999999961,0.4349999999999996,20.570999999999913,19.915750000000116,19.26050000000032,19.26049999999941,530.6879999999983,589.3139999999985,761.6419999999998,888.3169999999991
2019-07-01,2.740000000000009,0,0,3.8,5.3,4.3,4.9,2.8080000000000496,0.21599999999995134,0.07200000000000273,1.117999999999995,0.25,-0.3249999999999993,-0.32500000000000107,-0.3249999999999993,-1725.0,1800.0,1800.0,1800.0,0.020000000000000018,0.20999999999999996,0.28,0.21999999999999997,-0.32150000000000034,-0.36599999999999966,0.3025000000000002,0.05999999999999961,20.570999999999913,20.570999999999913,19.915750000000116,19.26050000000032,599.2079999999987,530.6879999999983,589.3139999999985,761.6419999999998
2019-10-01,2.1399999999999864,1,0,4.7,3.8,5.3,4.3,0.057999999999992724,2.8080000000000496,0.21599999999995134,0.07200000000000273,0.25,0.25,-0.3249999999999993,-0.32500000000000107,-1725.0,-1725.0,1800.0,1800.0,-0.020000000000000018,0.020000000000000018,0.20999999999999996,0.28,-0.37749999999999995,-0.32150000000000034,-0.36599999999999966,0.3025000000000002,20.570999999999913,20.570999999999913,20.570999999999913,19.915750000000116,799.3040000000001,599.2079999999987,530.6879999999983,589.3139999999985
2020-01-01,3.0200000000000387,1,0,4.1,4.7,3.8,5.3,0.09299999999996089,0.057999999999992724,2.8080000000000496,0.21599999999995134,0.25,0.25,0.25,-0.3249999999999993,-1725.0,-1725.0,-1725.0,1800.0,-0.5699999999999998,-0.020000000000000018,0.020000000000000018,0.20999999999999996,-0.07699999999999996,-0.37749999999999995,-0.32150000000000034,-0.36599999999999966,1.0407500000001164,20.570999999999913,20.570999999999913,20.570999999999913,821.617000000002,799.3040000000001,599.2079999999987,530.6879999999983
2020-04-01,2.9399999999999977,1,0,4.3,4.1,4.7,3.8,1.170000000000016,0.09299999999996089,0.057999999999992724,2.8080000000000496,0.25,0.25,0.25,0.25,-1725.0,-1725.0,-1725.0,-1725.0,-0.28,-0.5699999999999998,-0.020000000000000018,0.020000000000000018,-0.06400000000000006,-0.07699999999999996,-0.37749999999999995,-0.32150000000000034,-18.48949999999968,1.0407500000001164,20.570999999999913,20.570999999999913,329.71900000000096,821.617000000002,799.3040000000001,599.2079999999987
2020-07-01,4.3799999999999955,0,1,9.4,4.3,4.1,4.7,-0.8739999999999668,1.170000000000016,0.09299999999996089,0.057999999999992724,0.025000000000000355,0.25,0.25,0.25,-425.0,-1725.0,-1725.0,-1725.0,-1.5,-0.28,-0.5699999999999998,-0.020000000000000018,-0.31800000000000006,-0.06400000000000006,-0.07699999999999996,-0.37749999999999995,-18.48949999999968,-18.48949999999968,1.0407500000001164,20.570999999999913,-1781.726999999999,329.71900000000096,821.617000000002,799.3040000000001
2020-10-01,5.430000000000007,0,0,9.5,9.4,4.3,4.1,1.7279999999999518,-0.8739999999999668,1.170000000000016,0.09299999999996089,0.025000000000000355,0.025000000000000355,0.25,0.25,-425.0,-425.0,-1725.0,-1725.0,0.039999999999999994,-1.5,-0.28,-0.5699999999999998,-0.29000000000000004,-0.31800000000000006,-0.06400000000000006,-0.07699999999999996,-18.48949999999968,-18.48949999999968,-18.48949999999968,1.0407500000001164,-248.66600000000108,-1781.726999999999,329.71900000000096,821.617000000002
2021-01-01,6.009999999999991,0,1,8.5,9.5,9.4,4.3,1.4570000000000505,1.7279999999999518,-0.8739999999999668,1.170000000000016,0.02499999999999858,0.025000000000000355,0.025000000000000355,0.25,-425.0,-425.0,-425.0,-1725.0,0.0,0.039999999999999994,-1.5,-0.28,-0.18199999999999994,-0.29000000000000004,-0.31800000000000006,-0.06400000000000006,-9.554000000000087,-18.48949999999968,-18.48949999999968,-18.48949999999968,341.1100000000006,-248.66600000000108,-1781.726999999999,329.71900000000096
2021-04-01,13.939999999999998,0,1,7.5,8.5,9.5,9.4,1.7909999999999968,1.4570000000000505,1.7279999999999518,-0.8739999999999668,0.025000000000000355,0.02499999999999858,0.025000000000000355,0.025000000000000355,-425.0,-425.0,-425.0,-425.0,0.0,0.0,0.039999999999999994,-1.5,-0.0990000000000002,-0.18199999999999994,-0.29000000000000004,-0.31800000000000006,-0.6185000000004948,-9.554000000000087,-18.48949999999968,-18.48949999999968,2721.349000000002,341.1100000000006,-248.66600000000108,-1781.726999999999
2021-07-01,11.45999999999998,0,1,7.0,7.5,8.5,9.5,3.5494999999999663,1.7909999999999968,1.4570000000000505,1.7279999999999518,-0.025000000000000355,0.025000000000000355,0.02499999999999858,0.025000000000000355,1050.0,-425.0,-425.0,-425.0,-0.01999999999999999,0.0,0.0,0.039999999999999994,0.3250000000000002,-0.0990000000000002,-0.18199999999999994,-0.29000000000000004,-0.6184999999995853,-0.6185000000004948,-9.554000000000087,-18.48949999999968,1684.3100000000013,2721.349000000002,341.1100000000006,-248.66600000000108
2021-10-01,6.590000000000032,0,1,7.3,7.0,7.5,8.5,5.014499999999998,3.5494999999999663,1.7909999999999968,1.4570000000000505,-0.02499999999999858,-0.025000000000000355,0.025000000000000355,0.02499999999999858,1050.0,1050.0,-425.0,-425.0,0.03,-0.01999999999999999,0.0,0.0,-0.19200000000000017,0.3250000000000002,-0.0990000000000002,-0.18199999999999994,-0.6184999999995853,-0.6184999999995853,-0.6185000000004948,-9.554000000000087,1853.224000000002,1684.3100000000013,2721.349000000002,341.1100000000006
2022-01-01,8.909999999999968,0,0,5.4,7.3,7.0,7.5,3.4875000000000114,5.014499999999998,3.5494999999999663,1.7909999999999968,-0.025000000000000355,-0.02499999999999858,-0.025000000000000355,0.025000000000000355,1050.0,1050.0,1050.0,-425.0,-0.020000000000000004,0.03,-0.01999999999999999,0.0,0.1995,-0.19200000000000017,0.3250000000000002,-0.0990000000000002,7.333749999999782,-0.6184999999995853,-0.6184999999995853,-0.6185000000004948,2120.244999999999,1853.224000000002,1684.3100000000013,2721.349000000002
2022-04-01,16.53000000000003,0,1,5.0,5.4,7.3,7.0,4.091499999999996,3.4875000000000114,5.014499999999998,3.5494999999999663,-0.025000000000000355,-0.025000000000000355,-0.02499999999999858,-0.025000000000000355,1050.0,1050.0,1050.0,1050.0,0.0,-0.020000000000000004,0.03,-0.01999999999999999,0.3775000000000004,0.1995,-0.19200000000000017,0.3250000000000002,15.286000000000058,7.333749999999782,-0.6184999999995853,-0.6184999999995853,1846.630000000001,2120.244999999999,1853.224000000002,1684.3100000000013
2022-07-01,-1.490000000000009,0,1,3.5,5.0,5.4,7.3,7.714999999999975,4.091499999999996,3.4875000000000114,5.014499999999998,-0.09999999999999964,-0.025000000000000355,-0.025000000000000355,-0.02499999999999858,1325.0,1050.0,1050.0,1050.0,0.25,0.0,-0.020000000000000004,0.03,1.5374999999999996,0.3775000000000004,0.1995,-0.19200000000000017,15.286000000000058,15.286000000000058,7.333749999999782,-0.6184999999995853,1883.7999999999993,1846.630000000001,2120.244999999999,1853.224000000002
2022-10-01,-4.350000000000023,0,0,3.9,3.5,5.0,5.4,5.54400000000004,7.714999999999975,4.091499999999996,3.4875000000000114,-0.09999999999999964,-0.09999999999999964,-0.025000000000000355,-0.025000000000000355,1325.0,1325.0,1050.0,1050.0,1.3499999999999999,0.25,0.0,-0.020000000000000004,0.4299999999999997,1.5374999999999996,0.3775000000000004,0.1995,15.286000000000058,15.286000000000058,15.286000000000058,7.333749999999782,1494.9729999999981,1883.7999999999993,1846.630000000001,2120.244999999999
2023-01-01,1.160000000000025,0,0,3.5,3.9,3.5,5.0,-0.2605000000000359,5.54400000000004,7.714999999999975,4.091499999999996,-0.10000000000000142,-0.09999999999999964,-0.09999999999999964,-0.025000000000000355,1325.0,1325.0,1325.0,1050.0,1.4000000000000001,1.3499999999999999,0.25,0.0,1.4875000000000007,0.4299999999999997,1.5374999999999996,0.3775000000000004,21.660750000000007,15.286000000000058,15.286000000000058,15.286000000000058,1518.7859999999964,1494.9729999999981,1883.7999999999993,1846.630000000001
2023-04-01,12.240000000000009,0,0,3.6,3.5,3.9,3.5,-0.527499999999975,-0.2605000000000359,5.54400000000004,7.714999999999975,-0.09999999999999964,-0.10000000000000142,-0.09999999999999964,-0.09999999999999964,1325.0,1325.0,1325.0,1325.0,1.25,1.4000000000000001,1.3499999999999999,0.25,-0.6275000000000004,1.4875000000000007,0.4299999999999997,1.5374999999999996,28.035499999999956,21.660750000000007,15.286000000000058,15.286000000000058,1358.5679999999993,1518.7859999999964,1494.9729999999981,1883.7999999999993
2023-07-01,3.009999999999991,0,1,2.6,3.6,3.5,3.9,5.1229999999999905,-0.527499999999975,-0.2605000000000359,5.54400000000004,0.0,-0.09999999999999964,-0.10000000000000142,-0.09999999999999964,0.0,1325.0,1325.0,1325.0,0.5,1.25,1.4000000000000001,1.3499999999999999,0.0699999999999994,-0.6275000000000004,1.4875000000000007,0.4299999999999997,28.035499999999956,28.035499999999956,21.660750000000007,15.286000000000058,1181.804,1358.5679999999993,1518.7859999999964,1494.9729999999981
2023-10-01,-1.6800000000000068,0,0,3.4,2.6,3.6,3.5,1.0010000000000332,5.1229999999999905,-0.527499999999975,-0.2605000000000359,0.0,0.0,-0.09999999999999964,-0.10000000000000142,0.0,0.0,1325.0,1325.0,0.29000000000000004,0.5,1.25,1.4000000000000001,0.4975000000000005,0.0699999999999994,-0.6275000000000004,1.4875000000000007,28.035499999999956,28.035499999999956,28.035499999999956,21.660750000000007,1233.420000000002,1181.804,1358.5679999999993,1518.7859999999964
2024-01-01,6.079999999999984,0,0,3.6,3.4,2.6,3.6,3.5634999999999764,1.0010000000000332,5.1229999999999905,-0.527499999999975,0.0,0.0,0.0,-0.09999999999999964,0.0,0.0,0.0,1325.0,0.20999999999999996,0.29000000000000004,0.5,1.25,0.7800000000000002,0.4975000000000005,0.0699999999999994,-0.6275000000000004,36.66975000000002,28.035499999999956,28.035499999999956,28.035499999999956,1132.6080000000002,1233.420000000002,1181.804,1358.5679999999993
2024-04-01,15.04000000000002,0,0,3.9,3.6,3.4,2.6,1.1245000000000118,3.5634999999999764,1.0010000000000332,5.1229999999999905,0.0,0.0,0.0,0.0,0.0,0.0,0.0,0.0,0.0,0.20999999999999996,0.29000000000000004,0.5,-0.9775,0.7800000000000002,0.4975000000000005,0.0699999999999994,45.30400000000009,36.66975000000002,28.035499999999956,28.035499999999956,1170.2540000000008,1132.6080000000002,1233.420000000002,1181.804
2024-07-01,2.349999999999966,0,0,3.4,3.9,3.6,3.4,4.426499999999976,1.1245000000000118,3.5634999999999764,1.0010000000000332,0.0,0.0,0.0,0.0,0.0,0.0,0.0,0.0,0.0,0.0,0.20999999999999996,0.29000000000000004,0.34999999999999964,-0.9775,0.7800000000000002,0.4975000000000005,45.30400000000009,45.30400000000009,36.66975000000002,28.035499999999956,1049.0169999999998,1170.2540000000008,1132.6080000000002,1233.420000000002
2024-10-01,-1.9799999999999613,0,0,4.6,3.4,3.9,3.6,2.0575000000000045,4.426499999999976,1.1245000000000118,3.5634999999999764,0.0,0.0,0.0,0.0,0.0,0.0,0.0,0.0,0.0,0.0,0.0,0.20999999999999996,-0.14499999999999957,0.34999999999999964,-0.9775,0.7800000000000002,45.30399999999918,45.30400000000009,45.30400000000009,36.66975000000002,1077.9470000000001,1049.0169999999998,1170.2540000000008,1132.6080000000002
