Year,Quarter,Date,Unemployment_Rate,CPI,Interest_Rate,Mortgage_Rate,ZHVI,GDP_Growth,Median_Household_Income,Population,Poverty_Rate,Marriage_Rate,Divorce_Rate,YearQuarter,QuarterLabel
2000,1,2000-01-01,5.7,171.5,5.676666666666667,8.258333333333333,179387.5796666667,6.89244083540085,41716.55853873175,572.046,17.5,4.083333333333333,3.253333333333334,2000-Q1,Q1 2000
2000,2,2000-04-01,5.599999999999999,173.0,6.273333333333333,8.3185,181210.32816666667,4.859769874218148,42580.80531528536,572.046,17.5,5.553333333333335,3.0400000000000005,2000-Q2,Q2 2000
2000,3,2000-07-01,5.666666666666667,174.9,6.52,8.029000000000002,185201.08146666666,0.687335890554935,42521.31462869351,572.046,17.5,5.88,3.253333333333334,2000-Q3,Q3 2000
2000,4,2000-10-01,5.8,175.35,6.473333333333334,7.640666666666667,189968.10193333332,1.3237094853757143,41830.80863997166,572.046,17.5,4.083333333333333,3.253333333333334,2000-Q4,Q4 2000
2001,1,2001-01-01,6.0,176.54999999999998,5.593333333333334,7.011500000000001,194527.55446666665,-0.3834282191640781,40813.25429589054,574.504,18.1,5.166666666666667,2.948333333333333,2001-Q1,Q1 2001
2001,2,2001-04-01,6.2,178.0666666666667,4.326666666666667,7.1275,199780.99166666667,1.6467258201229908,39777.32489960827,574.504,18.1,7.026666666666667,2.7550000000000003,2001-Q2,Q2 2001
2001,3,2001-07-01,6.6000000000000005,180.04999999999998,3.4966666666666666,6.965,206607.18116666668,-1.5352523975531147,38995.04483366108,574.504,18.1,7.44,2.948333333333333,2001-Q3,Q3 2001
2001,4,2001-10-01,7.066666666666666,179.8166666666667,2.1333333333333333,6.780166666666666,213345.28656666668,2.287223708397974,38782.42411940029,574.504,18.1,5.166666666666667,2.948333333333333,2001-Q4,Q4 2001
2002,1,2002-01-01,7.166666666666667,180.95000000000002,1.7333333333333334,6.968,219254.7026,3.293832723323349,39422.20789310916,573.158,17.5,4.25,2.44,2002-Q1,Q1 2002
2002,2,2002-04-01,7.033333333333334,183.41666666666666,1.75,6.813666666666667,226050.24913333333,2.195746473374252,40871.916128998106,573.158,17.5,5.78,2.28,2002-Q2,Q2 2002
2002,3,2002-07-01,6.833333333333333,185.0,1.74,6.289166666666667,235478.44396666667,1.0931342484913023,42687.24255178015,573.158,17.5,6.12,2.44,2002-Q3,Q3 2002
2002,4,2002-10-01,6.8999999999999995,185.61666666666667,1.4433333333333334,6.0760000000000005,244554.35470000003,0.8352610933280993,44303.2107156497,573.158,17.5,4.25,2.44,2002-Q4,Q4 2002
2003,1,2003-01-01,7.1000000000000005,187.55000000000004,1.25,5.834499999999999,251893.1452,2.4816332311052536,45186.03482871177,568.502,17.5,4.25,2.033333333333333,2003-Q1,Q1 2003
2003,2,2003-04-01,7.333333333333333,188.96666666666667,1.2466666666666668,5.508833333333333,260437.59893333333,4.804292025404748,45164.540560518646,568.502,17.5,5.78,1.8999999999999997,2003-Q2,Q2 2003
2003,3,2003-07-01,7.366666666666667,190.5,1.0166666666666666,6.014666666666667,270427.4642666667,6.6484025309919055,44579.54079333356,568.502,17.5,6.12,2.033333333333333,2003-Q3,Q3 2003
2003,4,2003-10-01,7.3,190.51666666666665,0.9966666666666667,5.920166666666667,280506.5027333333,3.632645364144345,43841.68980292292,568.502,17.5,4.25,2.033333333333333,2003-Q4,Q4 2003
2004,1,2004-01-01,7.6000000000000005,191.75,1.0033333333333332,5.5975,289647.09669999994,2.3204807176702946,43358.48144332345,567.754,19.9,4.333333333333333,1.83,2004-Q1,Q1 2004
2004,2,2004-04-01,8.066666666666666,194.1,1.01,6.129166666666666,302741.4295,3.45307643082959,43345.41124972695,567.754,19.9,5.8933333333333335,1.71,2004-Q2,Q2 2004
2004,3,2004-07-01,8.366666666666667,195.95000000000002,1.4333333333333333,5.892499999999999,322279.32686666667,3.842246871242885,43734.555517465305,567.754,19.9,6.239999999999999,1.83,2004-Q3,Q3 2004
2004,4,2004-10-01,8.299999999999999,197.25,1.95,5.7348333333333334,340437.6017666667,4.4595436607568395,44421.11123096842,567.754,19.9,4.333333333333333,1.83,2004-Q4,Q4 2004
2005,1,2005-01-01,7.8999999999999995,199.29999999999998,2.47,5.755166666666667,356003.77586666663,3.703069780658831,45296.47651208357,567.136,18.9,3.4166666666666665,2.033333333333333,2005-Q1,Q1 2005
2005,2,2005-04-01,7.233333333333333,201.73333333333335,2.9433333333333334,5.719,375426.9976666667,2.240804762461953,46248.25163996994,567.136,18.9,4.6466666666666665,1.8999999999999997,2005-Q2,Q2 2005
2005,3,2005-07-01,6.566666666666666,204.20000000000002,3.4599999999999995,5.763000000000001,397237.86076666665,2.769544343635219,47198.41768945148,567.136,18.9,4.919999999999999,2.033333333333333,2005-Q3,Q3 2005
2005,4,2005-10-01,6.266666666666667,204.73333333333335,3.98,6.222333333333334,414009.6262333333,3.3331525251349383,48030.350487874435,567.136,18.9,3.4166666666666665,2.033333333333333,2005-Q4,Q4 2005
2006,1,2006-01-01,6.233333333333333,206.0,4.456666666666667,6.2405,425455.86410000006,4.674884633576658,48644.65579012273,570.681,19.6,3.3333333333333335,2.1350000000000002,2006-Q1,Q1 2006
2006,2,2006-04-01,6.366666666666667,209.03333333333333,4.906666666666667,6.595666666666666,434378.59726666665,0.005269207161224906,49061.12008252156,570.681,19.6,4.533333333333334,1.9949999999999999,2006-Q2,Q2 2006
2006,3,2006-07-01,6.400000000000001,211.29999999999998,5.246666666666667,6.563,436505.2748333334,1.8180648153231596,49486.0965192027,570.681,19.6,4.8,2.1350000000000002,2006-Q3,Q3 2006
2006,4,2006-10-01,6.3,210.45016666666666,5.246666666666667,6.2441666666666675,430924.0823666667,2.9784874576350058,50133.52415502897,570.681,19.6,3.3333333333333335,2.1350000000000002,2006-Q4,Q4 2006
2007,1,2007-01-01,6.066666666666666,212.77800000000002,5.256666666666667,6.2195,426370.7194,1.31335992464869,51208.85910660483,574.404,16.4,3.5,1.7283333333333333,2007-Q1,Q1 2007
2007,2,2007-04-01,5.900000000000001,216.00683333333336,5.25,6.366499999999999,422999.7951666667,2.547233307156661,52668.8166693778,574.404,16.4,4.760000000000001,1.615,2007-Q2,Q2 2007
2007,3,2007-07-01,5.900000000000001,217.8275,5.073333333333333,6.549833333333333,415441.8244333333,2.6815443162781527,54170.54245254051,574.404,16.4,5.04,1.7283333333333333,2007-Q3,Q3 2007
2007,4,2007-10-01,5.933333333333334,218.72799999999998,4.496666666666667,6.226,405580.46243333333,0.941514170783304,55262.74595178171,574.404,16.4,3.5,1.7283333333333333,2007-Q4,Q4 2007
2008,1,2008-01-01,6.1000000000000005,221.5705,3.1766666666666663,5.881833333333333,393312.09246666665,-0.7617567680213432,55529.10763037779,580.236,17.2,3.4166666666666665,2.745000000000001,2008-Q1,Q1 2008
2008,2,2008-04-01,6.433333333333334,224.9286666666667,2.0866666666666664,6.091166666666666,377424.6538,2.106228371788458,54934.44761109061,580.236,17.2,4.6466666666666665,2.5650000000000004,2008-Q2,Q2 2008
2008,3,2008-07-01,7.0,228.8945,1.9400000000000002,6.313666666666666,359830.63276666665,-4.941677871198171,53980.169637772255,580.236,17.2,4.919999999999999,2.745000000000001,2008-Q3,Q3 2008
2008,4,2008-10-01,7.866666666666667,224.1628333333333,0.5066666666666667,5.857833333333333,344371.0516666667,-8.071934455669401,53252.678623265005,580.236,17.2,3.4166666666666665,2.745000000000001,2008-Q4,Q4 2008
2009,1,2009-01-01,9.033333333333333,222.23000000000002,0.18333333333333335,5.06,332112.5602,-2.9524114856114774,53312.78523888485,592.228,18.4,3.9166666666666665,2.745000000000001,2009-Q1,Q1 2009
2009,2,2009-04-01,9.9,223.841,0.18000000000000002,5.029166666666667,322910.5554,-0.05698186637402291,54262.56521109067,592.228,18.4,5.326666666666667,2.5650000000000004,2009-Q2,Q2 2009
2009,3,2009-07-01,10.466666666666667,226.63250000000002,0.15666666666666665,5.157333333333333,318240.3296666667,2.710712946865507,55586.81076073167,592.228,18.4,5.640000000000001,2.745000000000001,2009-Q3,Q3 2009
2009,4,2009-10-01,10.6,226.79216666666665,0.12,4.919,315248.1198,3.765498196999057,56642.28861183379,592.228,18.4,3.9166666666666665,2.745000000000001,2009-Q4,Q4 2009
2010,1,2010-01-01,10.333333333333334,227.96,0.13333333333333333,4.995833333333334,317930.21986666665,2.2053924452108684,56820.72525581703,605.282,19.2,6.333333333333332,2.8466666666666662,2010-Q1,Q1 2010
2010,2,2010-04-01,9.833333333333334,228.57066666666665,0.19333333333333336,4.907666666666667,321475.53243333334,3.9565205880274887,56069.125188305035,605.282,19.2,8.613333333333332,2.6599999999999993,2010-Q2,Q2 2010
2010,3,2010-07-01,9.733333333333333,229.52200000000002,0.18666666666666668,4.445833333333334,320890.7680666667,2.9342676566421746,55100.24942176289,605.282,19.2,9.119999999999997,2.8466666666666662,2010-Q3,Q3 2010
2010,4,2010-10-01,9.9,230.91766666666663,0.18666666666666668,4.413,317249.99853333336,0.7980836066330499,54767.866475080955,605.282,19.2,6.333333333333332,2.8466666666666662,2010-Q4,Q4 2010
2011,1,2011-01-01,10.033333333333333,233.976,0.15666666666666668,4.847833333333333,315856.5206666666,0.11240475178988754,55879.853360022935,620.29,18.7,7.25,2.948333333333333,2011-Q1,Q1 2011
2011,2,2011-04-01,10.4,237.12749999999997,0.09333333333333334,4.6625000000000005,315838.02873333334,1.9624451079464549,58491.43172944897,620.29,18.7,9.86,2.7550000000000003,2011-Q2,Q2 2011
2011,3,2011-07-01,10.4,238.458,0.08333333333333333,4.3069999999999995,313518.91696666664,0.9885823371511673,61688.02183932505,620.29,18.7,10.44,2.948333333333333,2011-Q3,Q3 2011
2011,4,2011-10-01,9.933333333333334,238.40316666666664,0.07333333333333335,4.006,311148.8356,4.953571873325849,64302.84973975597,620.29,18.7,7.25,2.948333333333333,2011-Q4,Q4 2011
2012,1,2012-01-01,9.466666666666667,240.6145,0.10333333333333333,3.9196666666666666,311866.78713333333,2.7051846934482393,65234.582243198645,635.737,18.2,7.0,2.948333333333333,2012-Q1,Q1 2012
2012,2,2012-04-01,9.1,242.2938333333333,0.15333333333333335,3.794333333333333,316217.55803333333,1.4257310195086024,64240.828786332684,635.737,18.2,9.520000000000001,2.7550000000000003,2012-Q2,Q2 2012
2012,3,2012-07-01,8.700000000000001,243.232,0.14333333333333334,3.5498333333333334,321887.09,0.141326884519971,62302.35681945996,635.737,18.2,10.08,2.948333333333333,2012-Q3,Q3 2012
2012,4,2012-10-01,8.633333333333333,243.49816666666666,0.16,3.359833333333333,328937.38790000003,1.8141298092389764,60584.97329681778,635.737,18.2,7.0,2.948333333333333,2012-Q4,Q4 2012
2013,1,2013-01-01,8.7,244.475,0.14333333333333334,3.503833333333333,335068.2182333334,3.392923450629045,60214.6360479471,651.559,18.9,9.000000000000002,2.8466666666666662,2013-Q1,Q1 2013
2013,2,2013-04-01,8.533333333333333,245.60850000000002,0.11666666666666665,3.683666666666667,341418.3849,1.2871157095630064,61567.548754222335,651.559,18.9,12.240000000000004,2.6599999999999993,2013-Q2,Q2 2013
2013,3,2013-07-01,8.4,247.008,0.08333333333333333,4.438666666666667,348520.0522,4.362279071273131,64008.20860963295,651.559,18.9,12.960000000000003,2.8466666666666662,2013-Q3,Q3 2013
2013,4,2013-10-01,8.1,247.4288333333333,0.08666666666666667,4.3015,355622.1525666667,1.4529237692193964,66703.64256368113,651.559,18.9,9.000000000000002,2.8466666666666662,2013-Q4,Q4 2013
2014,1,2014-01-01,7.866666666666667,248.635,0.07333333333333335,4.359000000000001,360908.5960666667,0.007298242880904207,68842.66671679867,663.603,17.7,9.833333333333336,2.6433333333333335,2014-Q1,Q1 2014
2014,2,2014-04-01,7.8,250.28150000000002,0.09333333333333334,4.230666666666667,365312.3725333333,6.342136052172138,70015.11717835604,663.603,17.7,13.373333333333337,2.4699999999999998,2014-Q2,Q2 2014
2014,3,2014-07-01,7.666666666666667,250.48,0.09000000000000001,4.135833333333333,366870.1158333333,3.6642935797259586,70426.43468462182,663.603,17.7,14.160000000000002,2.6433333333333335,2014-Q3,Q3 2014
2014,4,2014-10-01,7.5,249.60816666666665,0.09999999999999999,3.965833333333333,368538.5725,2.3040209185619265,70310.70484894906,663.603,17.7,9.833333333333336,2.6433333333333335,2014-Q4,Q4 2014
2015,1,2015-01-01,7.3,248.556,0.11,3.716666666666667,370401.44866666663,3.5422684861402414,69927.47357226106,677.014,17.3,6.833333333333333,2.8466666666666662,2015-Q1,Q1 2015
2015,2,2015-04-01,7.033333333333334,251.3795,0.12333333333333334,3.8314999999999997,371839.6739,2.1400503443636785,69560.32804733106,677.014,17.3,9.293333333333333,2.6599999999999993,2015-Q2,Q2 2015
2015,3,2015-07-01,6.766666666666667,251.684,0.1366666666666667,3.9470000000000005,373270.9462666667,1.128043035457529,69511.79759464576,677.014,17.3,9.839999999999998,2.8466666666666662,2015-Q3,Q3 2015
2015,4,2015-10-01,6.566666666666666,251.41516666666666,0.16,3.9008333333333334,376878.9584333333,1.2013613781970394,70106.21432562068,677.014,17.3,6.833333333333333,2.8466666666666662,2015-Q4,Q4 2015
2016,1,2016-01-01,6.3,251.76249999999996,0.36000000000000004,3.7421666666666664,380441.36013333336,2.071468634653559,71649.01269645499,687.576,18.6,6.75,2.745000000000001,2016-Q1,Q1 2016
2016,2,2016-04-01,6.099999999999999,254.40383333333332,0.37333333333333335,3.5909999999999997,381079.2390666667,1.6789785100636716,74099.48719412104,687.576,18.6,9.18,2.5650000000000004,2016-Q2,Q2 2016
2016,3,2016-07-01,6.233333333333333,253.909,0.39666666666666667,3.4450000000000003,381510.3846666667,2.915620224331439,76993.66499675933,687.576,18.6,9.719999999999999,2.745000000000001,2016-Q3,Q3 2016
2016,4,2016-10-01,6.3,253.994,0.45,3.812666666666667,384597.80616666673,1.9956854697722688,79751.98351613987,687.576,18.6,6.75,2.745000000000001,2016-Q4,Q4 2016
2017,1,2017-01-01,6.233333333333333,254.965,0.7000000000000001,4.171166666666667,390258.41676666663,2.0689817290084074,81823.62103866675,697.0790000000001,16.6,6.833333333333333,2.5416666666666665,2017-Q1,Q1 2017
2017,2,2017-04-01,6.166666666666667,255.4935,0.9500000000000001,3.986333333333333,394046.21486666665,2.48868273162061,83053.760407842,697.0790000000001,16.6,9.293333333333333,2.375,2017-Q2,Q2 2017
2017,3,2017-07-01,6.066666666666666,256.667,1.1533333333333333,3.8841666666666668,394940.6385333333,3.7879645268540982,83898.86753230788,697.0790000000001,16.6,9.839999999999998,2.5416666666666665,2017-Q3,Q3 2017
2017,4,2017-10-01,5.933333333333334,258.2538333333334,1.2033333333333334,3.922333333333333,398623.2109333333,4.443947809105219,84843.53975175181,697.0790000000001,16.6,6.833333333333333,2.5416666666666665,2017-Q4,Q4 2017
2018,1,2018-01-01,5.833333333333333,260.1225,1.4466666666666665,4.268833333333333,403569.6200333333,2.726843016679755,86369.00929032177,704.147,16.2,6.5,2.5416666666666665,2018-Q1,Q1 2018
2018,2,2018-04-01,5.7,261.5203333333333,1.7366666666666666,4.541166666666666,407334.3148666667,2.308529373851471,88519.76006200048,704.147,16.2,8.840000000000002,2.375,2018-Q2,Q2 2018
2018,3,2018-07-01,5.5,262.536,1.9233333333333331,4.5683333333333325,410166.1487333334,1.8449875220665783,90795.85049531917,704.147,16.2,9.36,2.5416666666666665,2018-Q3,Q3 2018
2018,4,2018-10-01,5.7,261.64000000000004,2.22,4.777833333333334,413124.7415,0.9240981049863392,92523.6525205635,704.147,16.2,6.5,2.5416666666666665,2018-Q4,Q4 2018
2019,1,2019-01-01,5.866666666666667,263.2805,2.4033333333333333,4.366333333333333,416506.6128333334,2.863073576842426,93079.28010557014,708.253,15.5,6.5,2.44,2019-Q1,Q1 2019
2019,2,2019-04-01,5.566666666666666,265.5491666666667,2.3966666666666665,4.0056666666666665,421412.22036666673,4.066725595085123,92327.9387833752,708.253,15.5,8.840000000000002,2.28,2019-Q2,Q2 2019
2019,3,2019-07-01,5.3,265.335,2.19,3.6620000000000004,423338.7632666666,4.098633621696128,90794.21836781915,708.253,15.5,9.36,2.44,2019-Q3,Q3 2019
2019,4,2019-10-01,5.266666666666667,265.3395,1.6433333333333333,3.701,426573.5709,3.068124769002324,89125.39170205394,708.253,15.5,6.5,2.44,2019-Q4,Q4 2019
2020,1,2020-01-01,5.666666666666667,265.909,1.26,3.5130000000000003,433666.6558666667,-17.789609810197856,87954.29052690418,670.917,13.5,5.416666666666667,2.1350000000000002,2020-Q1,Q1 2020
2020,2,2020-04-01,9.533333333333333,265.934,0.06,3.2336666666666667,439582.2086,-8.543304630365558,87647.40846619982,670.917,13.5,7.366666666666667,1.9949999999999999,2020-Q2,Q2 2020
2020,3,2020-07-01,8.466666666666667,268.03749999999997,0.09333333333333334,2.9470000000000005,443433.1083,32.97368930935817,88168.53383873789,670.917,13.5,7.8,2.1350000000000002,2020-Q3,Q3 2020
2020,4,2020-10-01,7.8999999999999995,269.0205,0.09000000000000001,2.7610000000000006,458110.92289999995,-0.6048965023145221,89436.91535735836,670.917,13.5,5.416666666666667,2.1350000000000002,2020-Q4,Q4 2020
2021,1,2021-01-01,7.133333333333333,271.441,0.08,2.875833333333333,474300.1572333334,7.574316659017612,91359.5850539729,669.256,16.5,6.083333333333333,2.6433333333333335,2021-Q1,Q1 2021
2021,2,2021-04-01,7.166666666666667,275.789,0.07,2.999166666666667,492685.20123333327,4.731624193669861,93793.17752418929,669.256,16.5,8.273333333333333,2.4699999999999998,2021-Q2,Q2 2021
2021,3,2021-07-01,6.8999999999999995,280.016,0.09000000000000001,2.8701666666666665,502848.7698333333,5.115481012579353,96628.99961949443,669.256,16.5,8.76,2.6433333333333335,2021-Q3,Q3 2021
2021,4,2021-10-01,6.3,284.09516666666667,0.08,3.077666666666667,503995.9727666667,5.304387169290903,99654.70532187104,669.256,16.5,6.083333333333333,2.6433333333333335,2021-Q4,Q4 2021
2022,1,2022-01-01,5.6000000000000005,289.4525,0.12,3.7931666666666666,516235.6161,-1.7344356399744867,102680.01081658756,676.725,13.300000000000002,6.916666666666667,2.033333333333333,2022-Q1,Q1 2022
2022,2,2022-04-01,4.666666666666667,296.40000000000003,0.77,5.244833333333333,536873.4782666666,1.4029708973638868,105505.87172657148,676.725,13.300000000000002,9.406666666666668,1.8999999999999997,2022-Q2,Q2 2022
2022,3,2022-07-01,4.133333333333334,299.6025,2.19,5.582333333333334,537779.5657666667,3.086229908096529,108026.90776656849,676.725,13.300000000000002,9.96,2.033333333333333,2022-Q3,Q3 2022
2022,4,2022-10-01,4.6000000000000005,299.79283333333336,3.653333333333333,6.689666666666667,529217.7826,3.3268638590862953,110020.66114595391,676.725,13.300000000000002,6.916666666666667,2.033333333333333,2022-Q4,Q4 2022
2023,1,2023-01-01,4.966666666666667,301.03950000000003,4.516666666666667,6.358,527312.8544666666,2.4740711367104042,111000.0,687.324,14.0,6.640000000000001,2.0,2023-Q1,Q1 2023
2023,2,2023-04-01,4.833333333333333,305.1098333333333,4.989999999999999,6.493833333333334,531745.8103333333,3.0411195252729,111000.0,687.324,14.0,6.640000000000001,2.0,2023-Q2,Q2 2023
2023,3,2023-07-01,4.8,307.2635,5.260000000000001,7.037333333333334,540761.7125,4.392106832346403,111000.0,687.324,14.0,6.640000000000001,2.0,2023-Q3,Q3 2023
2023,4,2023-10-01,4.9,308.8151666666667,5.33,7.2923333333333344,544579.6211666666,2.440063361125832,111000.0,687.324,14.0,6.640000000000001,2.0,2023-Q4,Q4 2023
2024,1,2024-01-01,5.1000000000000005,311.5345,5.33,6.746166666666667,547556.8668333333,1.875120998734086,111000.0,702.25,14.0,6.640000000000001,2.0,2024-Q1,Q1 2024
2024,2,2024-04-01,5.3,315.37016666666665,5.33,6.989999999999999,557065.5291,3.2735250708863664,111000.0,702.25,14.0,6.640000000000001,2.0,2024-Q2,Q2 2024
2024,3,2024-07-01,5.633333333333333,316.9135,5.263333333333333,6.509166666666666,560708.9579333334,2.81899263269749,111000.0,702.25,14.0,6.640000000000001,2.0,2024-Q3,Q3 2024
2024,4,2024-10-01,5.6000000000000005,316.85116666666664,4.6499999999999995,6.649333333333334,566134.5645333333,2.3,111000.0,702.25,14.0,6.640000000000001,2.0,2024-Q4,Q4 2024
