Date,House_Index,House_Index_diff1,House_Index_pct_change,Interest_Rate_diff1,log_Median_Household_Income_diff1,CPI_diff1,log_GDP_diff1,Population_diff1,Poverty_Rate_diff1,log_House_Index_diff1,Mortgage_Rate_diff1,CPI_diff1_lag6,log_Median_Household_Income_diff1_lag8,Interest_Rate_diff1_lag8,recession_period,price_to_income,price_momentum,PC1,PC2,PC3,PC4,PC5
1986-04-01,67.53,0.026864375350677427,2.722847581381216,-1.1500000000000004,0.022710244577210048,-0.6500000000000057,0.008272450164501066,0.0,0.0,0.026864375350677427,-0.9484999999999992,1.9499999999999886,-0.0002796290273145985,0.7299999999999986,0,0.0010850371560554327,4.1647385469689935,-0.90852326991348,-0.1392602165103452,-2.338295094659996,1.4512432157141197,0.5628520231348398
1986-07-01,69.51,0.028898683525643953,2.932030208796088,-0.4300000000000006,0.022205921475709545,-0.04999999999999716,0.013619556904105323,0.0,0.0,0.028898683525643953,0.5700000000000003,0.25,-0.00027970724157988514,0.9400000000000013,0,0.0010923234069301485,5.734712503802886,0.20663822131789608,-0.06507960441056136,-1.7481415060358738,1.0983944937307888,0.3386241158958778
1986-10-01,71.18,0.02374125296965257,2.4025320097827763,-0.71,0.02172351149327767,1.3499999999999943,0.0107840017530485,0.0,0.0,0.02374125296965257,-0.5335000000000001,1.6000000000000085,-0.0002797854996110516,-1.2400000000000002,0,0.0010945296582477993,5.405005182881695,-0.039368178996141694,0.32843681295449717,-1.3101034469973796,1.6889252543469764,0.37581731327000795
1987-01-01,73.26,0.028802877268621074,2.9221691486372547,0.5800000000000001,0.02126161673986182,0.8500000000000085,0.013759383997005159,0.0,0.0,0.028802877268621074,-0.7699999999999996,1.2999999999999972,-0.000279863801443625,-1.6400000000000006,0,0.0011028149932259521,5.394907207596034,1.4158095496193632,-0.12023889826899097,-0.966874428889083,0.7351825586773842,0.07254639279939806
1987-04-01,75.83,0.03447923536217612,3.508053508053499,-0.05999999999999961,-0.015282525683804948,1.2000000000000028,0.017632953512395133,0.0,0.0,0.03447923536217612,0.628499999999999,0.6500000000000057,0.03326223558210728,-0.08000000000000007,0,0.0011590813558026672,6.532733914020783,0.6452516842911453,1.5361117090768825,-1.3758419484519337,-0.505738315758818,-0.1918518433821904
1987-07-01,79.75,0.05040274895210928,5.169457998153759,0.20999999999999996,-0.015519710749856586,1.2999999999999972,0.016179757677168283,0.0,0.0,0.05040274895210928,0.4455000000000009,2.049999999999997,0.03219138268081245,-0.3899999999999997,0,0.0012380656679344872,8.858858858858842,1.1943875315483419,1.6646931345996228,-1.5823481050378803,-0.7568584747834092,0.37927693924004524
1987-10-01,82.41,0.0328100471103383,3.33542319749216,0.71,-0.015764374266822756,1.9500000000000028,0.024957249558040573,0.0,0.0,0.0328100471103383,0.9819999999999993,-0.6500000000000057,0.031187335239303948,0.11000000000000032,0,0.0012996885226511058,8.677304496900963,1.8501346184617675,1.6249358274159367,-0.5954289881849281,-0.8406039527235898,-0.6078156755742706
1988-01-01,85.65,0.03856243599483733,3.9315617036767447,-0.45999999999999996,-0.016016875601284397,0.14999999999999147,0.012970249572964221,0.0,0.0,0.03856243599483733,-0.8774999999999995,-0.04999999999999716,0.03024403038210899,0.15000000000000036,0,0.001372596153846154,7.398119122257052,-0.0916472380844545,1.3565705347471433,-2.1090273392031578,-0.5662990717128793,0.10520933247757376
1988-04-01,89.25,0.04117219588961962,4.203152364273199,0.040000000000000036,-0.010471299867294448,1.3500000000000085,0.022734948282947087,0.0,0.0,0.04117219588961962,-0.18050000000000033,1.3499999999999943,0.022710244577210048,-1.1500000000000004,0,0.001445344129554656,8.299963596650905,1.1800610927590218,1.57921977005322,-1.3033290843948213,-0.44020696473791554,0.016440576847143392
1988-07-01,91.97,0.030021016254857535,3.0476190476190546,0.8799999999999999,-0.010582109330536937,1.0499999999999972,0.01772225187011678,0.0,0.0,0.030021016254857535,0.23000000000000043,0.8500000000000085,0.022205921475709545,-0.4300000000000006,0,0.0015052373158756136,7.378867483946294,1.561734388122703,0.9584479694507001,-0.8848809381630689,-0.8260227619358465,-0.5828670996802595
1988-10-01,94.4,0.02607863623684903,2.6421659236707695,0.5500000000000007,-0.010695289116748441,2.299999999999997,0.021845138070249348,0.0,0.0,0.02607863623684903,-0.12950000000000017,1.2000000000000028,0.02172351149327767,-0.71,0,0.0015616211745244004,5.770308123249301,1.5523280920588354,1.4664091600949627,-0.4255827684928913,-0.33763744136479146,-0.6415434524748591
1989-01-01,96.6,0.023037668067017236,2.330508474576254,0.8199999999999985,-0.010810916104215806,1.2999999999999972,0.020483978520692503,0.0,0.0,0.023037668067017236,0.4275000000000002,1.2999999999999972,0.02126161673986182,0.5800000000000001,0,0.0016153846153846153,5.034250299010545,1.52170489473666,1.0195567753488395,-0.6260242723993312,-0.7137259408265911,-0.8831288509895567
1989-04-01,99.1,0.025550700117469738,2.5879917184264967,0.7200000000000006,-0.00591209084867117,2.299999999999997,0.018197658588041676,0.0,0.0,0.025550700117469738,0.3200000000000003,1.9500000000000028,-0.015282525683804948,-0.05999999999999961,0,0.0016670171159426383,4.978813559322015,1.6251196377903991,1.1745062816770186,-0.37616113622840414,-0.16963526736179246,-0.5520638065492891
1989-07-01,100.94,0.018396839576173996,1.8567103935418716,-0.5999999999999996,-0.005947251643711127,1.2000000000000028,0.014663025534526142,0.0,0.0,0.018396839576173996,-1.1675000000000004,0.14999999999999147,-0.015519710749856586,0.20999999999999996,0,0.0017080971317370336,4.492753623188417,-0.2386853144191046,1.1464968710871386,-1.2806834026698801,0.3790932137387028,-0.4287291756857308
1989-10-01,101.85,0.008974861760698616,0.9015256588072118,-0.40000000000000036,-0.005982833163580281,2.500000000000014,0.009066531429009927,0.0,0.0,0.008974861760698616,0.0649999999999995,1.3500000000000085,-0.015764374266822756,0.71,0,0.001733838362344129,2.7749747729566066,-0.20077117316072765,1.2197838856149286,-0.6178377593430622,0.7707035426673581,-0.6408977587618817
1990-01-01,102.11,0.002549520894631563,0.25527736867942963,-0.6099999999999994,-0.006018843005177743,1.6999999999999886,0.021595446713407185,0.0,0.0,0.002549520894631563,-0.05250000000000021,1.0499999999999972,-0.016016875601284397,-0.45999999999999996,0,0.0017487583490323685,1.1591044184664279,-0.1789382996122688,1.220703558085847,-0.6466840625795339,0.5562915793059259,-1.1602197444156634
1990-04-01,102.41,0.002933700519899496,0.2938008030555217,0.02999999999999936,0.013100995547153715,1.9000000000000057,0.01476051475683171,17.440878048779723,0.1750000000000007,0.002933700519899496,0.47499999999999964,2.299999999999997,-0.010471299867294448,0.040000000000000036,0,0.0017310682893847194,0.5498281786941561,-0.43584883590012696,0.4564537114901951,1.0250802490848334,0.6131811660634083,0.14622570884785743
1990-07-01,101.87,-0.005286873485371046,-0.5272922566155525,-0.10999999999999943,0.012931576627494223,1.799999999999983,0.009200455308418398,17.440878048780178,0.17499999999999893,-0.005286873485371046,-0.3349999999999991,1.2999999999999972,-0.010582109330536937,0.8799999999999999,1,0.0016998164525279494,-0.23504064244441736,-0.9945442601093298,0.26202568553298333,1.001715547446553,0.804236074997573,-0.01715698397435986
1990-10-01,100.53,-0.013241300184645866,-1.3154019829194064,-0.040000000000000924,0.01276648359535848,2.5,-0.0017276427653207804,17.440878048781087,0.1750000000000007,-0.013241300184645866,0.14250000000000007,2.299999999999997,-0.010695289116748441,0.5500000000000007,1,0.001656177924217463,-1.835758226735662,-1.3999369306754266,0.12547107344360264,1.2632299190011016,1.1632146292481216,-0.05914822497293255
1991-01-01,101.07,0.0053571556692419975,0.5371530886302489,-1.1999999999999993,0.012605552853464985,0.9000000000000057,0.005057357133386731,17.440878048780178,0.17499999999999893,0.0053571556692419975,-0.5400000000000009,1.2000000000000028,-0.010810916104215806,0.8199999999999985,1,0.001644216691068814,-0.7853146166683089,-2.2600387234386887,0.44881389538120764,-0.11637442747245574,1.1205480966591943,0.7495580164832027
1991-04-01,101.22,0.0014830196993607103,0.14841199168893482,-1.0,-0.003258924181354317,1.0,0.015077361502868314,17.440878048780178,0.15000000000000036,0.0014830196993607103,-0.14499999999999957,2.500000000000014,-0.00591209084867117,0.7200000000000006,0,0.0016520319895544312,0.6863622799164304,-1.81307768415512,0.9666898661246074,0.14204896359485866,0.21550437130030312,0.02636827717981728
1991-07-01,100.41,-0.008034561894587178,-0.8002371072910464,-0.08999999999999986,-0.003269579502520159,0.8000000000000114,0.012823704276186731,17.440878048781087,0.15000000000000036,-0.008034561894587178,0.08249999999999957,1.6999999999999886,-0.005947251643711127,-0.5999999999999996,0,0.001644178811200262,-0.6530127634312821,-1.1919803366304544,0.42352175993469243,0.6425540038920721,-0.23018523599843813,-0.5831280632852279
1991-10-01,102.01,0.0158090438030829,1.5934667861766894,-0.6100000000000003,-0.003280304729209149,2.049999999999983,0.009398747361114346,17.440878048780178,0.15000000000000036,0.0158090438030829,-0.7199999999999989,1.9000000000000057,-0.005982833163580281,-0.40000000000000036,0,0.0016758666009528504,0.7804781663702798,-1.161659617440258,1.218251292245063,0.2948527416331729,0.23177937145337196,0.662642723363593
1992-01-01,102.32,0.0030343095761597993,0.3038917753161341,-1.1799999999999997,-0.0032911005516265135,-0.04999999999998295,0.015610832427165988,17.440878048780178,0.15000000000000036,0.0030343095761597993,-0.4230000000000018,1.799999999999983,-0.006018843005177743,-0.6099999999999994,0,0.0016865007417174878,1.9022009759984027,-2.1483495362360006,0.7564759840909215,-0.343327160696821,0.01385530068805,0.05540524785733775
1992-04-01,101.5,-0.0080463587887456,-0.8014073494917784,-0.30000000000000027,-0.030202655424046654,0.19999999999998863,0.01677803616574991,17.440878048781087,0.07499999999999929,-0.0080463587887456,0.42050000000000054,2.5,0.013100995547153715,0.02999999999999936,0,0.0017242843795124438,-0.4999509851975392,-1.4612466069346457,0.9710521949335857,0.13224675458494353,-1.5798354025268677,-1.1929356558033526
1992-07-01,102.32,0.0080463587887456,0.8078817733990107,-0.48,-0.031143340744806736,1.700000000000017,0.014708407976383953,17.440878048780178,0.07499999999999929,0.0080463587887456,-0.724499999999999,0.9000000000000057,0.012931576627494223,-0.10999999999999943,0,0.0017932001402032947,0.0,-1.139507457009486,1.6738118894129608,0.21178768346394178,-1.232124341103648,-0.3792160430991861
1992-10-01,102.43,0.0010744811778558017,0.10750586395622541,-0.1499999999999999,-0.032144511744608195,1.6499999999999773,0.017235751466046167,17.440878048780178,0.07500000000000107,0.0010744811778558017,-0.040000000000000924,1.0,0.01276648359535848,-0.040000000000000924,0,0.0018537688896932405,0.9162561576354644,-0.852907211030297,1.5339872305207876,0.5294637013486554,-1.4465778317773825,-0.826104870787796
1993-01-01,102.2,-0.002247960678839256,-0.22454359074490782,-0.08000000000000007,-0.03321219656969099,1.3500000000000227,0.007256564190816661,17.440878048781087,0.07499999999999929,-0.002247960678839256,-0.09549999999999947,0.8000000000000114,0.012605552853464985,-1.1999999999999993,0,0.001912067352666043,-0.11727912431586107,-1.3306012445551798,1.2172616362735338,0.3422279452830509,-1.4459655552602706,-0.7944977333126744
1993-04-01,102.4,0.001955034835803282,0.1956947162426559,-0.06000000000000005,0.01963753360513465,1.049999999999983,0.011741553633992652,17.440878048780178,-0.15000000000000036,0.001955034835803282,-0.5205000000000011,2.049999999999983,-0.003258924181354317,-1.0,0,0.0018785543936892313,-0.029288294444984597,0.23992925444916174,-1.3403336952431333,0.14002887954946824,0.4126106336408665,-0.1303214144318729
1993-07-01,102.42,0.00019529342899726743,0.01953125000000444,0.10000000000000009,0.019259316215640254,0.3499999999999943,0.010687239590788877,17.440878048780178,-0.14999999999999858,0.00019529342899726743,-0.26599999999999824,-0.04999999999998295,-0.003269579502520159,-0.08999999999999986,0,0.001843080798992262,0.21526418786692592,0.18792861702389865,-1.630558655357931,-0.024554044736893765,0.15074253106294555,-0.2791011337907743
1993-10-01,102.96,0.005258557253466911,0.5272407732864526,-0.06999999999999984,0.018895392833885083,1.1000000000000227,0.018947249836214652,17.440878048781087,-0.15000000000000036,0.005258557253466911,-0.3719999999999999,0.19999999999998863,-0.003280304729209149,-0.6100000000000003,0,0.0018181176055094472,0.5468749999999911,0.5940559395109035,-1.1128720183618488,0.20591134499755848,0.2717930741462441,-0.16755170160283614
1994-01-01,103.15,0.0018436762293898568,0.18453768453770003,0.05999999999999961,0.01854496814308426,0.5999999999999943,0.014426067572559376,17.440878048780178,-0.15000000000000036,0.0018436762293898568,0.22599999999999998,1.700000000000017,-0.0032911005516265135,-1.1799999999999997,0,0.0017880048535274745,0.7127514157391213,0.3733475285671747,-1.425772643830959,0.07474300164769566,0.14289699346913826,-0.2803191960872217
1994-04-01,102.23,-0.008959062748338908,-0.8919049927290423,0.5100000000000002,-0.000650237359538508,0.549999999999983,0.01828120417146728,17.440878048780178,-0.1750000000000007,-0.008959062748338908,1.2559999999999985,1.6499999999999773,-0.030202655424046654,-0.30000000000000027,0,0.0017732101816920341,-0.7090132090131984,0.6167783065661888,-1.1435560209299276,0.4128253656151999,-0.9410330918732419,-1.2785307675782707
1994-07-01,101.16,-0.010521754967157904,-1.0466594932994289,0.6999999999999997,-0.0006506604432825469,0.35000000000002274,0.011544093816374001,17.440878048781087,-0.17499999999999893,-0.010521754967157904,0.2980000000000018,1.3500000000000227,-0.031143340744806736,-0.48,0,0.001755792762301484,-1.9292292777508546,0.4645923522063394,-1.4200436598516497,0.3411450981362289,-0.9937671140523884,-1.261721351778372
1994-10-01,100.28,-0.0087371485116714,-0.8699090549624366,0.5,-0.000651084077951225,1.549999999999983,0.016801416544245384,17.440878048780178,-0.1750000000000007,-0.0087371485116714,0.31099999999999994,1.049999999999983,-0.032144511744608195,-0.1499999999999999,0,0.0017416525552516175,-1.907463562555023,0.7413479184909112,-0.8760448798352632,0.7399702979626641,-0.6509815531034949,-1.164278807495762
1995-01-01,100.0,-0.0027960873020012045,-0.2792181890706069,0.7700000000000005,-0.0006515082646245673,0.45000000000001705,0.008946900681642944,17.440878048780178,-0.17499999999999893,-0.0027960873020012045,0.22250000000000014,0.3499999999999943,-0.03321219656969099,-0.08000000000000007,0,0.001737921445950643,-1.1466982997232034,0.600771100033123,-1.3624734315468083,0.19952245380952371,-1.0371087526305107,-0.9187469978179742
1995-04-01,100.89,0.008860628432196371,0.8899999999999908,0.5199999999999996,0.0032099971171568598,1.0999999999999943,0.007774241405028803,17.440878048781087,-0.025000000000000355,0.008860628432196371,-0.8275000000000006,1.1000000000000227,0.01963753360513465,-0.06000000000000005,0,0.0017477695972282373,0.608296769046679,0.23592186413969796,-0.48050898510634366,0.32372370845848886,-0.4769335197185908,-0.07695485774128628
1995-07-01,102.14,0.012313606799209786,1.2389731390623382,-0.20000000000000018,0.003199725997140135,1.1999999999999886,0.013381644091538192,17.440878048780178,-0.025000000000000355,0.012313606799209786,-0.7125000000000004,0.5999999999999943,0.019259316215640254,0.10000000000000009,0,0.001763771369366258,2.1400000000000086,-0.18870354898347474,-0.04675202850189954,0.06006346322951992,-0.15789948840339418,0.15808857868700232
1995-10-01,102.87,0.007121633923440562,0.7147053064421316,-0.08999999999999986,0.0031895203971270547,-0.4000000000000057,0.01157656210110325,17.440878048781087,-0.025000000000000355,0.007121633923440562,-0.13250000000000028,0.549999999999983,0.018895392833885083,-0.06999999999999984,0,0.0017707203718048026,1.9625334522747506,-0.5594139681132708,-0.6534247445638064,-0.39154465703775315,-0.5756110322380762,-0.1487826499549187
1996-01-01,104.04,0.01130938543751192,1.137357830271224,-0.20000000000000018,0.0031793796921775197,1.1000000000000227,0.012260452661113419,17.440878048780178,-0.025000000000000355,0.01130938543751192,-0.4450000000000003,0.35000000000002274,0.01854496814308426,0.05999999999999961,0,0.0017851750171585452,1.8601918934795458,-0.2744456198073093,-0.11053557959976122,0.02537509221555246,-0.16133397179788314,0.13659262952343368
1996-04-01,102.69,-0.013060699370246454,-1.2975778546712835,-0.33999999999999986,-0.006066752682237109,1.8999999999999773,0.020674758952713645,17.440878048781087,-0.09999999999999964,-0.013060699370246454,0.8950000000000014,1.549999999999983,-0.000650237359538508,0.5100000000000002,0,0.0017727331578265935,-0.17497812773403787,-0.2808744632192578,0.00765282879003731,0.7429718721594325,-0.2599665331283464,-1.1415537418176347
1996-07-01,101.68,-0.009884114329005378,-0.9835427013341058,0.1800000000000006,-0.006103782938017943,1.4000000000000057,0.012195955142260573,17.440878048780178,-0.09999999999999964,-0.009884114329005378,0.3200000000000003,0.45000000000001705,-0.0006506604432825469,0.6999999999999997,0,0.0017660442900564483,-2.268358323721642,-0.12870825892213658,-0.4390422987170222,0.580226359148316,-0.5943275185102841,-1.0239584223944656
1996-10-01,102.37,0.006763074050480711,0.6785995279307677,-0.16000000000000014,-0.006141268022082258,0.9000000000000057,0.015662768880966738,17.440878048780178,-0.09999999999999964,0.006763074050480711,-0.33000000000000096,1.0999999999999943,-0.000651084077951225,0.5,0,0.0017889816068854035,-0.3116174895315904,-0.10456858551122865,-0.17452468556118603,-0.046951662365470756,-0.7316463901401762,-0.38720617622714487
1997-01-01,102.79,0.004094371093151139,0.41027644817817066,0.009999999999999787,-0.006179216365957529,0.5999999999999943,0.012379097232003033,17.440878048780178,-0.09999999999999964,0.004094371093151139,-0.09100000000000019,1.1999999999999886,-0.0006515082646245673,0.7700000000000005,0,0.001807455600492351,1.091660110149495,-0.1756695219820331,-0.4190562101513374,-0.08008369080548608,-0.8393783674767007,-0.4912657852140764
1997-04-01,102.37,-0.004094371093151139,-0.4086000583714333,0.2599999999999998,0.00875355729507099,0.4000000000000057,0.018502460122904907,17.440878048781087,-0.15000000000000036,-0.004094371093151139,0.3185000000000002,-0.4000000000000057,0.0032099971171568598,0.5199999999999996,0,0.0017843820812271222,0.0,0.4734728141149187,-1.2357136978332326,0.23785757145079173,-0.45127340921587233,-0.8409525731535124
1997-07-01,103.33,0.009334049294584368,0.9377747386929647,0.009999999999999787,0.00867759697196746,0.9000000000000057,0.016762230445625192,17.440878048780178,-0.15000000000000036,0.009334049294584368,-0.6450000000000005,1.1000000000000227,0.003199725997140135,-0.20000000000000018,0,0.0017855538275444963,0.5253429321918412,0.5026737209512718,-0.8561167931730419,-0.009595848466596012,-0.27480515643457715,-0.17195471648160557
1997-10-01,104.11,0.007520282260397693,0.7548630600987094,-0.019999999999999574,0.00860294362995262,-0.20000000000001705,0.011829341790379644,17.440878048780178,-0.15000000000000036,0.007520282260397693,-0.20350000000000001,1.8999999999999773,0.0031895203971270547,-0.08999999999999986,0,0.0017836217234880932,1.6997167138810054,0.019294526877195527,-1.283416235867544,-0.470063532085428,-0.47076997910926976,-0.20225382605564374
1998-01-01,105.59,0.01411563733176191,1.4215733358947213,0.05999999999999961,0.008529563824470898,-0.19999999999998863,0.011407881497815353,17.440878048781087,-0.15000000000000036,0.01411563733176191,-0.2999999999999998,1.4000000000000057,0.0031793796921775197,-0.20000000000000018,0,0.001793613045693902,2.1871673279783233,0.21367356865759116,-1.2284667100278708,-0.5816701952707959,-0.569532915129705,0.03748619140215314
1998-04-01,105.73,0.0013250049260120633,0.13258831328724074,-0.10999999999999943,0.03275146529244388,1.0500000000000114,0.011574244942551104,17.440878048780178,-0.1999999999999993,0.0013250049260120633,0.1460000000000008,0.9000000000000057,-0.006066752682237109,-0.33999999999999986,0,0.0017381226368568142,1.5560464892901749,0.4831463434028869,-1.9586621005247982,0.11474934935767563,0.9625563038550043,0.026640885472758582
1998-07-01,106.28,0.005188446147177395,0.5201929442920639,0.08999999999999986,0.031712736793403806,1.3499999999999943,0.016737962731383504,17.440878048780178,-0.1999999999999993,0.005188446147177395,-0.1880000000000006,0.5999999999999943,-0.006103782938017943,0.1800000000000006,0,0.0016926262143653447,0.653470972629977,1.0250622550897608,-1.7540046827781826,0.31671187185654637,0.7820212366142277,0.005100828199420141
1998-10-01,107.46,0.011041564409062232,1.1102747459540874,-0.46999999999999975,0.03073787545362805,-0.05000000000001137,0.018777980355340063,17.440878048781087,-0.20000000000000107,0.011041564409062232,-0.24200000000000088,0.4000000000000057,-0.006141268022082258,-0.16000000000000014,0,0.0016596138996138995,1.6362432611368494,0.3655133642644432,-1.817037226596101,-0.5368087842350572,0.5993835846672864,0.24254878560742207
1999-01-01,108.69,0.011381108274420626,1.144611948632046,-0.4400000000000004,0.029821166141777766,0.5500000000000114,0.012583621343372542,17.440878048780178,-0.1999999999999993,0.011381108274420626,0.07500000000000107,0.9000000000000057,-0.006179216365957529,0.009999999999999787,0,0.001629290960875431,2.2675950319909655,0.250219908557343,-1.740533152553644,-0.42655467542970915,0.7847026716501156,0.41010004723490584
1999-04-01,109.52,0.007607387405097477,0.7636397092648739,0.11000000000000032,0.00757876357181253,1.049999999999983,0.012095263426347813,17.440878048780178,-0.15000000000000036,0.007607387405097477,0.13100000000000023,-0.20000000000001705,0.00875355729507099,0.2599999999999998,0,0.001629337598095734,1.9169923692536672,0.393750083661208,-0.9261487556018348,0.038845807077255816,-0.2591389695567005,-0.17411353743731797
1999-07-01,111.45,0.0174688788516848,1.762235208181151,0.25,0.007521757677922736,1.8500000000000227,0.01669922418926717,17.440878048781087,-0.15000000000000036,0.0174688788516848,0.7159999999999993,-0.19999999999998863,0.00867759697196746,0.009999999999999787,0,0.00164562569213732,2.5393320452663515,1.0767100842018862,-0.5180922983103174,0.263049121461993,-0.27477505636000793,0.1191862578866519
1999-10-01,113.1,0.0146963232901971,1.4804845222072593,0.20999999999999996,0.007465602958768969,1.1499999999999773,0.021805656447295263,17.440878048780178,-0.15000000000000036,0.0146963232901971,0.21999999999999975,1.0500000000000114,0.00860294362995262,-0.019999999999999574,0,0.001657567874546587,3.2688093498904225,1.0574337316149678,-0.6426216641240121,0.1394215587513243,-0.487464271861891,-0.13909847906435321
2000-01-01,115.69,0.022641816918722135,2.2900088417329822,0.25,0.007410280491759735,0.35000000000002274,0.01025114155537743,17.440878048780178,-0.14999999999999858,0.022641816918722135,0.35800000000000143,1.3499999999999943,0.008529563824470898,0.05999999999999961,0,0.0016830084375909222,3.804396590399284,0.6220612680064735,-1.0065994098626876,-0.5037914671302166,-0.6349824025053005,0.3558281172342219
2000-04-01,119.38,0.03139748269970699,3.189558302359763,0.5699999999999994,-0.0058360247345419225,3.049999999999983,0.024252272559508015,17.440878048781087,0.09999999999999964,0.03139748269970699,-0.057500000000000995,-0.05000000000001137,0.03275146529244388,-0.10999999999999943,0,0.0017468539654667836,5.5526083112290125,1.2954187705712545,1.484615038747176,1.0227202185959294,-0.6616825528810788,0.5488478465486094
2000-07-01,122.31,0.024247122758767503,2.454347461886419,0.5200000000000005,-0.005870283954708455,1.950000000000017,0.006850692349013698,17.440878048780178,0.09999999999999964,0.024247122758767503,-0.004999999999999005,0.5500000000000114,0.031712736793403806,0.08999999999999986,0,0.0018002649396526348,5.722188607485523,0.16951889965614358,0.7470019833241852,0.44808796765441905,-0.627543135032601,0.5940497565488405
2000-10-01,125.1,0.022554611973593985,2.2810890360559277,-0.03000000000000025,-0.005904947775016822,0.3499999999999943,0.011330902336348814,26.560749999999643,0.09999999999999964,0.022554611973593985,-0.3525000000000009,1.049999999999983,0.03073787545362805,-0.46999999999999975,0,0.0018522357121705656,4.7914223488021435,-0.7524987020906414,0.24961110645957338,0.2816770038266408,-1.1911465209862406,0.8970942526312115
2001-01-01,129.2,0.03224817387563572,3.277378097521977,-0.5299999999999994,-0.0059400234055324574,0.75,0.0032992511741500863,26.560750000000553,0.09999999999999964,0.03224817387563572,-0.7625000000000002,1.8500000000000227,0.029821166141777766,-0.4400000000000004,0,0.0019243372058385462,5.633227046030576,-1.3350053365225252,0.5117038405153158,-0.1456443657898092,-0.7821277371010068,1.6298446750682876
2001-04-01,133.05,0.029363406075196608,2.9798761609907354,-1.1800000000000006,-0.01580036999031975,1.6999999999999886,0.01222356936880864,26.560750000000553,0.10000000000000142,0.029363406075196608,0.04499999999999993,1.1499999999999773,0.00757876357181253,0.11000000000000032,1,0.002013240022697182,6.354916067146288,-1.6324903362247816,1.466560018036089,0.0704316260447857,-0.6943266375300041,1.4173519985184893
2001-07-01,137.2,0.03071471786808644,3.119128147313033,-1.0299999999999998,-0.016054035045865334,1.5999999999999943,-9.246582781052837e-05,26.560749999999643,0.09999999999999964,0.03071471786808644,0.05000000000000071,0.35000000000002274,0.007521757677922736,0.25,1,0.0021096332743907125,6.19195046439629,-1.9838559431009155,1.1707913575860367,-0.14403474457458557,-0.6578214571432134,1.6854801396550276
2001-10-01,140.24,0.02191552532119445,2.215743440233253,-1.2799999999999998,-0.01631597804688134,1.0,0.005874847582155951,21.824249999999665,0.09999999999999964,0.02191552532119445,-0.5100000000000007,3.049999999999983,0.007465602958768969,0.20999999999999996,1,0.0021918493338022116,5.403983464862838,-2.1836747737619016,1.2405785946063006,-0.46852197620568714,-0.4910576354340242,1.026740355184945
2002-01-01,143.91,0.025832863569103637,2.6169423844837336,-0.7600000000000002,-0.016586610929980594,-0.19999999999998863,0.011475149310435029,21.824250000000575,0.09999999999999964,0.025832863569103637,0.3799999999999999,1.950000000000017,0.007410280491759735,0.25,0,0.0022868266327665658,4.890670553935861,-1.5702132230722563,0.8842483612160397,-0.6550380201750908,-1.221529428003207,0.8087605967377516
2002-04-01,149.17,0.035898490983756304,3.655062191647551,0.020000000000000018,0.031864147315113556,2.75,0.009594480123970683,21.824249999999665,0.09999999999999964,0.035898490983756304,-0.01249999999999929,0.3499999999999943,-0.0058360247345419225,0.5699999999999994,0,0.0022960711124793164,6.367655447803755,0.5176429141905071,0.001760409995379208,0.7770429279708687,1.173753243224955,2.0292545651405476
2002-07-01,154.24,0.0334232356963966,3.398806730575865,-0.020000000000000018,0.03088009861823693,1.4499999999999886,0.008831641885766572,21.824249999999665,0.10000000000000142,0.0334232356963966,-0.5,0.75,-0.005870283954708455,0.5200000000000005,0,0.0023019177673307962,7.178097421999863,0.13427619882172306,-0.37782937452855425,0.3218961727596393,0.8390838854590299,1.8547302441195481
2002-10-01,157.1,0.018372714399339962,1.8542531120331773,0.020000000000000018,0.02995501353961849,1.4000000000000057,0.007021243585219494,17.951250000000073,0.09999999999999964,0.018372714399339962,-0.3725000000000005,1.6999999999999886,-0.005904947775016822,-0.03000000000000025,0,0.0022754100735054494,5.316082322182747,-0.1329466043570935,-0.4906492119047059,0.3720977618202913,1.0858323029704313,1.1039435361170844
2003-01-01,160.03,0.018478752396323905,1.865054105665176,-0.51,0.029083746274640276,0.700000000000017,0.010136641922702694,17.951250000000073,0.09999999999999964,0.018478752396323905,-0.19649999999999945,1.5999999999999943,-0.0059400234055324574,-0.5299999999999994,0,0.002251406865503658,3.7538900414937793,-0.6946002842954744,-0.42030276222307195,-0.07293802266310272,1.1122066681256448,1.1361833736452274
2003-04-01,163.19,0.01955386848494367,1.9746297569205762,0.020000000000000018,-0.014846583270069047,2.4499999999999886,0.012330626934195621,17.951250000000073,0.05000000000000071,0.01955386848494367,-0.10350000000000037,1.0,-0.01580036999031975,-1.1800000000000006,0,0.002330203833934245,3.8765117759388845,-0.08475311307063361,1.1834681937260125,0.4991834694764279,-0.7186509648778187,0.2897009450700825
2003-07-01,168.35,0.031129979464240343,3.1619584533365996,-0.25,-0.015070330356385497,1.4499999999999886,0.022195777452036936,17.951250000000073,0.049999999999998934,0.031129979464240343,-0.17999999999999972,-0.19999999999998863,-0.016054035045865334,-1.0299999999999998,0,0.0024403855910705226,5.199025182778216,0.07886626180253167,1.342257582596139,-0.058806740658338304,-1.0800262642293932,0.5288329151540483
2003-10-01,177.31,0.05185446746181377,5.3222453222453225,0.0,-0.015300924778568259,0.4000000000000057,0.017616107835717543,18.037000000000262,0.05000000000000071,0.05185446746181377,0.3194999999999997,2.75,-0.01631597804688134,-1.2799999999999998,0,0.002609898804047838,8.652490961455971,0.3498515263162833,1.1443208230287294,-0.8424769546225198,-1.6280714738107376,1.2850998351734744
2004-01-01,182.84,0.030711840394646472,3.118831425187518,-0.010000000000000009,-0.015538685751110393,0.09999999999999432,0.012763089836187902,18.037000000000262,0.049999999999998934,0.030711840394646472,-0.2394999999999996,1.4499999999999886,-0.016586610929980594,-0.7600000000000002,0,0.0027334429660636865,8.607068607068612,-0.3391620175811669,0.6898949436374799,-0.593463793550298,-1.4634896313079622,0.5501328261805541
2004-04-01,192.31,0.05049719985921275,5.179391817982926,0.0,0.0015685106102534263,2.75,0.015757185384984496,18.036999999999352,-0.02499999999999858,0.05049719985921275,0.11749999999999972,1.4000000000000057,0.031864147315113556,0.020000000000000018,0,0.0028705127248302115,8.459759742823314,1.133995873362636,0.9262011700626204,-0.02947588572299325,-0.31539085332835637,1.634284899100275
2004-07-01,209.76,0.0868553666926335,9.073891113306631,0.26,0.0015660542370650177,1.950000000000017,0.015766649668751853,18.037000000000262,-0.025000000000000355,0.0868553666926335,0.22599999999999998,0.700000000000017,0.03088009861823693,-0.020000000000000018,0,0.003126080476900149,14.723255305184857,1.966570050073422,1.0921928688210372,-0.9732204106137572,-0.9868362182172187,2.910054866920739
2004-10-01,217.45,0.0360049190282572,3.6660945842867942,0.5,0.0015636055454759656,1.4499999999999886,0.017872765077211028,17.685749999999643,-0.025000000000000355,0.0360049190282572,-0.3334999999999999,2.4499999999999886,0.02995501353961849,0.020000000000000018,0,0.003235622349527565,13.072643128282447,1.2109498089281305,0.2352086790471921,0.04857869658218872,-0.8278184453766726,0.7667064176501054
2005-01-01,227.49,0.04513734233730737,4.617153368590499,0.5199999999999998,0.0015611644995097151,1.3499999999999943,0.018982720274538067,17.685750000000553,-0.025000000000000355,0.04513734233730737,-0.012500000000000178,1.4499999999999886,0.029083746274640276,-0.51,0,0.003379735551923934,8.452517162471395,1.4385213616187817,0.34356783687861164,-0.1529347379917439,-0.9597410623153461,1.0834126017158425
2005-04-01,244.5,0.07210902753397264,7.477251747329539,0.5100000000000002,0.011705109178553386,2.9000000000000057,0.012095931891508371,17.685749999999643,-0.07499999999999929,0.07210902753397264,0.14500000000000046,0.4000000000000057,-0.014846583270069047,0.020000000000000018,0,0.0035901765720788518,12.439641296849846,2.2497009989769485,0.4954604995979064,-0.3177725603293473,-0.2945858232371098,2.506031290275779
2005-07-01,257.78,0.05289119906170647,5.431492842535768,0.46999999999999975,0.011569683244690765,1.700000000000017,0.016880008311837003,17.685749999999643,-0.07500000000000107,0.05289119906170647,-0.16000000000000014,0.09999999999999432,-0.015070330356385497,-0.25,0,0.003741635822628637,13.314870983339922,1.7958383128046755,0.0016822438209474894,-0.2797292141920573,-0.49734778144123803,1.5804889900840031
2005-10-01,268.98,0.04253051941876951,4.344790131119569,0.52,0.011437355208572697,2.1499999999999773,0.013720172637199823,8.936249999999745,-0.07499999999999929,0.04253051941876951,0.3700000000000001,2.75,-0.015300924778568259,0.0,0,0.00385980269058296,10.01226993865032,1.787231550486494,0.19583830265965566,-0.45538639231461536,0.10041622892419545,0.8657402005525009
2006-01-01,274.29,0.019548913449042082,1.9741244702208283,0.5100000000000002,0.011308019973485628,0.6500000000000057,0.020425795196878482,8.936249999999745,-0.07499999999999929,0.019548913449042082,0.07999999999999918,1.950000000000017,-0.015538685751110393,-0.010000000000000009,0,0.003891742338251987,6.4046861664985855,1.3123562822726949,-0.40829746108607806,-0.3989313167794252,-0.19245118028007688,-0.27830939108605546
2006-04-01,278.67,0.0158423452230938,1.5968500492179682,0.5,0.005306553648908974,2.1500000000000057,0.01127978516591277,8.936250000000655,0.09999999999999964,0.0158423452230938,0.3625000000000007,1.4499999999999886,0.0015685106102534263,0.0,0,0.003932961682308941,3.6024983270131594,0.5273925603775542,0.694120776195382,0.31668020075058506,0.3020398185688474,-0.00674879580131961
2006-07-01,279.9,0.004404110453869237,0.4413822801162537,0.4500000000000002,0.005278542713430312,3.6500000000000057,0.008453977374392352,8.936249999999745,0.09999999999999964,0.004404110453869237,0.2549999999999999,1.3499999999999943,0.0015660542370650177,0.26,0,0.003929524076933876,2.045280542491512,0.42048120236006387,0.9386375928378327,1.0305701577816275,0.8653549454872224,-0.2685420451889986
2006-10-01,281.95,0.007297353731782863,0.7324044301536325,0.009999999999999787,0.005250825940402493,-0.75,0.012137270406338274,12.00525000000016,0.09999999999999964,0.007297353731782863,-0.40500000000000025,2.9000000000000057,0.0015636055454759656,0.5,0,0.003937574191746386,1.1770194136433654,-0.7360929737898183,-0.17137133070346228,-0.574951914177255,-0.27099386150188726,-0.27319433053261105
2007-01-01,280.11,-0.006547367089246414,-0.6525979783649549,0.0,0.005223398720218597,0.4509999999999934,0.012464481672711969,12.00525000000016,0.09999999999999964,-0.006547367089246414,-0.13999999999999968,1.700000000000017,0.0015611644995097151,0.5199999999999998,0,0.0038914976382328427,0.07502679528403888,-0.7757177169606667,0.0021385663777214133,0.1549866012010093,0.16806591012354713,-0.7311264055449833
2007-04-01,278.1,-0.007201621924025403,-0.7175752382992395,0.0,0.013899890958771977,4.175000000000011,0.01302923871616457,12.00525000000016,0.125,-0.007201621924025403,-0.03750000000000053,2.1499999999999773,0.011705109178553386,0.5100000000000002,0,0.0038102414797054293,-1.3654903351657977,-0.020618495992272,0.9037602145660012,1.615652611758645,1.561438498930905,-0.3326252903126126
2007-07-01,271.97,-0.02228899514441185,-2.2042430780294886,0.009999999999999787,0.013709329744154175,1.921999999999997,0.011187984324070754,12.00525000000016,0.125,-0.02228899514441185,0.5150000000000006,0.6500000000000057,0.011569683244690765,0.46999999999999975,0,0.0036755186161227115,-2.906001213808851,-0.8188714489350652,0.014622160971064172,1.090678630054693,1.1035622529228168,-1.0410215526912834
2007-10-01,265.68,-0.023399189027015765,-2.3127550832812482,-0.5,0.01352392296029059,1.195999999999998,0.010310559445708023,16.225749999999607,0.125,-0.023399189027015765,-0.3200000000000003,2.1500000000000057,0.011437355208572697,0.52,0,0.0035422819239358688,-4.466019417475731,-1.6377973361213145,-0.18002399891061865,0.8579370919671148,1.0243648876616047,-0.7725870363407338
2008-01-01,258.29,-0.02820959238898979,-2.781541704305923,-0.8199999999999998,0.013343464263847693,2.1929999999999836,-0.0005791664217102976,16.225750000000517,0.125,-0.02820959238898979,-0.617,3.6500000000000057,0.011308019973485628,0.5100000000000002,1,0.003398105512432575,-5.029966540427255,-2.325972154439999,-0.05257203327315575,0.9849710084491641,1.6505249496878163,-0.5546959787926882
2008-04-01,242.01,-0.06510393706250905,-6.302992760075899,-1.6600000000000001,-0.010082230092208988,2.952500000000015,0.010764456279087398,16.225749999999607,0.27500000000000036,-0.06510393706250905,0.15950000000000042,-0.75,0.005306553648908974,0.5,1,0.0032161865842719028,-8.909214092140926,-4.053078521383122,1.541699980218769,1.9868725516382018,1.629696412355901,-2.148166272962674
2008-07-01,229.66,-0.052379093268949184,-5.103094913433326,-0.27,-0.010184917654184389,5.3785000000000025,0.0022374163953209347,16.225749999999607,0.27500000000000036,-0.052379093268949184,0.5084999999999988,0.4509999999999934,0.005278542713430312,0.4500000000000002,1,0.003083305363496006,-11.08443997057572,-2.2544961488944253,1.7729576862449783,3.0730372495505462,1.5064943779860887,-1.719396188480094
2008-10-01,225.39,-0.01876771929886445,-1.8592702255508242,-1.0399999999999998,-0.010289718505097412,-2.6980000000000075,-0.019710398507420734,24.576250000000073,0.27500000000000036,-0.01876771929886445,-0.2259999999999991,4.175000000000011,0.005250825940402493,0.009999999999999787,1,0.003057275594289396,-6.867484814677082,-5.03086550742621,-0.5451575562228412,-0.7979583560443329,-0.5704777082453889,0.11611808213988448
2009-01-01,225.58,0.0008426281625917298,0.08429832734373477,-0.82,-0.010396698560382944,-4.389999999999986,-0.012211751484478839,24.576250000000073,0.27500000000000036,0.0008426281625917298,-1.1525000000000007,1.921999999999997,0.005223398720218597,0.0,1,0.0030918311403508774,-1.7765392319080364,-4.431771529926859,-0.6984774786213781,-1.5968863653438337,-1.419836058874238,0.5243937492712316
2009-04-01,218.12,-0.03362949315391006,-3.307030765138752,0.0,0.014086177587735449,1.2764999999999986,-0.003447578183424227,24.576250000000073,0.1999999999999993,-0.03362949315391006,-0.23749999999999893,1.195999999999998,0.013899890958771977,0.0,1,0.0029477667409960133,-3.2255202094147895,-2.282394520300758,-0.7193522601020855,1.7170082717189197,0.7911241584986775,-0.5345132338649179
2009-07-01,213.24,-0.02262707810330067,-2.2373005684944047,0.010000000000000009,0.013890510203827588,2.977499999999992,0.004692740011716268,24.576250000000073,0.1999999999999993,-0.02262707810330067,0.4119999999999999,2.1929999999999836,0.013709329744154175,0.009999999999999787,0,0.002842063174730108,-5.4703431155244235,-1.3934578447360335,0.08395593216745222,2.2460434388508492,1.0230212394553317,-0.17513199253498424
2009-10-01,213.92,0.003183821399073139,0.31888951416243483,-0.04000000000000001,0.013700204357453671,0.7729999999999961,0.013908546478694106,50.62299999999959,0.20000000000000107,0.003183821399073139,-0.27000000000000046,2.952500000000015,0.01352392296029059,-0.5,0,0.002812331558535463,-1.9255455712451908,-1.5459482763577768,-0.8312850006342541,2.600520773966024,-1.0208315117639424,1.6613103461530536
2010-01-01,211.72,-0.010337466363846026,-1.0284218399401635,-0.009999999999999995,0.013515042654191234,0.5829999999999984,0.0077075132288886294,50.6230000000005,0.1999999999999993,-0.010337466363846026,0.07800000000000029,5.3785000000000025,0.013343464263847693,-0.8199999999999998,0,0.0027460440985732815,-0.7128118551866458,-2.0774724323096248,-1.193543244873128,2.7223936757949274,-0.8942032729161041,1.248333470052764
2010-04-01,211.96,0.0011329306347747092,0.1133572643113645,0.09000000000000001,-0.014797663322358545,1.1140000000000043,0.014495760820626202,50.6230000000005,-0.025000000000000355,0.0011329306347747092,0.0680000000000005,-2.6980000000000075,-0.010082230092208988,-1.6600000000000001,0,0.0027901405206173695,-0.9162303664921323,-1.0224163402075672,-0.769592851963362,2.31165261982365,-2.478172512112264,0.8060295180030578
2010-07-01,214.66,0.012657803428816727,1.273825250047178,-0.020000000000000018,-0.015019927265814914,-0.1220000000000141,0.010717523193791934,50.62299999999959,-0.02499999999999858,0.012657803428816727,-0.5340000000000007,-4.389999999999986,-0.010184917654184389,-0.27,0,0.0028684439099351906,1.388626487814082,-1.3054978471873797,-1.0025378775158789,1.5022795819394685,-2.8033742448471606,1.280005430419662
2010-10-01,214.15,-0.002378676991998674,-0.2375850181682626,0.010000000000000009,-0.015248970058555855,2.139499999999998,0.011025467404740752,26.254750000000058,-0.025000000000000355,-0.002378676991998674,-0.3390000000000004,1.2764999999999986,-0.010289718505097412,-1.0399999999999998,0,0.0029056002170889726,1.0332138139271585,-0.596967049390556,0.22756681963252862,1.1962713657664112,-1.0478839525405401,-0.2699859343597594
2011-01-01,209.44,-0.02223940189978979,-2.199392948867618,-0.01999999999999999,-0.015485106632509016,2.198500000000024,0.0027379493820198775,26.254750000000058,-0.025000000000000355,-0.02223940189978979,0.5300000000000002,2.977499999999992,-0.010396698560382944,-0.82,0,0.0028860410638004686,-2.431752538898724,-1.35489905085585,-0.16600784377295805,1.4789352268078275,-0.7405086294616122,-0.8480561186506642
2011-04-01,208.89,-0.00262950453902544,-0.2626050420168169,-0.07,0.038885436848676846,3.494999999999976,0.013335542455841676,26.254750000000058,0.0,-0.00262950453902544,0.08499999999999996,0.7729999999999961,0.014086177587735449,0.0,0,0.002768680208091719,-2.456222274106945,0.25933962260078364,-0.9611446417576871,2.026652035651581,1.7063595997047056,0.7323503856829945
2011-07-01,211.71,0.013409616058283724,1.3499928191871513,-0.03,0.03742978669953345,1.9260000000000161,0.00577731889801214,26.254750000000058,0.0,0.013409616058283724,-0.29499999999999993,0.5829999999999984,0.013890510203827588,0.010000000000000009,0,0.0027029684008937124,1.0838426279602853,-0.015470241888272772,-1.3160589418917823,0.9957127789099905,1.168610445239492,1.3755154093264839
2011-10-01,213.75,0.00958969413602162,0.963582258750173,0.0,0.03607919803277149,0.25899999999998613,0.01235832666867509,24.394249999999374,0.0,0.00958969413602162,-0.47750000000000004,1.1140000000000043,0.013700204357453671,-0.04000000000000001,0,0.002632308118592408,2.3265833692374116,-0.08288239752067937,-1.6294927200020601,0.48286754397821724,0.6728099059306974,0.8489424138416027
2012-01-01,212.58,-0.005488719711434165,-0.5473684210526297,0.009999999999999995,0.03482269169766994,0.5440000000000111,0.014198824964607226,24.394250000000284,0.0,-0.005488719711434165,-0.15249999999999986,-0.1220000000000141,0.013515042654191234,-0.009999999999999995,0,0.002528306374881066,0.41093949270227803,-0.2542809717199594,-1.6756970141275511,0.9361151020873462,0.7934842509135364,0.21881633459171423
2012-04-01,212.12,-0.002166235836506658,-0.21638912409446265,0.06000000000000001,-0.022917607018413833,3.346499999999992,0.008570528531304689,24.394250000000284,-0.05000000000000071,-0.002166235836506658,-0.004999999999999893,2.139499999999998,-0.014797663322358545,0.09000000000000001,0,0.002581320352905385,-0.762573099415198,-0.3883154902160911,0.7224198217162501,1.4146897019490503,-1.0026219814851804,-0.3816771998586236
2012-07-01,215.37,0.015205326987572043,1.5321516122949186,0.01999999999999999,-0.023455167406797983,-0.5964999999999918,0.006912880790249432,24.394249999999374,-0.049999999999998934,0.015205326987572043,-0.3600000000000003,2.198500000000024,-0.015019927265814914,-0.020000000000000018,0,0.002683069639965118,1.3124470787468256,-0.9191710459202124,-0.18971724527171416,-0.4324179338208647,-2.180414380980053,0.05651064243294459
2012-10-01,216.89,0.007032833318014298,0.7057621767191158,0.0,-0.024018553037453927,2.2154999999999916,0.006162397219654281,21.30749999999989,-0.05000000000000071,0.007032833318014298,-0.16749999999999954,3.494999999999976,-0.015248970058555855,0.010000000000000009,0,0.002767689657372551,2.248727135583617,-0.5322432655793669,0.6246556831389644,0.5494001350997173,-1.2309318641889986,-0.1908715497371324
2013-01-01,218.51,0.007441467504260224,0.7469224030614674,-0.01999999999999999,-0.024609670837763886,-0.48649999999997817,0.01377582038183256,21.3075000000008,-0.049999999999998934,0.007441467504260224,0.03149999999999986,1.9260000000000161,-0.015485106632509016,-0.01999999999999999,0,0.002857834161653152,1.4579560755908272,-0.7549188138569893,0.02161137770362328,-0.31693899601287046,-2.0726551075135866,-0.5361988159484853
2013-04-01,222.72,0.019083597067279356,1.9266852775616794,0.009999999999999981,0.029796222914637127,2.0149999999999864,0.004823588407667501,21.30749999999989,0.0,0.019083597067279356,0.03100000000000014,0.25899999999998613,0.038885436848676846,-0.07,0,0.0028273826525754544,2.6879985245977345,0.1291843380964958,-0.842867308752549,0.5714521976118307,1.0167618305825012,1.2575854201258603
2013-07-01,225.83,0.013867126683157593,1.3963721264367956,-0.06,0.028934035988433138,0.6899999999999977,0.013369208723768011,21.30749999999989,0.0,0.013867126683157593,0.9249999999999998,0.5440000000000111,0.03742978669953345,-0.03,0,0.0027851020534007524,3.349961100178489,0.04349210026241256,-1.0776300817641178,0.3156929917376722,0.593274541206172,0.7801891557812327
2013-10-01,227.43,0.0070599949071095125,0.7084975423991446,0.0,0.028120345724889972,1.3729999999999905,0.013951025631422809,17.457250000000386,0.0,0.0070599949071095125,-0.17799999999999994,3.346499999999992,0.03607919803277149,0.0,0,0.002727060163673971,2.1147629310344973,0.20025409674859584,-0.831661822595914,0.5094957632346245,0.9238296186156676,0.34441970000673294
2014-01-01,229.09,0.007272440708934624,0.7298949127203969,-0.01999999999999999,0.02735117201456383,0.12800000000001432,0.0003325990382965216,17.457249999999476,0.0,0.007272440708934624,0.2400000000000002,-0.5964999999999918,0.03482269169766994,0.009999999999999995,0,0.0026728503091821257,1.4435637426382542,-0.6293967733886917,-1.4250558291636033,-0.1979349479683188,0.7552930922577784,0.5599761072340667
2014-04-01,233.89,0.0207359799175455,2.0952464097079737,0.01999999999999999,0.006744211609424511,2.337999999999994,0.018480058521502585,17.457250000000386,-0.32500000000000107,0.0207359799175455,-0.09450000000000003,2.2154999999999916,-0.022917607018413833,0.06000000000000001,0,0.0027105110673310926,2.8404344193817765,1.5973800375407812,-0.8925812907086432,0.004538324958367381,-0.29718364386788226,0.09140591125977766
2014-07-01,235.74,0.007878583435621422,0.7909701141562309,0.0,0.006699031751614015,0.3089999999999975,0.016178035118006306,17.457249999999476,-0.3249999999999993,0.007878583435621422,-0.20750000000000046,-0.48649999999997817,-0.023455167406797983,0.01999999999999999,0,0.002713710141590883,2.902789296782937,0.8377507054116361,-1.6902404266835067,-0.5074288811209177,-0.6854100380595911,-0.4930637034177731
2014-10-01,238.95,0.013524822225743804,1.3616696360396974,0.0,0.006654453192782128,-0.022999999999996135,0.006039332555225485,15.693749999999454,-0.32500000000000107,0.013524822225743804,-0.0940000000000003,2.0149999999999864,-0.024018553037453927,0.0,0,0.002732418524871355,2.163410150070555,0.5027104733496103,-1.8521901586532463,-1.031283046329649,-0.6089651372066033,-0.15360989939142058
2015-01-01,240.19,0.005175951781725807,0.5189370161121643,0.020000000000000004,0.006610464008202754,-3.1759999999999877,0.00841964337029566,15.693750000000364,-0.3249999999999993,0.005175951781725807,-0.36599999999999966,0.6899999999999977,-0.024609670837763886,-0.01999999999999999,0,0.002728501647165739,1.8876728599304338,-0.1481694341518016,-2.8375030240792314,-1.946002788751122,-1.4216950885990725,-0.75738268394191
2015-04-01,243.38,0.013193731102760786,1.3281152421000142,0.009999999999999995,0.001021856461328241,3.7779999999999916,0.01190081665551368,15.693750000000364,-0.1999999999999993,0.013193731102760786,0.002000000000000224,1.3729999999999905,0.029796222914637127,0.009999999999999981,0,0.0027619155696777123,1.8539443398200461,1.0267620348896167,0.03857933846308617,0.6375192441019768,0.21257818852636562,0.018895226407305597
2015-07-01,245.63,0.00920233074178256,0.9244802366669358,0.010000000000000009,0.001020813336532811,0.08699999999998909,0.006643280512165006,15.693749999999454,-0.20000000000000107,0.00920233074178256,0.3740000000000001,0.12800000000001432,0.028934035988433138,-0.06,0,0.0027846049200770887,2.2648736417003157,0.021650252365069872,-1.1885502321995651,-0.7072569152127497,-0.6631494634952625,-0.27765213359578145
2015-10-01,246.65,0.004143989029310902,0.4152587224687476,-0.010000000000000009,0.0010197723392391111,0.859499999999997,0.00181943289883435,14.049000000000888,-0.1999999999999993,0.004143989029310902,-0.25000000000000044,2.337999999999994,0.028120345724889972,0.0,0,0.0027933182332955833,1.3435779439559647,-0.11481304277979688,-1.0677500451147504,-0.512332507316369,-0.2654183441221405,-0.38175029201055716
2016-01-01,247.64,0.004005750971283639,0.40137847151833217,0.22000000000000003,0.001018733462942123,-1.0444999999999993,0.004913071111745992,14.048999999999978,-0.20000000000000107,0.004005750971283639,0.07650000000000023,0.3089999999999975,0.02735117201456383,-0.01999999999999999,0,0.0028016743975562844,0.8183039531001857,-0.11687907028504145,-1.6405157082657984,-1.0412327504722982,-0.9411374659271033,-0.6583670960293061
2016-04-01,251.36,0.014910095856279781,1.502180584719759,0.02999999999999997,0.030857363304626517,2.977000000000004,0.009977569259453034,14.048999999999978,-0.09999999999999964,0.014910095856279781,-0.26750000000000007,-0.022999999999996135,0.006744211609424511,0.01999999999999999,0,0.0027573497147871874,1.9095884857085021,0.943365754819918,-0.7290980348274935,0.5121694161959982,1.4770099100333696,0.6135855637732025
2016-07-01,253.91,0.010093699012605484,1.0144812221514865,0.020000000000000018,0.0299336196289417,0.521000000000015,0.009623271756806773,14.048999999999978,-0.09999999999999964,0.010093699012605484,-0.16500000000000004,-3.1759999999999877,0.006699031751614015,0.0,0,0.002703183221547961,2.5319011468260433,0.34068027688755687,-1.4796719053159362,-0.29111977988113885,0.8352581139389431,0.25031537439298046
2016-10-01,255.9,0.007806869645826886,0.7837422708833808,0.010000000000000009,0.029063578452824146,-0.554000000000002,0.010359731785420934,15.608000000000175,-0.09999999999999964,0.007806869645826886,0.03000000000000025,3.7779999999999916,0.006654453192782128,0.0,0,0.0026463288521199587,1.8061744112030542,0.0648914840061208,-1.825548661132798,-0.5347783170994701,0.4590911108033531,0.12917492386311502
2017-01-01,253.92,-0.00776748638764424,-0.7737397420867542,0.25,0.02824268870507396,0.7439999999999998,0.009940538931322962,15.608000000000175,-0.09999999999999964,-0.00776748638764424,0.6800000000000002,0.08699999999998909,0.006610464008202754,0.020000000000000004,0,0.0025527294661707046,0.003938403371273047,0.2275271733131757,-1.7222430752074824,0.36249721349857633,0.7759178298245565,-0.46178085941049657
2017-04-01,261.02,0.027577775961282747,2.79615626969123,0.25,0.008583743691390922,0.9735000000000014,0.008190346049714137,15.607999999999265,-0.125,0.027577775961282747,-0.10500000000000043,0.859499999999997,0.001021856461328241,0.009999999999999995,0,0.0026016794996386833,2.000781555295017,0.7312313457358658,-0.6799999278188334,-0.4809954252216285,-0.3255481994599255,0.6027555354598065
2017-07-01,262.16,0.004357971651177017,0.43674814190484135,0.2499999999999999,0.008510689667909688,0.04949999999999477,0.012979684686250437,15.608000000000175,-0.125,0.004357971651177017,-0.07750000000000012,-1.0444999999999993,0.001020813336532811,0.010000000000000009,0,0.002590897860354796,3.2451165721487207,0.29375651394913926,-1.1630768524648796,-0.23957670606283507,-0.439862713099279,-0.46997065812077565
2017-10-01,263.37,0.00460488321566821,0.4615501983521453,0.0,0.008438868645864517,2.3259999999999934,0.017342279521649573,9.63025000000016,-0.125,0.00460488321566821,-0.07249999999999979,2.977000000000004,0.0010197723392391111,-0.010000000000000009,0,0.0025809834137736727,0.9003141521722657,0.7871380604552213,-0.13589997913707613,0.18460755870496498,0.49833828674711467,-0.5942364892185547
2018-01-01,265.35,0.007489821667676644,0.7517940539924828,0.26,0.008368249670516192,2.375,0.014441493227598912,9.63024999999925,-0.125,0.007489821667676644,0.13750000000000062,0.521000000000015,0.001018733462942123,0.22000000000000003,0,0.002578717201166181,1.2168141592920234,1.0010477841535717,-0.22721671648420452,0.20724477883744508,0.37889766694226296,-0.49472224656544717
2018-04-01,267.91,0.009601393940966041,0.9647635198793969,0.28,0.017341475036486642,0.6790000000000305,0.012337594788238704,9.63025000000016,-0.32500000000000107,0.009601393940966041,0.4349999999999996,-0.554000000000002,0.030857363304626517,0.02999999999999997,0,0.00255883476599809,1.7238106086494343,1.3738378639889206,-1.8277349828217475,-0.7638932704072912,0.09641856348967082,-0.5753410133805468
2018-07-01,270.62,0.010064519620628154,1.0115337240117928,0.21999999999999997,0.017045867272988957,1.117999999999995,0.010527882858035298,9.63025000000016,-0.3249999999999993,0.010064519620628154,0.05999999999999961,0.7439999999999998,0.0299336196289417,0.020000000000000018,0,0.0025410328638497655,1.9860561522517362,1.326509541385387,-1.6994069217862633,-0.6750348444146009,0.2545640683889224,-0.47346033649221525
2018-10-01,270.53,-0.00033262496841857114,-0.03325696548667212,0.28,0.016760168857464564,0.07200000000000273,0.0057117470005589865,10.285499999999956,-0.32500000000000107,-0.00033262496841857114,0.3025000000000002,0.9735000000000014,0.029063578452824146,0.010000000000000009,0,0.002497968605724838,0.9779403531036346,0.7652757211568858,-2.2688006942326497,-0.8529867981431566,0.05801003428358224,-0.8367617000612104
2019-01-01,273.46,0.010772361013856369,1.0830591801278988,0.20999999999999996,0.016483889721689238,0.21599999999995134,0.009218978299436742,10.285499999999956,-0.3249999999999993,0.010772361013856369,-0.36599999999999966,0.04949999999999477,0.02824268870507396,0.25,0,0.0024837420526793823,1.0494420220234835,1.0815884620906961,-1.9763530617013898,-1.0079886945809258,-0.020852609274500614,-0.4568353210643716
2019-04-01,278.07,0.01671752167491558,1.6858041395450885,0.020000000000000018,-0.015791608627926834,2.8080000000000496,0.01347190979430124,10.285499999999956,0.25,0.01671752167491558,-0.32150000000000034,2.3259999999999934,0.008583743691390922,0.25,0,0.0025658131487889275,2.787121576165319,-0.4825478438665716,2.3437492672451277,0.5758532955038762,-0.10347406445842548,0.05200715309901613
2019-07-01,280.81,0.009805403497305853,0.9853633977056075,-0.020000000000000018,-0.016044990183347707,0.057999999999992724,0.014808675718697373,10.285499999999956,0.25,0.009805403497305853,-0.37749999999999995,2.375,0.008510689667909688,0.2499999999999999,0,0.00263300515705579,2.687778834198795,-1.1356324105307114,1.5016009301850375,-0.2698177662350493,-0.7828205672551132,-0.4301144897368213
2019-10-01,282.95,0.007591919535375524,0.7620811224671398,-0.5699999999999998,-0.016306635697704408,0.09299999999996089,0.009899007733865872,-9.24474999999984,0.25,0.007591919535375524,-0.07699999999999996,0.6790000000000305,0.008438868645864517,0.0,0,0.0026966881105551584,1.7549537886143662,-1.5231601047489702,2.20316388260662,-1.7176220577949144,0.4521557258577102,-1.1280964398895175
2020-01-01,285.97,0.010616706624548833,1.0673263827531532,-0.28,-0.01657695617219268,1.170000000000016,-0.009416280528517618,-9.24474999999984,0.25,0.010616706624548833,-0.06400000000000006,1.117999999999995,0.008368249670516192,0.26,0,0.002771027131782946,1.8375413980983746,-1.761394374449497,2.0863328128301766,-1.6007678024397476,0.805103286007903,-0.6006692687406899
2020-04-01,288.91,0.010228310713361388,1.0280798685176729,-1.5,-0.004126720263519346,-0.8739999999999668,-0.08608671219866615,-9.24474999999984,0.025000000000000355,0.010228310713361388,-0.31800000000000006,0.07200000000000273,0.017341475036486642,0.28,1,0.0028110921916808564,2.1063792189432995,-5.7597318811193,-0.8947608036006585,-4.534571012121677,2.2869720024999713,1.2520750723864977
2020-07-01,293.29,0.015046659692224296,1.5160430583918805,0.039999999999999994,-0.004143820676643983,1.7279999999999518,0.08410081854558626,-9.24474999999984,0.025000000000000355,0.015046659692224296,-0.29000000000000004,0.21599999999995134,0.017045867272988957,0.21999999999999997,0,0.002865559355153884,2.559709060390958,3.4845693066743193,2.729498713617451,-0.015909958026467073,-0.25395495627452364,-2.6110714785227604
2020-10-01,298.72,0.018344799174744963,1.8514098673667823,0.0,-0.00416106340198219,1.4570000000000505,0.017563279498155282,-0.3092500000002474,0.02499999999999858,0.018344799174744963,-0.18199999999999994,2.8080000000000496,0.016760168857464564,0.28,0,0.0029307824380672065,3.395521096535248,0.5021951336605569,1.1221552151887313,-0.8324743373044572,0.19358121223731864,-0.6131797971924353
2021-01-01,304.73,0.01991945885080959,2.011917514729511,0.0,-0.004178450223474073,1.7909999999999968,0.026296367650012087,-0.3092500000002474,0.025000000000000355,0.01991945885080959,-0.0990000000000002,0.057999999999992724,0.016483889721689238,0.20999999999999996,0,0.003002266009852217,3.900576221487273,0.9593140745196985,1.4118582849890857,-0.5918726175859477,0.14823560363893734,-0.7222185362983712
2021-04-01,318.67,0.04472994593540758,4.574541397302534,-0.01999999999999999,0.010291686036547176,3.5494999999999663,0.030944691000845737,-0.3092499999993379,-0.025000000000000355,0.04472994593540758,0.3250000000000002,0.09299999999996089,-0.015791608627926834,0.020000000000000018,0,0.0031074597757191616,6.678494911622912,2.2890573465184465,1.68481968682929,-0.4145979422431726,0.9226359879361056,0.4520702080477315
2021-07-01,330.13,0.03533043170108474,3.5961966925032174,0.03,0.01018684530699332,5.014499999999998,0.023393751739334334,-0.3092500000002474,-0.02499999999999858,0.03533043170108474,-0.19200000000000017,1.170000000000016,-0.016044990183347707,-0.020000000000000018,0,0.0031865830115830117,8.335247596232719,2.122104574216345,1.821921058991765,0.2052399294293123,1.4650495777405121,0.3398466287101058
2021-10-01,336.72,0.019765208181601324,1.9961833217217562,-0.020000000000000004,0.010084119066625874,3.4875000000000114,0.03511917577146484,7.643000000000029,-0.025000000000000355,0.019765208181601324,0.1995,-0.8739999999999668,-0.016306635697704408,-0.5699999999999998,0,0.003217582417582418,5.664166692817019,1.7824747969280845,1.168555028041103,0.6417943489802856,0.7112491954889673,-0.25624417009684997
2022-01-01,345.63,0.026117114255756135,2.6461154668567355,0.0,0.009983443984182827,4.091499999999996,0.017541190699347453,7.643000000000029,-0.025000000000000355,0.026117114255756135,0.3775000000000004,1.7279999999999518,-0.01657695617219268,-0.28,0,0.003269914853358562,4.695120104201367,1.3140822219837223,1.0807756351276152,0.4262174720244945,1.0429723293973538,0.41351700245806666
2022-04-01,362.16,0.04671726440963209,4.782570957382171,0.25,0.012457559154817943,7.714999999999975,0.02314039622983799,7.643000000000029,-0.09999999999999964,0.04671726440963209,1.5374999999999996,1.4570000000000505,-0.004126720263519346,-1.5,0,0.0033838822704975475,7.555238774055595,3.1666249910720863,2.052054811062765,1.4017164452494986,1.638618742110987,1.219685497482172
2022-07-01,360.67,-0.00412269028791723,-0.4114203666887639,1.3499999999999999,0.012304275951358079,5.54400000000004,0.017905227861513495,7.643000000000029,-0.09999999999999964,-0.00412269028791723,0.4299999999999997,1.7909999999999968,-0.004143820676643983,0.039999999999999994,0,0.0033287494231656668,4.351474119723409,2.6656375308230174,0.26388454866286654,2.0974996556014345,0.9544792245698474,-1.1249997050208946
2022-10-01,356.32,-0.012134209330729284,-1.2060886683117555,1.4000000000000001,0.012154719069910058,-0.2605000000000359,0.0174423728665829,14.017749999999978,-0.10000000000000142,-0.012134209330729284,1.4875000000000007,3.5494999999999663,-0.00416106340198219,0.0,0,0.003248871666286756,-1.612546940578763,1.2856959683085485,-1.7507673866623386,0.5605774934054999,-0.8249244565701486,-1.5599544516520025
2023-01-01,357.48,0.0032502130041338617,0.32555006735519587,1.25,0.012008754260056875,-0.527499999999975,0.015959258352193473,14.017749999999978,-0.09999999999999964,0.0032502130041338617,-0.6275000000000004,5.014499999999998,-0.004178450223474073,0.0,0,0.0032205405405405407,-0.8844650234286155,1.3194542188463145,-1.594599327382638,0.042990475680668515,-0.9315551558144621,-0.9058537815031533
2023-04-01,369.72,0.0336665458833858,3.423967774420955,0.5,0.0,5.1229999999999905,0.01059935507687193,14.017749999999978,0.0,0.0336665458833858,0.0699999999999994,3.4875000000000114,0.010291686036547176,-0.01999999999999999,0,0.003330810810810811,3.76066457117199,1.5520452465650814,1.393400617488995,1.114520397204516,0.3881312054713555,0.9303652693793528
2023-07-01,372.73,0.008108334543853069,0.814129611597969,0.29000000000000004,0.0,1.0010000000000332,0.01854502734208019,14.017749999999978,0.0,0.008108334543853069,0.4975000000000005,4.091499999999996,0.01018684530699332,0.03,0,0.003357927927927928,4.265972921562056,0.36942354225388124,0.08325352456641219,0.20784546771147092,-0.4806939718524424,-0.4615200933039757
2023-10-01,371.05,-0.004517472524287136,-0.450728409304324,0.20999999999999996,0.0,3.5634999999999764,0.011704460156494179,22.652000000000044,0.0,-0.004517472524287136,0.7800000000000002,7.714999999999975,0.010084119066625874,-0.020000000000000004,0,0.003342792792792793,0.35973168884559925,0.058017943320535635,0.277043461529529,1.7661758164700176,0.07496475723449159,-0.20528936112496757
2024-01-01,377.13,0.01625313117870686,1.638593181511916,0.0,0.0,1.1245000000000118,0.011493311567154052,22.652000000000044,0.0,0.01625313117870686,-0.9775,5.54400000000004,0.009983443984182827,0.0,0,0.0033975675675675674,1.1804791672255899,-0.2263304023571021,-0.08370343720241862,0.3433803145718662,-0.6340517669355216,0.4985249979692108
2024-04-01,392.17,0.03910546365584011,3.9880147429268487,0.0,0.0,4.426499999999976,0.013624071463150145,22.652000000000044,0.0,0.03910546365584011,0.34999999999999964,-0.2605000000000359,0.012457559154817943,0.25,0,0.0035330630630630634,5.691955262094051,0.9463624427296141,1.2221967015201969,1.0922514062024844,0.01814911436004288,1.5688726366791477
2024-07-01,394.52,0.005974416835103469,0.5992299257974842,0.0,0.0,2.0575000000000045,0.012269036009294965,22.651999999999134,0.0,0.005974416835103469,-0.14499999999999957,-0.527499999999975,0.012304275951358079,1.3499999999999999,0,0.003554234234234234,4.611142046509165,-0.21779315658053025,0.0643306437531622,0.9130847229073549,-0.3076287939191186,0.14773972509142133
2024-10-01,392.54,-0.005031393227859837,-0.5018756970495697,-0.5,0.0,0.6184999999999832,0.011809180057028357,0.0,0.0,-0.005031393227859837,-0.4195000000000002,5.1229999999999905,0.012154719069910058,1.4000000000000001,0,0.0035363963963963964,0.09434683938087662,-0.7542267639357314,0.38095393342815614,-0.9675765611375242,0.6686096345826649,-1.2451260055714921
2025-01-01,392.54,0.0,0.0,-0.5,0.0,1.111500000000035,0.0,0.0,0.0,0.0,0.5300000000000002,1.0010000000000332,0.012008754260056875,1.25,0,0.0035363963963963964,-0.5018756970495697,-1.0501544684062591,0.3599700346316159,-1.1027161935455276,0.9184776339633927,-0.7542095570768574
2025-04-01,392.54,0.0,0.0,0.0,0.0,0.0,0.0,0.0,0.0,0.0,-0.3280000000000003,3.5634999999999764,0.0,0.5,0,0.0035363963963963964,0.0,-0.7465669667631429,-0.13481885908680863,-1.2798154397186485,0.3451211709122355,-0.9834812429919499
