Date,House_Index_diff1,House_Index_pct_change,GDP_diff1,CPI_diff1,Interest_Rate_diff1,Mortgage_Rate_diff1,Unemployment_Rate,Median_Household_Income_diff1,Population_diff1,Poverty_Rate_diff1,Interest_Rate_diff1_lag1,CPI_diff1_lag3,Mortgage_Rate_diff1_lag2,Poverty_Rate_diff1_lag5,CPI_pct_change,GDP_pct_change,Unemployment_Rate_pct_change,recession_period,hot_market,rising_rates,price_to_income_ratio_diff1,real_interest_rate,real_mortgage_rate,price_momentum
1991-07-01,-0.5987947824500843,-0.8827004851818989,-0.3231940467795009,-0.28714247596333087,-0.16817805206396588,0.2572709081863755,0.2697825129644973,-0.4687778012729084,0.06166935300221438,1.1961317969850351,-2.129101255210931,0.8231780842727867,-1.2684562676185323,1.2623786725559003,-0.04516720284994953,0.07959778926727565,0.3911981038218413,-0.292352673102343,-0.8881060715737715,-0.9766504768063926,-0.27942583433075074,1.5385017172099957,2.1809824917085825,-0.701220757815958
1991-10-01,-0.08846949894690177,0.27844264684921355,-0.3996186545693226,0.5063242172633375,-1.295739327018721,-1.6569767855595618,0.3502106330266828,-0.4687778012729084,0.06166935300211662,1.1961317969850351,-0.1313726519412441,-0.23011167451762965,-0.2713222291466405,1.2623786725558885,1.271620276636373,-0.18870833908013543,0.04726453703758942,-0.292352673102343,-0.8881060715737715,-0.9766504768063926,0.26744435042296305,1.252399858371644,1.7627832122502378,-0.3333683893797005
1992-01-01,-0.3616311652203926,-0.3471072263769353,-0.2504465706169238,-0.826699827357474,-2.5317199553345078,-0.9485262372199497,0.913207473461984,-0.4687778012729084,0.06166935300211662,1.1961317969850351,-1.2729318538096375,-0.16428106459323213,0.3029764892137487,1.2623786725559003,-0.9479387945716315,0.29861653279789147,0.640514976209236,-0.292352673102343,-0.8881060715737715,-0.9766504768063926,-0.023737516462408466,0.7137501131154405,1.528619734198408,-0.045519764967547074
1992-04-01,-0.6009123147467761,-0.883268148833991,-0.21647883388970576,-0.6680064887121548,-0.6235393361803099,1.0635210271722073,0.5110668731510547,-1.7406175872766791,0.06166935300221438,0.6852279689006137,-2.524256363549989,-0.29594228444202714,-1.7228464623652102,1.2623786725558885,-0.6873329706042647,0.3905195080949356,-0.4848590945908742,-0.292352673102343,-0.8881060715737715,-0.9766504768063926,0.35175279568306594,0.5742452755678176,1.7688939105334642,-0.6619431199392107
1992-07-01,-0.2536370180890131,-0.10263065327894633,-0.2604662876600998,0.284153543159887,-1.0138490082800318,-1.6677108847768294,0.7523512333376121,-1.7406175872766791,0.06166935300211662,0.6852279689006137,-0.5923869450034803,0.5269403396129698,-0.9731026410331903,1.0967566772928827,0.8739344339696761,0.22763517028912336,0.23113909230129237,-0.292352673102343,-0.8881060715737715,-0.9766504768063926,0.7823246965501999,0.3474863335210395,1.347170937294944,-0.533649211562397
1992-10-01,-0.4039818111542611,-0.44237053476921967,-0.19220976514988297,0.25241487543079427,-0.29828127609720684,-0.03493512606144847,0.591494993213241,-1.7406175872766791,0.06166935300211662,0.6852279689006258,-0.9875420533425385,-0.8555024687994341,1.1562202993491897,1.0967566772928827,0.8017159338422503,0.4265882635679029,-0.2332094296121142,-0.292352673102343,-0.8881060715737715,-0.9766504768063926,0.6668816061014313,0.278362417448081,1.324497568807055,-0.2985259954516623
1993-01-01,-0.4759779092418504,-0.6034418121619903,-0.43675208431167184,0.06198286905641839,-0.14649418139175954,-0.16732234974107088,0.7523512333376121,-1.7406175872766791,0.06166935300221438,0.6852279689006137,-0.26309102138759716,-0.6909259439884496,-1.7342062172338777,1.0967566772928827,0.4774225399557416,-0.3560573171212618,0.13214962377438622,-0.292352673102343,-0.8881060715737715,-0.9766504768063926,0.6354824758696695,0.24238320561041926,1.2709498556729228,-0.5637445562561314
1993-04-01,-0.38492402048402014,-0.3995916929778278,-0.32168212971448884,-0.12844913731801164,-0.10312644004734589,-1.1810983869273985,0.18935439290231168,0.5296758625057526,0.06166935300211662,-0.8474835153526266,-0.1094195903668524,0.2965332048775879,-0.006261282211078654,1.0967566772928827,0.16249894720732178,-0.0052756388778384174,-0.6807742700105789,-0.292352673102343,-0.8881060715737715,-0.9766504768063926,-0.6343126679549882,0.21562132072452564,0.9735060723467688,-0.5411649678570932
1993-07-01,-0.42303960182450806,-0.4850454533617483,-0.3452792353143096,-0.5727904855249488,0.24381549070796338,-0.574025442306405,0.5110668731510547,0.5296758625057526,0.06166935300211662,-0.8474835153526145,-0.06551346721806807,0.2636178999153611,-0.14636492559130235,0.59989069150383,-0.545543679111248,-0.08787754809465306,0.36083117673493803,-0.292352673102343,-0.8881060715737715,1.0239077579421858,-0.6614291820378605,0.26405067778923574,0.8236055338198994,-0.47840962845787194
1993-10-01,-0.3129279223964368,-0.2387646048242074,-0.12696214425546504,-0.09671046958891891,-0.12481031071955223,-0.8268731127575861,0.2697825129644973,0.5296758625057526,0.06166935300221438,-0.8474835153526266,0.28573551797220675,0.06612607014218724,-1.219230663187642,0.59989069150383,0.20249205637189557,0.5616036629324461,-0.3395060792067502,-0.292352673102343,-0.8881060715737715,1.0239077579421858,-0.5160653902788538,0.22936681418658353,0.6072751677399327,-0.3933139922691553
1994-01-01,-0.3870415527807119,-0.4050037703752937,-0.23793312369862202,-0.4140971468796116,0.1570800080191351,0.5995694054481119,0.3502106330266828,0.5296758625057526,0.06166935300211662,-0.8474835153526266,-0.08746652879245975,-0.13136575963104272,-0.5767734156152409,0.5998906915038418,-0.3011307769388316,0.2054404729281193,0.04726453703758942,-0.292352673102343,-0.8881060715737715,-0.9766504768063926,-0.587286206123097,0.25866896695916053,0.738891069166625,-0.350747952171641
1994-04-01,-0.6220876377137148,-0.927166944001058,-0.12830980366403216,-0.4458358146086862,1.1328541882684429,3.0564854485114346,-0.21278620740861798,-0.34000897558716836,0.06166935300211662,-1.017784791380767,0.19792327167463708,-0.5921800291018441,-0.8443587525216252,0.59989069150383,-0.3528567966721841,0.5090336851462505,-0.7488819631146933,-0.292352673102343,-0.8881060715737715,1.0239077579421858,-0.3754299537119522,0.49461282267217055,1.4597682666506673,-0.7155911986136863
1994-07-01,-0.6538506221641214,-1.0022355963847456,-0.30427081813126716,-0.5727904855249308,1.5448477310403712,0.7713149929243875,-0.05192996728424647,-0.34000897558716836,0.06166935300221438,-1.0177847913807547,1.1858110425222854,-0.0984504546688159,0.6652264500256889,-0.8907072658633048,-0.5515572162122145,-0.02075257071537341,0.1799273461403144,-0.292352673102343,-0.8881060715737715,1.0239077579421858,-0.41170378585871903,0.8188536454462154,1.6315224686281065,-1.0287144710094605
1994-10-01,-0.6136175085269386,-0.9164971062905641,-0.15468809003775585,0.18893753997266297,1.1111703175962355,0.8023246128853766,-0.13235808734643204,-0.34000897558716836,0.06166935300211662,-1.017784791380767,1.6029192124357354,-0.42760350429084093,3.2653481199650396,-0.8907072658632931,0.6252988846118598,0.3923615221791826,-0.16552889277137095,-0.292352673102343,-0.8881060715737715,1.0239077579421858,-0.3663783979373124,1.0463615305084064,1.805437778349614,-1.023129106136169
1995-01-01,-0.48656557072531825,-0.6299634861734217,-0.36826784095956583,-0.5093131500667994,1.6966348257458204,0.5912206616124601,0.1089262728401254,-0.34000897558716836,0.06166935300211662,-1.0177847913807547,1.1638579809478928,-0.460518809253049,0.8469825279243669,-0.8907072658633048,-0.45867721274695367,-0.2240367846524698,0.28820360945209644,-0.292352673102343,-0.8881060715737715,1.0239077579421858,-0.2224156807451843,1.4057121257977647,1.937280728828636,-0.8279068707255435
1995-04-01,-0.2388142920121557,-0.06279656390285036,-0.399226676070985,-0.09671046958893695,1.1545380589406482,-1.9134024890831656,-0.13235808734643204,-0.16369473734053974,0.06166935300221438,0.004022864788063831,1.756590643456482,-0.5921800291018253,0.879799597544956,-0.8907072658633048,0.16964230572534605,-0.31564882207359557,-0.37268312406186904,-0.292352673102343,-0.8881060715737715,1.0239077579421858,-0.03460812071350484,1.6441687382853394,1.4600509446857604,-0.3775523695426713
1995-07-01,-0.16258312933118285,0.10648409139932338,-0.23713423418772822,-0.03323313413080564,-0.4067006294582415,-1.6390866201974539,0.028498152777939822,-0.16369473734053974,0.06166935300211662,0.004022864788063831,1.2077641040966762,0.19778728999096357,0.6563910851278372,-1.0563292611263224,0.25824946554777856,0.12339308896723798,0.17407457515048833,-0.292352673102343,1.1259916264596033,1.0239077579421858,0.050499349790501656,1.5514297049242884,1.0508855763759257,0.015502549420539325
1995-10-01,-0.2726948087592541,-0.147828898128341,-0.28442177360125115,-1.0488705014609607,-0.16817805206396588,-0.25558049886082335,-0.13235808734643204,-0.16369473734053974,0.06166935300221438,0.004022864788063831,-0.3728563292595585,-0.5263494191774278,-1.9942183842278172,-1.0563292611263106,-1.2775688207428506,-0.01820791134254953,-0.27157213021769777,-0.292352673102343,-0.8881060715737715,-0.9766504768063926,-0.07470471260672666,1.514587123436511,0.980774049301146,-0.03003766889669774
1996-01-01,-0.17952338770473206,0.057192314653665775,-0.26045135514587786,-0.09671046958891891,-0.4067006294582415,-1.0010040556154733,-0.13235808734643204,-0.16369473734053974,0.06166935300211662,0.004022864788063831,-0.1313726519412441,-0.0984504546688346,-1.7039135375841024,-1.0563292611263224,0.15664036873215867,0.03541031985967642,-0.0541834934527289,-0.292352673102343,-0.8881060715737715,-0.9766504768063926,0.029101858761165837,1.417672163682819,0.7199142570362445,-0.05629984050142914
1996-04-01,-0.713141526471545,-1.1239516251728137,-0.0047693803742384685,0.4111082140761316,-0.7102748188691362,2.19537215574847,-0.3736424475329895,-0.5896223915318336,0.06166935300221438,-0.5068809632963456,-0.3728563292595585,-0.03261984474443709,-0.23976735451145595,-1.0563292611263106,0.909321799817149,0.6981166392300646,-0.3965705963575542,-0.292352673102343,-0.8881060715737715,-0.9766504768063926,-0.3428894502776467,1.258147413984672,1.2305556353879217,-0.578550869029053
1996-07-01,-0.6411454283839557,-0.9716187645759458,-0.2504241718455892,0.09372153678547503,0.417286456085619,0.8237928113199113,-0.13235808734643204,-0.5896223915318336,0.06166935300211662,-0.5068809632963456,-0.680199191301048,-1.0859096035348534,-1.0286392203911143,-0.0625972895482286,0.4183567854728969,0.03035203395125681,0.31596472590383845,-0.292352673102343,-0.8881060715737715,-0.9766504768063926,-0.26332287138667587,1.342888715153738,1.416058873492933,-1.1157393835306384
1996-10-01,-0.2811649379460302,-0.16534316831836512,-0.1391956065320991,-0.2236651405051996,-0.3199651467694142,-0.7266881867297638,-0.3736424475329895,-0.5896223915318336,0.06166935300211662,-0.5068809632963456,0.46136001056734516,-0.0984504546688159,2.354043340500865,-0.0625972895482286,-0.05838412488826231,0.30270361142468727,-0.3965705963575542,-0.292352673102343,-0.8881060715737715,1.0239077579421858,0.14642119460367356,1.270396986891221,1.228545001447539,-0.6136143018097586
1997-01-01,-0.33833830995675906,-0.29550191605253384,-0.23431198899970898,-0.4140971468796116,0.04866065465810144,-0.15658825052380562,-0.13235808734643204,-0.5896223915318336,0.06166935300211662,-0.5068809632963456,-0.28504408296198985,0.4281944247263642,0.9025191072822909,-0.0625972895482286,-0.3406544129007501,0.044715997500825784,0.31596472590383845,-0.292352673102343,-0.8881060715737715,-0.9766504768063926,0.08469133537400754,1.2758961839120138,1.1774174775959232,-0.25351506582248157
1997-04-01,-0.5162110228790301,-0.6927243269599417,-0.03538850078710199,-0.5410518177958742,0.5907574214632716,0.8202147782474888,-0.6149268077195473,0.08591867860412551,0.06166935300221438,-0.8474835153526266,0.0881579638026767,0.09904137510437665,-0.7383343737474019,-0.0625972895482286,-0.5270878828298041,0.5264931994047201,-0.7389576992623801,-0.292352673102343,-0.8881060715737715,1.0239077579421858,-0.4899303071492385,1.3966780256228875,1.3608870897014258,-0.533649211562397
1997-07-01,-0.2239915659353013,-0.039621888927674535,-0.08082814156561689,-0.2236651405051996,0.04866065465810144,-1.4780751319384497,-0.5344986876573613,0.08591867860412551,0.06166935300211662,-0.8474835153526266,0.6369845031624807,-0.23011167451762965,-0.13500517072263707,-0.5594632753372696,-0.06820604693566178,0.3892742849410029,0.08008595866681106,-0.292352673102343,-0.8881060715737715,1.0239077579421858,-0.15460688176515128,1.3998771393746448,0.9890262621599853,-0.3988394001917952
1997-10-01,-0.2621071472757862,-0.12834908695228872,-0.23356536328859717,-0.9219158305446982,-0.016390957358517606,-0.4249407309554792,-0.6149268077195473,0.08591867860412551,0.06166935300211662,-0.8474835153526266,0.0881579638026767,-0.42760350429084093,0.8987325223260685,-0.5594632753372696,-1.0787330259207997,0.0016061921850404007,-0.1846166755117101,-0.292352673102343,-0.8881060715737715,-0.9766504768063926,-0.1975345921533381,1.3937667924883224,0.8761525442500749,-0.09747985333815394
1998-01-01,-0.11387988650722705,0.19506019516807002,-0.24293924909165196,-0.9219158305446801,0.1570800080191351,-0.6551275252813146,-0.5344986876573613,0.08591867860412551,0.06166935300221438,-0.8474835153526266,0.02229877907950162,-0.5592647241396359,-1.5335172145540963,-0.5594632753372696,-1.0789578578945536,-0.03142713279831633,0.08008595866681106,-0.292352673102343,1.1259916264596033,1.0239077579421858,-0.032627999444025,1.421506705495009,0.7040169529324639,0.027606297654254805
1998-04-01,-0.39762921426418274,-0.4302034852629273,-0.23306139093358633,-0.1284491373179936,-0.2115457934083786,0.4087409749189233,-1.0974955280926626,1.242857050919082,0.06166935300211662,-1.1880860674088953,0.19792327167463708,-0.23011167451762965,-0.4189990424393137,-0.5594632753372696,0.06676068205013876,-0.01838951835292454,-0.9672157678655973,-0.292352673102343,-0.8881060715737715,-0.9766504768063926,-0.9382711353616213,1.3670958673171347,0.7833771415993168,-0.1343474967189335
1998-07-01,-0.31081039009974204,-0.24218338116279153,-0.0532029902543303,0.061982869056400346,0.22213162003575607,-0.38796772254045,-0.8562111679061047,1.242857050919082,0.06166935300211662,-1.1880860674088953,-0.17527877509002748,-0.9542483836860585,-0.6626026746229517,-0.8907072658633048,0.3338416392285499,0.38736243822010075,0.43494093926845073,-0.292352673102343,-0.8881060715737715,-0.9766504768063926,-0.800049604100724,1.4078758341396658,0.6744762638994893,-0.3659600828843677
1998-10-01,-0.17740585540804027,0.04405479274258879,0.027044341176409394,-0.8266998273574921,-0.9921651376078245,-0.5167769131476542,-1.0170674080304767,1.242857050919082,0.06166935300221438,-1.1880860674089073,0.2637824563978141,-0.9542483836860397,0.46327525236049844,-0.8907072658633048,-0.9410028369232418,0.5482401599164237,-0.3487100335859124,-0.292352673102343,-0.8881060715737715,-0.9766504768063926,-0.6273885228687364,1.194541652745886,0.5405297546036125,-0.11376796471671485
1999-01-01,-0.1668181939245694,0.060711158290339226,-0.1790355544772414,-0.44583581460866817,-0.9271135255912054,0.23938074282426747,-1.0974955280926626,1.242857050919082,0.06166935300211662,-1.1880860674088953,-0.9655889917681458,-0.131365759631024,-0.3798709978916841,-0.8907072658633048,-0.3988046710372622,0.06076007769805169,-0.21160285111012028,-0.292352673102343,1.1259916264596033,-0.9766504768063926,-0.590193187814779,0.9894380890323013,0.581475520635957,0.04824508984601025
1999-04-01,-0.25151948579231836,-0.12409169073492494,-0.19084344009854776,-0.12844913731801164,0.26549936138017066,0.37296064419469876,-1.33877988827922,0.09186185517423659,0.06166935300211662,-0.8474835153526266,-0.8997298070449707,0.06612607014216854,-0.5161880563156898,-0.8907072658633048,0.04988329751470708,0.02245583219160159,-0.5433079261739081,-0.292352673102343,-0.8881060715737715,-0.9766504768063926,-0.17016766970848365,1.038900863761469,0.6549135923138034,-0.04172410157805192
1999-07-01,-0.018590933156010233,0.36030920296293467,-0.01953763694010788,0.37936954634709297,0.5690735507910653,1.7683935424394015,-1.177923648154848,0.09186185517423659,0.06166935300221438,-0.8474835153526266,0.30768857954659945,-0.8555024687994528,0.28404356443264067,-1.2219512563893282,0.7599173434631351,0.38431065423991584,0.31102941631241865,-0.292352673102343,1.1259916264596033,1.0239077579421858,0.05445931637197431,1.1522774155967472,1.0630111465550798,0.11797633253966501
1999-10-01,-0.07788183746343691,0.22363696256744628,0.1787922838321565,-0.06497180185988032,0.482338068102238,0.5852572731584219,-1.4192080083414058,0.09186185517423659,0.06166935300211662,-0.8474835153526266,0.615031441588089,-0.4605188092530303,0.4254094027982734,-1.2219512563893282,0.12210371369154206,0.7876113757175822,-0.5614236459043226,-0.292352673102343,1.1259916264596033,1.0239077579421858,-0.005646685354460034,1.251344052760638,1.1917011725214446,0.3051696719935869
2000-01-01,0.12116619842577284,0.6163227940917967,-0.23757474335728468,-0.5727904855249308,0.5690735507910653,0.9144363158212795,-1.0170674080304767,0.09186185517423659,0.06166935300211662,-0.8474835153526145,0.5272191952905202,-0.13136575963104272,1.9021775357249917,-1.22195125638934,-0.5881281809958603,-0.12201888859325978,0.8968917923940084,-0.292352673102343,1.1259916264596033,1.0239077579421858,0.1810422670213443,1.3691282421405784,1.3998528974113331,0.4426083057718259
2000-04-01,0.35409475106207794,1.0526782184111818,0.2982449313535863,1.1410975718446867,1.2629574123016818,-0.07667884523970904,-1.4192080083414058,-0.6272625098092038,0.06166935300221438,0.8555292449287543,0.615031441588089,0.39527911976419355,0.6500801102007989,-1.2219512563893282,1.7800615798181827,0.9815735373624449,-0.8412802817396842,-0.292352673102343,1.1259916264596033,1.0239077579421858,0.7122009922243113,1.625301373364923,1.357738678854322,0.8912221118768031
2000-07-01,0.19316229651335914,0.6960405322127775,-0.35541094621414526,0.4428468818052243,1.1545380589406502,0.048552312295076915,-1.0170674080304767,-0.6272625098092038,0.06166935300211662,0.8555292449287543,1.3175294119686365,-0.0655351497066452,0.9984459261732603,-0.8907072658633048,0.7847971459151549,-0.38772395827403394,0.8968917923940084,-0.292352673102343,1.1259916264596033,1.0239077579421858,0.5678862073947718,1.8687965982564516,1.3587031311292133,0.934738615763378
2000-10-01,0.1635168443596443,0.611995955200308,-0.17945366487547,-0.5727904855249488,-0.03807482803072588,-0.7803586828160984,-1.258351768217034,-0.6272625098092038,1.0419393697199189,0.8555292449287543,1.207764104096678,-0.5921800291018253,-0.050438106700339706,-0.8907072658633048,-0.5975458960029136,-0.037459122117428835,-0.526441566424902,-0.292352673102343,1.1259916264596033,1.0239077579421858,0.5479675410107893,1.859216938665641,1.161767071744046,0.6958919194925953
2001-01-01,0.4409135752265187,1.0952780371637256,-0.48964678281568,-0.31888114369240556,-1.1222683616410645,-1.7583543892781974,-1.0170674080304767,-0.6272625098092038,1.0419393697200166,0.8555292449287543,0.0003457175051079789,1.1852464388569826,0.08209236676744794,-0.8907072658633048,-0.25792452057318405,-0.6642643728303944,0.4725658956316182,-0.292352673102343,1.1259916264596033,-0.9766504768063926,0.8263848818515598,1.6131332266149956,0.7229454792770885,0.9119099250471275
2001-04-01,0.38797526780918234,0.9509651456185779,-0.137679956338534,0.28415354315986896,-2.5317199553345096,0.16782008137581836,-1.0974955280926626,-1.1443188714088677,1.0419393697200166,0.8555292449287664,-1.097307361214498,0.46110972968859104,-0.7951331480907371,-0.8907072658632931,0.5439267813588954,0.03251766884026237,-0.21160285111012028,3.4205262752974126,1.1259916264596033,-0.9766504768063926,1.058755083121625,1.0651068699668977,0.7456775110213871,1.0971046899199048
2001-07-01,0.45150123670998354,1.018513804406773,-0.6220496532964118,0.22067620770173765,-2.206461895251406,0.1797468582838946,-0.6149268077195473,-1.1443188714088677,1.0419393697199189,0.8555292449287543,-2.524256363549991,-0.5921800291018441,-1.8301330361248471,0.7655126867668476,0.4462642739051095,-0.927452252186521,0.9240653719896305,3.4205262752974126,1.1259916264596033,-0.9766504768063926,1.162351319586667,0.5892200926476523,0.7747430806953681,1.055285602195696
2001-10-01,0.21645515177699268,0.5802979703304839,-0.38527597465878766,-0.16018780504706825,-2.748558662056576,-1.1560521554204415,-0.13235808734643204,-1.1443188714088677,0.5328259787623844,0.8555292449287543,-2.194960439934107,-0.32885758940423526,0.2083118653081906,0.7655126867668476,-0.06451128725569812,-0.4638080383812681,0.751433219264508,3.4205262752974126,1.1259916264596033,-0.9766504768063926,0.9662740828930542,-0.0009646978161638202,0.48407842325775424,0.8530830482750261
2002-01-01,0.3498596864686884,0.7749124337007661,-0.15908571547622802,-0.9219158305446801,-1.620997387101823,0.9669141342168032,0.18935439290231168,-1.1443188714088677,0.532825978762482,0.8555292449287543,-2.7437869792939105,0.2965332048775692,0.22093381516226712,0.7655126867668476,-1.0611737361055886,-0.026155732262372895,0.40233264375370553,-0.292352673102343,1.1259916264596033,-0.9766504768063926,1.14276802742962,-0.3492350600074957,0.7059567136923875,0.7213602964195001
2002-04-01,0.6865473216429865,1.278485865487047,-0.2302951426739088,0.9506655654702928,0.07034452533030874,0.030662146932964634,-0.13235808734643204,1.3042698754768964,0.5328259787623844,0.8555292449287543,-1.6022277774255196,0.2307025949531717,-1.1927245684940844,0.7655126867668476,1.3801397476052304,-0.1733996649812245,-0.46919816364039635,-0.292352673102343,1.1259916264596033,-0.9766504768063926,-0.04295718235775207,-0.3475650000675757,0.6893813179922706,1.100373780257232
2002-07-01,0.6463142080058127,1.154180904676795,-0.2578456314140754,0.12546020451453166,-0.01639095735851857,-1.132198601604291,-0.05192996728424647,1.3042698754768964,0.5328259787623844,0.8555292449287664,0.11011102537706936,-0.16428106459323213,1.0539825055311844,0.7655126867668594,0.28616740132800156,-0.2330459459692527,0.05994554084887921,-0.292352673102343,1.1259916264596033,-0.9766504768063926,-0.08995069816209601,-0.35341638352790755,0.40670080238421497,1.3083437042311938
2002-10-01,0.17833957043649873,0.40494544948166883,-0.3294731690099848,0.09372153678547503,0.07034452533030874,-0.828065790448395,-0.3736424475329895,1.3042698754768964,0.11652783389205124,0.8555292449287543,0.022298779079500643,-0.9542483836860397,0.06315944198633541,0.7655126867668476,0.23642508341915114,-0.37441889793775796,-0.49956509072729816,-0.292352673102343,1.1259916264596033,-0.9766504768063926,-0.5374265563836431,-0.34401560868247305,0.19315629039959156,0.8305264747726036
2003-01-01,0.19316229651335914,0.4101848191502114,-0.19768253161236377,-0.3506198114214622,-1.0789006202966522,-0.4082432432841737,-0.05192996728424647,1.3042698754768964,0.11652783389205124,0.8555292449287543,0.11011102537706936,0.9877546090837899,-1.1674806687859336,0.7655126867668476,-0.3339739328797112,-0.1309803939380136,0.439347465689361,-0.292352673102343,1.1259916264596033,-0.9766504768063926,-0.5027883396019271,-0.5780287684688719,0.08260387848870203,0.4296476701304107
2003-04-01,0.24186553933731195,0.46333801626880866,-0.10084144375208129,0.7602335590958809,0.07034452533030874,-0.18640519279399204,-0.3736424475329895,-1.1403567536954602,0.11652783389205124,0.5149266928724853,-1.053401238065715,0.13195668006656605,-0.8456209475070342,0.7655126867668476,1.0632828691583787,0.04091418179824294,-0.49956509072729816,-0.292352673102343,1.1259916264596033,-0.9766504768063926,0.9189864466527656,-0.5731185946198368,0.017835080467337727,0.4611139978899019
2003-07-01,0.6653719986760507,1.0392900231436732,0.3294613523353454,0.12546020451453166,-0.5151199828192752,-0.3688848794875288,-0.13235808734643204,-1.1403567536954602,0.11652783389205124,0.5149266928724732,0.11011102537706936,0.09904137510437665,-0.4013283126436079,0.7655126867668476,0.24859390358265737,0.8185074891086125,0.31596472590383845,-0.292352673102343,1.1259916264596033,-0.9766504768063926,1.3530528344963166,-0.6861703615399911,-0.08230891108894318,0.8004880942867986
2003-10-01,1.4700342714196568,2.0872067132136642,0.14900938421574678,-0.5410518177958742,0.02697678398589509,0.8226001336291023,-0.45407056759517544,-1.1403567536954602,0.12574486614681848,0.5149266928724853,-0.48262163713151895,-0.3617728943664247,-0.16656004535782384,0.7655126867668594,-0.5825352430141768,0.456573564023368,-0.5106996306591629,-0.292352673102343,1.1259916264596033,-0.9766504768063926,2.17363477194134,-0.6835910445781527,0.10421762028099184,1.6866922129107185
2004-01-01,0.7437206936537184,1.0183698697876653,-0.053893619037110596,-0.7314838241702861,0.00529291331368826,-0.5108135246936139,-0.21278620740861798,-1.1403567536954602,0.12574486614681848,0.5149266928724732,0.066204902228285,0.7902627793105786,-0.3596758781251626,0.7655126867668476,-0.8176723462543936,0.074841350364401,0.3262466208859658,-0.292352673102343,1.1259916264596033,-0.9766504768063926,1.5378611782251554,-0.6874845252479991,-0.03229898965286838,1.675036247536976
2004-04-01,1.5780284185510332,2.0179110222079735,0.08854390100102591,0.9506655654702928,0.02697678398589509,0.34075834654289666,-0.6149268077195473,-0.2270886207550579,0.12574486614672073,0.004022864788075932,0.04425184065389282,0.13195668006656605,0.901256912296882,0.7655126867668476,1.2524370732345322,0.3101341517556964,-0.6394605924353366,-0.292352673102343,1.1259916264596033,-0.9766504768063926,1.72492654227937,-0.6939088798268421,0.02714782125508081,1.6372348820188911
2004-07-01,3.267819191312599,3.907063277758699,0.10020619460865536,0.4428468818052243,0.5907574214632721,0.5995694054481119,-0.21278620740861798,-0.2270886207550579,0.12574486614681848,0.004022864788063831,0.066204902228285,-0.5592647241396359,-0.5098770813886493,0.43426869624082415,0.6058311865463692,0.31087902571332465,0.6171637671449679,-0.292352673102343,1.1259916264596033,1.0239077579421858,3.3638095184325616,-0.571698944149132,0.15931444091313565,3.244529096028066
2004-10-01,1.2011076697395555,1.283837482693288,0.21001617107102147,0.12546020451453166,1.1111703175962355,-0.7350369305654133,-0.5344986876573613,-0.2270886207550579,0.08798996726068956,0.004022864788063831,0.6369845031624811,-0.7567565539128472,0.3913301381922708,0.4342686962408124,0.20964593178016758,0.476813519733031,-0.522405172638815,-0.292352673102343,1.1259916264596033,1.0239077579421858,1.344202930805606,-0.33930930001645143,-0.030517960613327875,2.8209605989973032
2005-01-01,1.6987277594625785,1.7451791626586801,0.2778284512831255,0.061982869056400346,1.1545380589406486,0.030662146932962514,-0.2932143274708039,-0.2270886207550579,0.08798996726078732,0.004022864788063831,1.1638579809478928,0.9877546090837899,0.6652264500256889,0.43426869624082415,0.12582467527650743,0.564404273138916,0.33711605272421413,-0.292352673102343,1.1259916264596033,1.0239077579421858,1.8223406801617699,-0.0986426377578714,-0.03736746429173742,1.6353763419467806
2005-04-01,3.174647770258077,3.132561954017673,-0.03837500363156284,1.045881568657499,1.1328541882684429,0.40635561953730764,-0.6149268077195473,0.31770256483845755,0.08798996726068956,-0.3365796872682051,1.2077641040966767,0.46110972968859104,-0.7471697386452514,0.4342686962408124,1.2838895802009782,0.022508250325099427,-0.534726795775291,-0.292352673102343,1.1259916264596033,1.0239077579421858,2.739685593265425,0.1335467662372255,0.04137138251870509,2.658524117484857
2005-07-01,2.384808223591325,2.140200739844465,0.2028448311157523,0.284153543159887,1.0461187055796146,-0.3211777718552322,-0.5344986876573613,0.31770256483845755,0.08798996726068956,-0.3365796872682172,1.1858110425222854,0.13195668006656605,0.06315944198633318,-0.06259728954821683,0.36350944314699896,0.39855365992326275,0.08008595866681106,-0.292352673102343,1.1259916264596033,1.0239077579421858,1.9239399809179352,0.3536935833123205,-0.04688976162594558,2.8831194088869907
2005-10-01,1.9443615058790524,1.6130606063618207,0.05940309949617085,0.5698015527214689,1.154538058940649,0.9430605804006549,-0.8562111679061047,0.31770256483845755,-0.8524697844933307,-0.3365796872682051,1.0979987962247157,0.06612607014216854,0.46075086238968266,-0.0625972895482286,0.6835135793095535,0.14997768747745494,-0.5759162216886532,-0.292352673102343,1.1259916264596033,1.0239077579421858,1.4634906724509444,0.5931070183327632,0.1641793305726881,2.035629138085415
2006-01-01,0.6971349831264573,0.4630929106888244,0.4080549078159592,-0.3823584791505369,1.1328541882684429,0.2513075197323374,-0.7757830478439188,0.31770256483845755,-0.8524697844933307,-0.3365796872682051,1.2077641040966771,1.0865005239703955,-0.30918807870886555,-0.0625972895482286,-0.4233644831531982,0.6784282256506398,0.09307977661386259,-0.292352673102343,1.1259916264596033,1.0239077579421858,0.2709276638542998,0.8323254211751505,0.21434567380206854,1.1098763430524328
2006-04-01,0.5002044795339423,0.28008380750193934,-0.04250384381403285,0.5698015527214869,1.1111703175962355,0.9251704150385447,-1.0170674080304767,-0.013134264231059112,-0.8524697844932329,0.8555292449287543,1.1858110425222854,0.2965332048775879,1.028738605823036,-0.0625972895482286,0.6620049789946267,-0.04146434213175749,-0.4821673720837613,-0.292352673102343,1.1259916264596033,1.0239077579421858,0.3992702290748183,1.0601172248556279,0.418163448304677,0.3907985922774864
2006-07-01,-0.16681819392457845,-0.2804130309069719,-0.18249616464826915,1.5219615845935106,1.002750964235202,0.6687447115149432,-0.5344986876573613,-0.013134264231059112,-0.8524697844933307,0.8555292449287543,1.1638579809478928,0.5927709495373674,0.29666551428671045,-0.393841280074252,1.7214981942814511,-0.2625586788695705,0.8903326524916174,-0.292352673102343,1.1259916264596033,1.0239077579421858,-0.21835638341703345,1.2648733198718312,0.5603986580826703,-0.008803692116908811
2006-10-01,0.006819454404315055,-0.13924336839901177,0.013896262403655405,-1.2710411755644295,0.04866065465810144,-0.9055898403508781,-1.0170674080304767,-0.013134264231059112,-0.5225913939414693,0.8555292449287543,1.0540926730759326,-0.3946881993286328,1.0098056810419256,-0.3938412800742638,-1.42435412972784,0.025749905130981347,-0.8367825858066161,-0.292352673102343,-0.8881060715737715,1.0239077579421858,-0.059475810629433135,1.2792593255760947,0.34013110902807914,-0.2316107612290537
2007-01-01,-0.816900609009529,-0.8110833728734764,0.03897915316859734,-0.5086783767122331,0.02697678398589509,-0.27347066422293353,-0.6953549277817332,-0.013134264231059112,-0.5225913939414693,0.8555292449287543,0.0881579638026767,0.5927709495373861,0.738433759179321,-0.393841280074252,-0.5768828093898564,0.05141365872043901,0.5754939371768356,-0.292352673102343,-0.8881060715737715,1.0239077579421858,-0.8080730889675194,1.2766292924937874,0.25653661388146076,-0.5143963626132679
2007-04-01,-0.8528986580533251,-0.8426026845631083,0.07757970243328943,1.8552175957487225,0.02697678398589509,-0.028971737607410335,-1.177923648154848,0.4880736265149751,-0.5225913939414693,1.0258305209568948,0.066204902228285,1.5802300984034052,-0.927663621558518,-0.393841280074252,2.0504402585203185,0.09572830390423182,-0.8842128338280633,-0.292352673102343,-0.8881060715737715,-0.9766504768063926,-1.2946235710284213,1.2684756872676466,0.2249000727746595,-0.8840517452827122
2007-07-01,-1.7253219642911277,-1.563758779276866,-0.01349370180862931,0.4250732278769338,0.04866065465810144,1.2889371107348135,-0.8562111679061047,0.4880736265149751,-0.5225913939414693,1.0258305209568948,0.066204902228285,-1.316316738270254,-0.2587002792925662,0.7655126867668476,0.43420712582536997,-0.04865676480934391,0.6221367098160622,-0.292352673102343,-0.8881060715737715,1.0239077579421858,-2.034093246955993,1.2781146897637254,0.526626127813529,-1.279366820899628
2007-10-01,-1.759202481038232,-1.6163960206603327,-0.05490903000422456,-0.035772227549125124,-1.0572167496244456,-0.7028346329136133,-1.0170674080304767,0.4880736265149751,-0.068941427397396,1.0258305209568948,0.0881579638026767,-0.5256911130781994,4.9692715959600435e-05,0.7655126867668476,-0.07551452579281293,-0.11736804356970681,-0.3487100335859124,-0.292352673102343,-0.8881060715737715,-0.9766504768063926,-2.0135387976151584,1.0485364270620194,0.34497716738555334,-1.6796877291749086
2008-01-01,-1.9921310336745313,-1.843796062443408,-0.6501974426054842,0.5970968069684709,-1.751100611135063,-1.411285181253232,-0.6953549277817332,0.4880736265149751,-0.06894142739729825,1.0258305209568948,-1.0314481764913228,1.9258408005065155,1.3947751515911986,0.7655126867668476,0.6000749693772083,-0.9651456910461661,0.5754939371768356,3.4205262752974126,-0.8881060715737715,-0.9766504768063926,-2.1648402606341928,0.6673372014964034,-0.011652269157400627,-1.824403876684296
2008-04-01,-3.874617245435234,-3.5519892601690692,-0.02421524702025801,1.0792071697730254,-3.5725457476004356,0.4409432725707233,-1.0170674080304767,-0.9145160440312393,-0.068941427397396,2.0476381771257257,-1.7339461468718718,0.4426771589097455,-0.7130904740392511,0.7655126867668476,1.0981290206751688,-0.08183083905036574,-0.6075363870362853,3.4205262752974126,-0.8881060715737715,-0.9766504768063926,-2.686837016044009,-0.10166007626357766,0.07794862593474489,-2.819869121690043
2008-07-01,-3.042427052834605,-2.969940182348691,-0.49408547266825836,2.6191673279873706,-0.5584877241636889,1.2734323007543127,-0.13235808734643204,-0.9145160440312393,-0.068941427397396,2.0476381771257257,-3.578003319120813,-0.03525306914140701,-1.4628342953712776,0.9311346820298652,2.6885442476402117,-0.7467558274727063,1.6774294407785735,3.4205262752974126,-0.8881060715737715,-0.9766504768063926,-2.008622460826089,-0.2314222219088781,0.363594225437784,-3.3780603000443032
2008-10-01,-1.331460957106104,-1.3964185917599834,-1.7039476399888913,-2.5075796702889024,-2.2281457659236126,-0.4786112270418118,0.028498152777939822,-0.9145160440312393,0.8286309089672506,2.0476381771257257,-0.5265277602803032,0.6210781118048642,0.4973545169664987,0.9311346820298652,-2.6516066514080143,-2.4323596960812908,0.17407457515048833,3.4205262752974126,-0.8881060715737715,-0.9766504768063926,-0.5308166341419521,-0.6956627215285036,0.2544863951310478,-2.295934902919163
2009-01-01,-0.3870415527807089,-0.4536280975038969,-1.2803010121160743,-3.581616186240532,-1.7511006111350633,-2.6886429881080023,1.074063713586356,-0.9145160440312393,0.8286309089672506,2.0476381771257257,-2.2169135015084986,1.1210615941807123,1.3783666167808972,0.9311346820298652,-3.7867799572562264,-1.860615393984242,1.358842645519567,3.4205262752974126,-0.8881060715737715,-0.9766504768063926,0.30710676886043525,-1.0712424459303636,-0.402432224106994,-0.9895322244864939
2009-04-01,-2.006953759751392,-2.098701448029582,-0.803800750153352,0.01532702749467392,0.02697678398589509,-0.5060428139303825,1.1544918336485415,0.5098652739387157,0.8286309089672506,1.5367343490413041,-1.733946146871872,2.718112190946679,-0.47579781678264677,0.9311346820298652,-0.038582678697042745,-1.1869229290934777,0.028819440584804085,3.4205262752974126,-0.8881060715737715,-0.9766504768063926,-2.163291079942888,-1.082874559731799,-0.553143599383023,-1.361359540107338
2009-07-01,-1.4606304272044162,-1.5797943792189768,-0.36585997304122225,1.0950765036375447,0.04866065465810192,1.0432455064284794,1.7174886740838426,0.5098652739387157,0.8286309089672506,1.5367343490413041,0.066204902228285,-2.5986970195975956,-2.814645124742662,1.9248666536079588,1.0923045934329483,-0.5558745037525974,0.5164616780553136,-0.292352673102343,-0.8881060715737715,1.0239077579421858,-1.6327427174944744,-1.0817609401866015,-0.3210986273220138,-1.9374102186049704
2009-10-01,-0.28328247024272796,-0.33983209033989187,0.13707083909500248,-0.304281356537037,-0.05975869870293217,-0.5835668638328698,1.797916794146029,0.5098652739387157,3.6283246102071907,1.5367343490413161,0.08815796380267718,-3.712550939518451,-0.5048283014470177,1.9248666536079588,-0.3864821282924219,0.16477455613024566,0.018279385468928055,-0.292352673102343,-0.8881060715737715,-0.9766504768063926,-0.5820149189388949,-1.0956645000770124,-0.4703256953036705,-1.0277691841335121
2010-01-01,-0.8931317716905048,-0.9933888355133342,-0.19520000112290017,-0.4248882939074919,0.0052929133136882895,0.24653680896911026,2.2000573944569584,0.5098652739387157,3.6283246102072884,1.5367343490413041,-0.02160734406928365,0.017740571847736458,1.1347629845972615,1.9248666536079588,-0.5129871185434794,-0.32085861904005936,0.3024697387397977,-0.292352673102343,-0.8881060715737715,-0.9766504768063926,-1.0875994301983438,-1.0998951084396857,-0.4250829656274013,-0.7165659804994338
2010-04-01,-0.376453891297244,-0.43953212465772873,0.18640786608553506,-0.08782364262479171,0.2221316200357564,0.22268325515296197,1.5566324339594708,-1.2077127548233857,3.6283246102072884,0.004022864788063831,0.04425184065389285,1.1375192466617976,-0.5868709754985061,1.9248666536079588,-0.1661646138143206,0.21091845648430665,-0.5834775655761311,-0.292352673102343,-0.8881060715737715,1.0239077579421858,0.4390615707062849,-1.0593626106500997,-0.3874012016089994,-0.768765809331179
2010-07-01,0.14445905368940035,0.1233902297973384,-0.015811974641641108,-0.872403508887351,-0.01639095735851857,-1.2133006845791987,1.797916794146029,-1.2077127548233857,3.6283246102071907,0.004022864788075932,0.26378245639781445,-0.31371654912162555,0.29161673434508345,1.428000667818906,-0.9753524627839181,-0.0855061457059284,0.17033263959961595,-0.292352673102343,-0.8881060715737715,1.0239077579421858,0.9121600153964531,-1.0660977911561518,-0.6906874010465899,-0.17730964094059792
2010-10-01,-0.535268813549271,-0.6097679763654388,0.008277903927511316,0.563136432498378,0.04866065465810192,-0.7481563851642964,1.4762043138972851,-1.2077127548233857,1.0090482691957354,0.004022864788063831,0.022298779079500643,-0.4387947079779864,0.2663728346369349,1.428000667818906,0.49945002926350535,-0.06138803968873612,-0.3395060792067502,-0.292352673102343,-0.8881060715737715,-0.9766504768063926,0.34307651788647264,-1.066051474284431,-0.8908819955691648,-0.26851314362314804
2011-01-01,-1.424632378160626,-1.5614060679907547,-0.461696849320053,0.6005880604186941,-0.016390957358518508,1.324717441459036,1.7174886740838426,-1.2077127548233857,1.0090482691957354,0.004022864788063831,0.08815796380267718,-0.08923416927941184,-1.2533099277936421,1.4280006678189179,0.5246230603854062,-0.7078815062314877,0.17407457515048833,-0.292352673102343,-0.8881060715737715,-0.9766504768063926,-0.441324972909705,-1.0753760010781528,-0.5868712116353098,-1.157668458763778
2011-04-01,-0.5437389427360502,-0.6219047443818522,0.15097300983598097,1.4235717146333826,-0.12481031071955259,0.26323429664041365,1.1544918336485415,1.969905651329337,1.0090482691957354,0.17432414081620431,0.022298779079500706,-0.9029005079450235,-0.7610538834847346,1.428000667818906,1.3409664378602162,0.11977343027624883,-0.5614236459043226,-0.292352673102343,-0.8881060715737715,-0.9766504768063926,-1.7939685128296732,-1.1102718498582393,-0.5412434704074643,-1.1639477102499372
2011-07-01,0.16986944124973166,0.1603377612074413,-0.28188324618345945,0.4276123212952713,-0.03807482803072534,-0.6432007483732405,1.6370605540216572,1.969905651329337,1.0090482691957354,0.17432414081620431,-0.08746652879246011,0.585858735495319,1.4326410011534214,-0.0625972895482286,0.3185729655031202,-0.4714080161918071,0.43494093926845073,-0.292352673102343,-0.8881060715737715,-0.9766504768063926,-1.0796378817443886,-1.1209685729451104,-0.7065731024139827,-0.2555211331639102
2011-10-01,0.004701922107617269,-0.02710312052404762,0.10799723390414795,-0.6305548607918569,0.02697678398589509,-1.0785281055179563,1.3957761938350997,1.969905651329337,0.8090682282632228,0.17432414081620431,0.00034571750510852727,0.6246987953507328,0.30928746414078695,-0.06259728954821683,-0.7338448523025316,0.04308681527901038,-0.2750783985526162,-0.292352673102343,1.1259916264596033,-0.9766504768063926,-1.1480776196557894,-1.117702511178991,-0.976503436514116,0.06338226240504816
2012-01-01,-0.6750259451310541,-0.7600383885321299,0.22733415444035843,-0.44964445473615644,0.04866065465810189,-0.3032876064931199,1.4762043138972851,1.969905651329337,0.8090682282633206,0.17432414081620431,0.066204902228285,1.4781926530205638,-0.6499807247688775,-0.0625972895482286,-0.5559657677680199,0.18758154824367726,0.02319212302293768,-0.292352673102343,-0.8881060715737715,1.0239077579421858,-1.6092057112097695,-1.1136313366098831,-1.064691260568194,-0.4281968068545047
2012-04-01,-0.5246811520658062,-0.5994862256032768,-0.10206217678975321,1.3293078714780624,0.15708000801913596,0.04855231229507479,0.913207473461984,-1.8198599415448269,0.8090682282633206,-0.16627841124007667,0.08815796380267715,0.44531038330673417,-1.1106818944425982,-0.0625972895482286,1.1901497550320947,-0.2534519346853159,-0.5867856535269022,-0.292352673102343,-0.8881060715737715,1.0239077579421858,0.5623955637762965,-1.0913109968628454,-1.07428559750354,-0.7293353612923362
2012-07-01,0.2609233300075559,0.24869974788982263,-0.19869047632237186,-1.1736034656361871,0.07034452533030869,-0.7982488481782086,1.3957761938350997,-1.8198599415448269,0.8090682282632228,-0.16627841124006457,0.19792327167463797,-0.6520858841330546,-0.29025515392775303,0.10302470571478899,-1.2625155458945692,-0.3828727701456162,0.46262722791304645,-0.292352673102343,-0.8881060715737715,1.0239077579421858,1.2364278076067503,-1.0744530175222162,-1.271402579903249,-0.19685826553869282
2012-10-01,-0.10540975732045697,-0.15216705109917464,-0.24180064488219236,0.6113792074465564,0.02697678398589509,-0.3390679372173424,0.9936355935241703,-1.8198599415448269,0.477281938906543,-0.16627841124007667,0.1101110253770693,-0.4644686458484945,0.08209236676744569,0.10302470571478899,0.46945105821799066,-0.44139625562949125,-0.4410615758310628,-0.292352673102343,1.1259916264596033,1.0239077579421858,0.9995219525412424,-1.0798279834437183,-1.3741830014289054,0.04340334286557146
2013-01-01,-0.08423443435351523,-0.13220095827512424,0.23190350379237468,-1.10377839663223,-0.016390957358518508,0.13561778372401734,1.3957761938350997,-1.8198599415448269,0.4772819389066408,-0.16627841124006457,0.066204902228285,1.3804341972828382,-0.8140660728718474,0.10302470571478899,-1.1929111302237627,0.15434855828492433,0.36851663359026543,-0.292352673102343,-0.8881060715737715,-0.9766504768063926,1.075928204124198,-1.083915432181228,-1.3497058645305489,-0.15951876934442008
2013-04-01,0.4642064304901522,0.4400810031193078,-0.31788180484489864,0.4841071498529925,0.048660654658101855,0.13442510603321056,0.7523512333376121,1.5221863497143024,0.477281938906543,0.17432414081620431,0.022298779079500706,-1.2152667520362928,-0.3281210034899758,0.10302470571478899,0.3370766134373052,-0.5456889517271961,-0.6731884252580637,-0.292352673102343,1.1259916264596033,-0.9766504768063926,-0.5919713760720334,-1.0840403766063988,-1.3378113817283845,0.15612607970039488
2013-07-01,0.2312778778538471,0.18283553723907445,0.22212644010531665,-0.35696754496728794,-0.10312644004734577,2.2669328171969125,1.2349199537107278,1.5221863497143024,0.477281938906543,0.17432414081620431,0.08815796380267713,0.6358899990378596,0.17423260070218918,-0.2282192848112462,-0.4771104443069071,0.12241671266224578,0.48289431502542896,-0.292352673102343,1.1259916264596033,-0.9766504768063926,-0.7555732552509009,-1.1092528528005594,-0.8039213554391806,0.32599426385225
2013-10-01,-0.08846949894690478,-0.1508401739187403,0.2707691051845262,0.07658265621176892,0.02697678398589509,-0.3641141687242996,1.2349199537107278,1.5221863497143024,0.0634291291242134,0.17432414081620431,-0.06551346721806794,-1.1428530811194424,0.17297040571678243,-0.22821928481123444,-0.06497189776752248,0.16811170206328718,-0.0541834934527289,-0.292352673102343,1.1259916264596033,-0.9766504768063926,-0.9735593160094765,-1.110531878988089,-0.907643059811805,0.009026390138082194
2014-01-01,-0.07576430516674214,-0.1404606906167956,-0.5970414251025831,-0.7137101702419957,-0.016390957358518508,0.6329643807907207,0.913207473461984,1.5221863497143024,0.06342912912411564,0.17432414081620431,0.066204902228285,0.5038996261394316,2.4297750396253086,-0.2282192848112462,-0.8188036154093814,-0.8945172967026801,-0.3745456950011042,-0.292352673102343,-0.8881060715737715,-0.9766504768063926,-0.9205604665312792,-1.117438851097239,-0.7670304109429632,-0.163212028683466
2014-04-01,0.5891408359950748,0.5218470066142161,0.5790844594612775,0.689138943382773,0.07034452533030869,-0.1649369943594573,0.3502106330266828,0.14931256201864368,0.0634291291242134,-2.0395924475495977,0.022298779079500706,-0.36835595535887755,-0.35462709818353333,-0.22821928481123444,0.510416181555927,0.524725292300933,-0.6571293350461328,-0.292352673102343,1.1259916264596033,-0.9766504768063926,0.3500533123896102,-1.1123175319623777,-0.8263730616790924,0.19524310776472478
2014-07-01,-0.035531191529556416,-0.11083419801753826,0.44823830358820677,-0.5988161930627821,0.02697678398589509,-0.4344821524819398,0.913207473461984,0.14931256201864368,0.06342912912411564,-2.0395924475495857,0.1101110253770693,0.08126711042477829,0.7005679096170983,0.10302470571478899,-0.7117144653263311,0.34326338830057623,0.640514976209236,-0.292352673102343,1.1259916264596033,1.0239077579421858,-0.1265679828835622,-1.108524785287576,-0.9407269127055367,0.21124417819964175
2014-10-01,0.2524532008207768,0.16600197712375378,-0.215769539464137,-0.8095609467837861,0.02697678398589509,-0.16374431666865052,0.4306387530888691,0.14931256201864368,-0.12612464791665862,-2.0395924475495977,0.066204902228285,-0.7383239831340017,-0.14384053562048882,0.10302470571478899,-0.9095198559085054,-0.45098877461870923,-0.5709942148185032,-0.292352673102343,1.1259916264596033,-0.9766504768063926,0.0879330547906557,-1.1079109182355529,-0.993901128907178,0.021509897614985726
2015-01-01,-0.16470066162787464,-0.24279260955749582,-0.05300886756944815,-2.811001333778775,0.07034452533030872,-0.8125609804678963,0.591494993213241,0.14931256201864368,-0.12612464791656086,-2.0395924475495857,0.066204902228285,0.7165324961952527,-0.4290966023225744,0.10302470571478899,-2.786090533758449,-0.26524116965241346,0.14007869259256245,-0.292352673102343,-0.8881060715737715,1.0239077579421858,-0.22498494514694495,-1.0928407845492483,-1.1966797454516913,-0.0492478680154394
2015-04-01,0.24821813622739328,0.14972533815480996,0.18891652847489301,1.6032125739799143,0.04866065465810189,0.06524979996637924,-0.05192996728424647,-0.23897497389528005,-0.12612464791656086,-1.1880860674088953,0.11011102537706934,-0.6191705791708465,-0.14257834063508207,0.10302470571478899,1.381615815512355,0.007209648708479872,-0.7995159623611935,-0.292352673102343,-0.8881060715737715,1.0239077579421858,0.2913175782732682,-1.1011515955967892,-1.2115846439281046,-0.05790304381635888
2015-07-01,0.04917010033818653,-0.04607081511416872,-0.16353933784303168,-0.7397358777798471,0.04866065465810192,0.9526020019271144,0.2697825129644973,-0.23897497389528005,-0.12612464791665862,-1.1880860674089073,0.08815796380267715,-0.8377282041198545,-0.8292124126967352,-2.050061232704416,-0.8441767050089222,-0.40390153398344275,0.3911981038218413,-0.292352673102343,1.1259916264596033,1.0239077579421858,0.14299170226574287,-1.089620893267169,-0.9884149248268436,0.04754674579440643
2015-10-01,-0.21128637215513565,-0.29308510351770617,-0.49329031628592773,-0.2493734613657497,0.00529291331368826,-0.5358597562005721,0.028498152777939822,-0.23897497389528005,-0.30291431323423046,-1.1880860674088953,0.08815796380267718,-2.9133673350362206,0.09976309656315034,-2.0500612327044045,-0.3856882883502615,-0.7792039665621507,-0.35852758492368486,-0.292352673102343,-0.8881060715737715,-0.9766504768063926,-0.050303464777154375,-1.0956669636710714,-1.1336279016328323,-0.18886968168330914
2016-01-01,-0.21763896904522298,-0.2998181660764986,-0.27943804697954566,-1.4579819284886364,0.504021938774445,0.2429587758966878,-0.05192996728424647,-0.23897497389528005,-0.3029143132343282,-1.1880860674089073,0.04425184065389282,1.6644932791066294,1.0388361657062954,-2.050061232704416,-1.513664532716714,-0.5387226366678405,-0.16287781183521385,-0.292352673102343,-0.8881060715737715,1.0239077579421858,-0.055243002828063256,-0.9904559587492221,-1.0853885546204312,-0.32366180181274123
2016-04-01,0.3604473479521653,0.23416133613230303,0.07510837132949486,1.0947591169602615,0.09202839600251546,-0.5776034753788316,-0.5344986876573613,1.8847201204910782,-0.3029143132343282,-0.5068809632963456,0.5491722568649126,-0.7653145332030228,-0.536383176082208,-2.0500612327044045,0.8724268786007533,-0.1434287792285563,-0.7222558893645833,-0.292352673102343,-0.8881060715737715,1.0239077579421858,-0.7838438926794205,-0.9839913206989391,-1.2480672438648246,-0.043624034142042564
2016-07-01,0.11269606923899372,-0.002412939778542333,0.0570698941489269,-0.464244241891525,0.07034452533030874,-0.33310454876330636,-0.13235808734643204,1.8847201204910782,-0.3029143132343282,-0.5068809632963456,0.1320640869514614,-0.25677307153701784,0.2878301493888609,-1.2219512563893282,-0.5900021311416276,-0.17114755756498815,0.5979824168421766,-0.292352673102343,1.1259916264596033,1.0239077579421858,-0.9199607600150701,-0.9702064296653893,-1.3371095556972472,0.11606946760313203
2016-10-01,-0.005885739375847589,-0.11434029607693896,0.11606452471276216,-1.1466255980664861,0.04866065465810192,0.13203975065159593,-0.21278620740861798,1.8847201204910782,-0.1353416801713281,-0.5068809632963456,0.11011102537706936,-1.5101878844976153,-0.5805600005714678,-1.22195125638934,-1.2203672479959016,-0.1135189444612033,-0.1683125277543375,-0.292352673102343,-0.8881060715737715,1.0239077579421858,-0.9571353517949766,-0.9636269590192083,-1.317467974950526,-0.07016142719114868
2017-01-01,-0.8465460611632498,-0.8698470851820719,0.09353509387982711,-0.3226897838198938,0.5690735507910653,1.6825207487012679,-0.13235808734643204,1.8847201204910782,-0.1353416801713281,-0.5068809632963456,0.08815796380267718,1.1371900936121833,-0.3218100285629398,-1.2219512563893282,-0.4590430145718409,-0.14632633928529928,0.06287192634379325,-0.292352673102343,-0.8881060715737715,1.0239077579421858,-1.4653362112049135,-0.8504095805820397,-0.9302243465568988,-0.532638566166698
2017-04-01,1.076173264234627,0.8618458980031675,-0.02647005666781882,-0.17700929894347314,0.5690735507910653,-0.1899832258664145,-0.6953549277817332,0.36921009511275354,-0.13534168017142587,-0.6771822393244861,0.615031441588089,-0.4796096861311043,0.1704460157459678,-1.22195125638934,-0.3259784520163858,-0.28315364137310667,-0.8530867335639886,-0.292352673102343,1.1259916264596033,1.0239077579421858,0.5061892993177699,-0.735242468060649,-0.9909846224535173,-0.020222709491166915
2017-07-01,-0.18587598459480434,-0.28266096882934755,0.32964427563457216,-0.763539878576644,0.569073550791065,-0.12438595287200456,-0.2932143274708039,0.36921009511275354,-0.1353416801713281,-0.6771822393244861,0.615031441588089,-1.187288742818429,1.8112994967756573,-0.5594632753372696,-0.8669670159750208,0.09183895890629536,0.637507623526717,-0.292352673102343,1.1259916264596033,1.0239077579421858,-0.31992782622318416,-0.6179835065534334,-1.0333695179058293,0.2990897978723566
2017-10-01,-0.17105325851796196,-0.2706299329177526,0.6676454681852819,0.6815216631277966,0.02697678398589509,-0.11245917596392936,-0.5344986876573613,0.36921009511275354,-0.7778736284023897,-0.6771822393244861,0.6150314415880888,-0.3328074259996995,-0.17034663031404637,-0.5594632753372696,0.4602778206339172,0.4349852267305762,-0.4145909701946502,-0.292352673102343,-0.8881060715737715,1.0239077579421858,-0.3079341433093748,-0.6221024634370842,-1.0800812216185816,-0.3026169208599404
2018-01-01,-0.008003271672539357,-0.12983780716205706,0.4696851271400205,0.7126255575022868,0.5907574214632721,0.3884654541751964,-0.3736424475329895,0.36921009511275354,-0.7778736284024874,-0.6771822393244861,0.066204902228285,-0.18172617622319756,-0.10092590611663566,-0.5594632753372696,0.476354792993324,0.20665291737804753,0.2066828706652335,-0.292352673102343,-0.8881060715737715,1.0239077579421858,-0.20215547054378072,-0.5019490903834378,-1.0012472679571964,-0.2213989132613768
2018-04-01,0.11481360153569152,-0.026530111785967404,0.32369740184553125,-0.363950051867662,0.6341251628076857,1.0981086802056208,-0.9366392879682907,1.1160692840900455,-0.7778736284023897,-2.0395924475495977,0.6369845031624811,-0.7900010119246695,-0.08830395626256027,-0.5594632753372696,-0.5071116748893449,0.041460700974058184,-0.9178626719513883,-0.292352673102343,-0.8881060715737715,1.0239077579421858,-0.44579611334157065,-0.369447340231159,-0.747861453094127,-0.0912970473844062
2018-07-01,0.1465765859860921,-0.00384271863753971,0.1947514084072573,-0.08528454920647224,0.5040219387744448,0.2036004121000408,-0.6149268077195473,1.1160692840900455,-0.7778736284023897,-2.0395924475495857,0.6808906263112655,0.7086328230043242,0.44181793760857124,-0.7250852706002873,-0.25745441966746535,-0.10035502992953298,0.5545046894891831,-0.292352673102343,-0.8881060715737715,1.0239077579421858,-0.41702136321825506,-0.26851166780996216,-0.7143957497324565,-0.024001438936214176
2018-10-01,-0.44633245708814456,-0.5106520766503689,-0.17363745058588062,-0.7492574780985586,0.6341251628076857,0.7820490921416507,-0.8562111679061047,1.1160692840900455,-0.7074426035053514,-2.0395924475495977,0.5491722568649124,0.7408898218672851,1.1928239539260035,-0.7250852706002873,-0.8548956497629208,-0.47651732666168906,-0.4569918498113468,-0.292352673102343,-0.8881060715737715,1.0239077579421858,-0.7664116270817724,-0.1372079040928832,-0.5385236976744511,-0.28269703070111973
2019-01-01,0.19316229651335914,0.03085300641067988,0.10483900714612941,-0.6578501150388769,0.482338068102238,-0.8125609804678963,-0.3736424475329895,1.1160692840900455,-0.7074426035053514,-2.0395924475495857,0.6808906263112655,-0.3755973224505401,0.2461777148704134,-0.7250852706002873,-0.7730562566970531,-0.20276581873017543,0.8293961269468212,-0.292352673102343,-0.8881060715737715,1.0239077579421858,-0.36757260366422156,-0.040374630126569534,-0.7488453908637912,-0.26434877490646846
2019-04-01,0.5489077223579012,0.32323385263963506,0.45054537703556313,0.9874824200360426,0.07034452533030874,-0.7064126659860358,-1.177923648154848,-1.677223703862161,-0.7074426035053514,1.877336901097585,0.5272191952905202,-0.08660094488244194,0.8583422827930299,-0.7250852706002873,0.6989409125388695,0.13048076186928545,-1.288010891307956,-0.292352673102343,1.1259916264596033,1.0239077579421858,0.9642691722518172,-0.03569640470292298,-0.9389878869709631,0.18156234059868517
2019-07-01,0.15292918287617946,-0.01653747789175057,0.5733466408713509,-0.7581443050627038,-0.01639095735851857,-0.8399925673564681,-0.6953549277817332,-1.677223703862161,-0.7074426035053514,1.877336901097585,0.11011102537706936,-0.775189124691674,-0.8292124126967352,-2.050061232704416,-0.8632406418827376,0.2355186964522522,0.9602968114504574,-0.292352673102343,1.1259916264596033,-0.9766504768063926,0.7584843898578856,-0.04009475290730117,-1.1495759792001394,0.15606970429411052
2019-10-01,0.025877245074553003,-0.12484773343544527,0.18813630460678094,-0.7359272376523768,-1.2090038443298927,-0.12319327518119673,-1.0974955280926626,-1.677223703862161,-2.806695597012863,1.877336901097585,0.022298779079500643,-0.6803930464005701,-0.7168770589954735,-2.0500612327044045,-0.843584743594526,-0.14957595704518808,-0.7458746104321743,-0.292352673102343,-0.8881060715737715,-0.9766504768063926,0.7099525121398332,-0.3036782978272717,-1.1938333772083831,-0.08330530340293384
2020-01-01,0.21222008718360913,0.023221306571290682,-1.3857730931968628,-0.0522763347682288,-0.5801715948358958,-0.09218365522020353,-0.8562111679061047,-1.677223703862161,-2.806695597012863,1.877336901097585,-1.1851196075120678,1.0259363628399754,-0.8582428973611074,-2.050061232704416,-0.23875576264525467,-1.6463715351836237,0.43494093926845073,-0.292352673102343,-0.8881060715737715,-0.9766504768063926,0.857330940297052,-0.43500498860829145,-1.2328854006267431,-0.06211225144802073
2020-04-01,0.19527982881005093,0.004183521411209229,-7.308952715292665,-1.3497530715324957,-3.225603816845126,-0.698063922150383,4.2107603960116045,-0.6470730983762407,-2.806695597012863,0.3446254168443448,-0.5484808218546955,-0.7844054100810968,-0.09966371113122778,-2.0500612327044045,-1.3845184845821739,-7.31066554639471,9.223402520742544,3.4205262752974126,1.1259916264596033,-0.9766504768063926,0.3833059363035852,-1.124929622944433,-1.4109369879658071,0.006875020858430232
2020-07-01,0.5002044795339423,0.24088577524996996,5.911250101151966,0.3019271970881234,0.11371226667472231,-0.6312739714651663,3.567335435514117,-0.6470730983762407,-2.806695597012863,0.3446254168443448,-3.2267543339305385,-0.7613646966075773,-0.06684664151063424,1.7592446583449413,0.07353746678767181,5.877069715402783,-0.44270786554331165,-0.292352673102343,1.1259916264596033,-0.9766504768063926,0.5824938019547622,-1.1109617274115664,-1.5829514596044707,0.1232053389598769
2020-10-01,0.7225453706867826,0.40356624212603975,0.8159365337985712,0.12990361799664035,0.02697678398589509,-0.3736555902507591,1.7174886740838426,-0.6470730983762407,-1.8462432155284627,0.3446254168443327,0.15401714852585363,-0.05236902772173951,-0.7080416940976206,1.7592446583449413,-0.08377162531427643,0.4524081730193956,-1.275098744121099,-0.292352673102343,1.1259916264596033,1.0239077579421858,0.7312532262467772,-1.110473536122437,-1.6867750134857677,0.3376855499408903
2021-01-01,0.8453622438950135,0.4814256435675891,1.5767854647112247,0.34191791842677693,0.02697678398589509,-0.17567109357672467,1.1544918336485415,-0.6470730983762407,-1.8462432155284627,0.3446254168443448,0.066204902228285,-1.3979466945764898,-0.6373587749148032,1.7592446583449413,0.0969718069454447,1.1439890069265473,-0.5614236459043226,-0.292352673102343,1.1259916264596033,-0.9766504768063926,0.8178387316057997,-1.1110344532825167,-1.7442762017394275,0.46728924679175965
2021-04-01,2.5245653551731144,1.724508854213951,2.0398501970024023,1.45816686245806,-0.016390957358518508,0.8357195882279854,0.6719231132754265,0.5217516270789379,-1.846243215528365,0.004022864788063831,0.066204902228285,0.3149657756563773,-0.364724658066793,1.7592446583449413,1.05873423713424,1.5145640636139923,-0.5433079261739081,-0.292352673102343,1.1259916264596033,-0.9766504768063926,1.284066569424471,-1.1232655812141996,-1.5614993954878444,1.1801392190139053
2021-07-01,1.9994173455930744,1.249931260119377,1.4465142106357216,2.3881098269197567,0.09202839600251551,-0.39750914406690846,0.7523512333376121,0.5217516270789379,-1.8462432155284627,0.004022864788075932,0.022298779079500706,0.13656482276131485,-0.15520029048915635,0.2686467009778066,1.8296909565415462,0.9134579083583197,0.037119733988557994,-0.292352673102343,1.1259916264596033,1.0239077579421858,0.9234988786960585,-1.1117885521010407,-1.674636170410705,1.6052834499796433
2021-10-01,0.9681791171032564,0.47379326673148037,2.5736091847505946,1.4188109144740448,-0.01639095735851854,0.5363574878353176,-0.45407056759517544,0.5217516270789379,-0.9914776791108098,0.004022864788063831,0.13206408695146146,0.3564390599087797,0.9151410571363652,0.2686467009778066,0.9656661317791712,1.8488349140596583,-1.396878014648123,-0.292352673102343,1.1259916264596033,1.0239077579421858,0.2579236793744493,-1.1183535521455155,-1.556837519879883,0.9198494397746815
2022-01-01,1.4594466099361798,0.7890637764503975,1.0184102272675377,1.8022140206411703,0.02697678398589509,0.9609507457627672,-0.6953549277817332,0.5217516270789379,-0.9914776791108098,0.004022864788063831,0.022298779079500675,1.5140703354293559,-0.38996855777494266,0.2686467009777948,1.2611067898903048,0.45066658807394083,-0.43461360779142416,-0.292352673102343,1.1259916264596033,-0.9766504768063926,0.5529695139595446,-1.1192704194023109,-1.3413704067490528,0.671179514254686
2022-04-01,3.073006220016788,1.8254202892519704,1.5852745990466035,4.102315270966676,0.5690735507910653,3.727962988436026,-1.33877988827922,0.7396681013163441,-0.9914776791108098,-0.5068809632963456,0.066204902228285,2.4784887708218553,0.598330115799094,0.2686467009778066,3.11328065679573,0.8933676815606926,-1.1608892806198416,-0.292352673102343,1.1259916264596033,1.0239077579421858,1.405410292702855,-1.0094383716011506,-0.46630495693604895,1.4051230676054414
2022-07-01,-0.7427869786252569,-0.6940924083010864,1.1220680078702983,2.7242223181706073,2.9542993247338143,1.0861819032975468,-0.9366392879682907,0.7396681013163441,-0.9914776791108098,-0.5068809632963456,0.615031441588089,1.4732553572762568,1.0476715306041484,-0.0625972895482286,1.9096173228862703,0.47937390065292074,0.8588487809601392,-0.292352673102343,1.1259916264596033,1.0239077579421858,-0.9333258915859649,-0.3815705927034765,-0.21493996553591024,0.5829954967169362
2022-10-01,-1.3484012154796563,-1.0795718500943754,1.107307217561545,-0.9603196184968817,3.062718678094849,3.6086952193552846,-1.177923648154848,0.7396681013163441,-0.30627329000355086,-0.5068809632963577,3.029868214771226,1.8708722412196306,3.975963896749439,-0.06259728954821683,-1.025217356231085,0.44287579565635093,-0.5106996306591629,-0.292352673102343,-0.8881060715737715,1.0239077579421858,-1.2755596279770935,0.2747856968394123,0.6498738742984452,-0.9474496751542056
2023-01-01,-0.18164092000142082,-0.33660117459613276,0.9871602081287852,-1.1298041041700633,2.7374606180117467,-1.4363314127601892,-1.177923648154848,0.7396681013163441,-0.30627329000355086,-0.5068809632963456,3.1396335226431873,4.256244391830296,1.1802020040719292,-0.0625972895482286,-1.1580586650362468,0.32603956954206115,-0.0541834934527289,-0.292352673102343,-0.8881060715737715,1.0239077579421858,-0.5626454773963742,0.853098273115732,0.29033344042577464,-0.7606144102276475
