Date,ZHVI_pct_change,Unemployment_Rate,Median_Household_Income,CPI,GDP_Growth,Poverty_Rate_lag5,CPI_pct_change,Unemployment_Rate_pct_change,Median_Household_Income_pct_change,Population_pct_change,Poverty_Rate_pct_change,CPI_yoy_pct,Income_yoy_pct,Interest_Rate_diff1,Mortgage_Rate_diff1,real_interest_rate,real_mortgage_rate,Income_CPI_interaction,hot_market,rising_rates,accelerating_prices,accelerating_inflation,ZHVI_pct_change_is_imputed,Poverty_Rate_lag5_is_imputed,CPI_pct_change_is_imputed,Unemployment_Rate_pct_change_is_imputed,Median_Household_Income_pct_change_is_imputed,Population_pct_change_is_imputed,Poverty_Rate_pct_change_is_imputed,CPI_yoy_pct_is_imputed,Income_yoy_pct_is_imputed,Interest_Rate_diff1_is_imputed,Mortgage_Rate_diff1_is_imputed,real_interest_rate_is_imputed,real_mortgage_rate_is_imputed,Income_CPI_interaction_is_imputed
2000-01-01,1.0160951518421557,5.7,41716.55853873175,171.5,6.89244083540085,17.5,0.8746355685131268,-1.7543859649123084,2.0717115860628965,0.0,0.0,2.9446064139941663,-2.165337397145395,0.5966666666666667,0.06016666666666737,5.563887269193392,6.982053935860059,1.8119926408713531,0,0,0,0,1,1,1,1,1,1,1,1,1,1,1,1,1,1
2000-04-01,1.0160951518421557,5.599999999999999,42580.80531528536,173.0,4.859769874218148,17.5,0.8746355685131268,-1.7543859649123084,2.0717115860628965,0.0,0.0,2.9446064139941663,-2.165337397145395,0.5966666666666667,0.06016666666666737,5.563887269193392,6.982053935860059,1.8119926408713531,0,0,0,0,0,1,0,0,0,0,0,1,1,0,0,1,1,0
2000-07-01,2.2022769564930655,5.666666666666667,42521.31462869351,174.9,0.687335890554935,17.5,1.098265895953765,1.1904761904762085,-0.1397124506015368,0.0,0.0,2.9446064139941663,-2.165337397145395,0.24666666666666615,-0.28949999999999854,5.563887269193392,6.982053935860059,-0.15344141973579295,0,1,1,1,0,1,0,0,0,0,0,1,1,0,0,1,1,0
2000-10-01,2.5739701026122885,5.8,41830.80863997166,175.35,1.3237094853757143,17.5,0.2572898799313883,2.35294117647058,-1.623905551254734,0.0,0.0,2.9446064139941663,-2.165337397145395,-0.04666666666666597,-0.38833333333333453,5.563887269193392,6.982053935860059,-0.41781446430224545,0,1,1,0,0,1,0,0,0,0,0,1,1,0,0,1,1,0
2001-01-01,2.4001148018699903,6.0,40813.25429589054,176.54999999999998,-0.3834282191640781,17.5,0.6843455945252375,3.4482758620689724,-2.432547629760118,0.4296857245746022,3.4285714285714475,2.9446064139941663,-2.165337397145395,-0.8799999999999999,-0.6291666666666664,5.563887269193392,6.982053935860059,-1.664703253899145,1,0,0,1,0,1,0,0,0,0,0,0,0,0,0,0,0,0
2001-04-01,2.7006133986536174,6.2,39777.32489960827,178.0666666666667,1.6467258201229908,17.5,0.8590578684036787,3.3333333333333437,-2.538218071933007,0.0,0.0,2.9287090558766993,-6.583906515903115,-1.2666666666666666,0.11599999999999966,4.2973795761079,7.098212909441234,-2.180476206418464,1,0,1,1,0,0,0,0,0,0,0,0,0,0,0,0,0,0
2001-07-01,3.41683632814751,6.6000000000000005,38995.04483366108,180.04999999999998,-1.5352523975531147,17.5,1.1138150505428435,6.451612903225823,-1.966648254807335,0.0,0.0,2.9445397369925574,-8.292946316040972,-0.8300000000000005,-0.16250000000000053,3.467221269296741,6.9355546026300745,-2.1904824253282267,1,0,1,1,0,0,0,0,0,0,0,0,0,0,0,0,0,0
2001-10-01,3.261312294157137,7.066666666666666,38782.42411940029,179.8166666666667,2.287223708397974,17.5,-0.1295936313986612,7.07070707070705,-0.5452505957301845,0.0,0.0,2.547286379621716,-7.287414754058741,-1.3633333333333333,-0.18483333333333363,2.1078604695371164,6.754693802870449,0.07066100472295797,1,0,0,0,0,0,0,0,0,0,0,0,0,0,0,0,0,0
2002-01-01,2.7698835668847677,7.166666666666667,39422.20789310916,180.95,3.293832723323349,17.5,0.6302715728982999,1.4150943396226578,1.6496745323065776,-0.23428905629899743,-3.314917127071826,2.492211838006231,-3.4083202302283566,-0.3999999999999999,0.18783333333333374,1.708411214953271,6.943077881619938,1.039742962247134,1,0,0,1,0,0,0,0,0,0,0,0,0,0,0,0,0,0
2002-04-01,3.0993846210591425,7.033333333333334,40871.916128998106,183.41666666666663,2.195746473374252,18.1,1.3631758312609321,-1.8604651162790642,3.6773897591422022,0.0,0.0,3.0044926993634924,2.751796990251143,0.016666666666666607,-0.15433333333333277,1.719955073006365,6.783621739673032,5.01292884178911,1,0,1,1,0,0,0,0,0,0,0,0,0,0,0,0,0,0
2002-07-01,4.170840275328436,6.833333333333333,42687.24255178015,185.0,1.0931342484913025,18.1,0.8632439800090985,-2.8436018957346154,4.441500655493114,0.0,0.0,2.7492363232435535,9.46837664597815,-0.010000000000000009,-0.5245000000000006,1.7125076367675645,6.261674303434231,3.8340987030608953,1,1,1,0,0,0,0,0,0,0,0,0,0,0,0,0,0,0
2002-10-01,3.8542426985877842,6.9,44303.2107156497,185.61666666666667,0.8352610933280993,18.1,0.33333333333334103,0.9756097560975618,3.7855997887644266,0.0,0.0,3.2255074613031676,14.235279824831082,-0.29666666666666663,-0.21316666666666606,1.4110782587203017,6.043744925386969,1.261866596254838,1,0,0,0,0,0,0,0,0,0,0,0,0,0,0,0,0,0
2003-01-01,3.000883181574343,7.1000000000000005,45186.03482871177,187.55000000000004,2.4816332311052536,18.1,1.0415731345964074,2.898550724637694,1.9926865317466014,-0.8123414486058023,0.0,3.647416413373894,14.62076135164947,-0.19333333333333336,-0.24150000000000116,1.213525835866261,5.798025835866261,2.075528757139351,1,0,0,1,0,0,0,0,0,0,0,0,0,0,0,0,0,0
2003-04-01,3.3920945830221427,7.333333333333333,45164.540560518646,188.96666666666667,4.804292025404748,17.5,0.7553541277881326,3.2863849765258024,-0.04756838761046378,0.0,0.0,3.025897319400306,10.502625856767644,-0.0033333333333331883,-0.32566666666666677,1.2164076934726638,5.47857436013933,-0.03593097793378968,1,0,1,0,0,0,0,0,0,0,0,0,0,0,0,0,0,0
2003-07-01,3.8357999667669063,7.366666666666667,44579.54079333356,190.5,6.6484025309919055,17.5,0.8114305874051819,0.454545454545463,-1.2952634078081893,0.0,0.0,2.972972972972965,4.432936232079232,-0.2300000000000002,0.5058333333333342,0.986936936936937,5.984936936936937,-1.0510163478422367,1,0,1,1,0,0,0,0,0,0,0,0,0,0,0,0,0,0
2003-10-01,3.7270764986827576,7.3,43841.68980292292,190.51666666666665,3.632645364144345,17.5,0.008748906386690791,-0.9049773755656187,-1.6551336718142684,0.0,0.0,2.639849151477036,-1.0417324281279505,-0.019999999999999796,-0.09450000000000003,0.9702681751518965,5.893768175151896,-0.014480609552162833,1,0,0,0,0,0,0,0,0,0,0,0,0,0,0,0,0,0
2004-01-01,3.2586032329368964,7.6,43358.48144332345,191.75,2.320480717670294,17.5,0.6473624354824681,4.109589041095885,-1.102166366697055,-0.1315738555009327,13.714285714285701,2.2394028259130616,-4.044509309825672,0.0066666666666663765,-0.32266666666666666,0.9809393050742026,5.57510597174087,-0.7135011034518685,1,0,0,1,0,0,0,0,0,0,0,0,0,0,0,0,0,0
2004-04-01,4.5207885558619765,8.066666666666666,43345.41124972695,194.1,3.45307643082959,17.5,1.2255541069100317,6.140350877192979,-0.03014449113856177,0.0,0.0,2.7165284882695317,-4.0277821676368735,0.006666666666666821,0.5316666666666663,0.9828347151173047,6.102001381783971,-0.036943704915577434,1,1,1,1,0,0,0,0,0,0,0,0,0,0,0,0,0,0
2004-07-01,6.453658291478281,8.366666666666667,43734.555517465305,195.95,3.842246871242885,17.5,0.9531169500257564,3.7190082644628086,0.8977750043628996,0.0,0.0,2.8608923884514414,-1.8954553161180443,0.4233333333333331,-0.23666666666666725,1.4047244094488187,5.863891076115484,0.855684573967727,1,1,1,0,0,0,0,0,0,0,0,0,0,0,0,0,0,0
2004-10-01,5.634328170082248,8.299999999999999,44421.11123096842,197.25,4.45954366075684,17.5,0.6634345496300043,-0.7968127490040056,1.5698243765823516,0.0,0.0,3.5342489720934456,1.3216220238090992,0.5166666666666668,-0.15766666666666662,1.9146575102790655,5.6994908436123985,1.0414757282761147,1,1,0,0,0,0,0,0,0,0,0,0,0,0,0,0,0,0
2005-01-01,4.5724015265120155,7.899999999999999,45296.47651208357,199.3,3.703069780658831,17.5,1.0392902408111526,-4.81927710843374,1.9706064455787153,-0.1088499596656356,-5.025125628140703,3.9374185136897166,4.469702360986494,0.5200000000000002,0.020333333333334203,2.4306258148631033,5.715792481529769,2.0480320473695124,1,1,0,1,0,0,0,0,0,0,0,0,0,0,0,0,0,0
2005-04-01,5.455903312462218,7.233333333333333,46248.25163996994,201.73333333333332,2.240804762461953,19.9,1.220939956514444,-8.43881856540083,2.1012122822234636,0.0,0.0,3.9326807487549242,6.696995844655351,0.47333333333333316,-0.03616666666666646,2.904006525845784,5.6796731925124515,2.5654540324855315,1,1,1,1,0,0,0,0,0,0,0,0,0,0,0,0,0,0
2005-07-01,5.80961498122341,6.566666666666666,47198.41768945148,204.2,2.769544343635219,19.9,1.2227362855254498,-9.216589861751157,2.0544907445979366,0.0,0.0,4.21025771880581,7.920195211776848,0.5166666666666662,0.04400000000000048,3.4178974228119414,5.720897422811943,2.5121003816960963,1,1,1,1,0,0,0,0,0,0,0,0,0,0,0,0,0,0
2005-10-01,4.2220964120331494,6.266666666666667,48030.35048787444,204.73333333333332,3.3331525251349383,19.9,0.26118184786156906,-4.5685279187817285,1.7626285777137207,0.0,0.0,3.7938318546683503,8.125053959455709,0.5200000000000005,0.45933333333333337,3.9420616814533167,6.18439501478665,0.46036658902087885,1,1,0,0,0,0,0,0,0,0,0,0,0,0,0,0,0,0
2006-01-01,2.7647274704225566,6.233333333333333,48644.65579012273,206.0,4.674884633576658,19.9,0.6186909801367602,-0.5319148936170248,1.2789940027678304,0.6250705298200154,3.70370370370372,3.361766181635728,7.391699169241073,0.476666666666667,0.018166666666665776,4.423049004850309,6.206882338183643,0.7913020531614671,1,1,0,1,0,0,0,0,0,0,0,0,0,0,0,0,0,0
2006-04-01,2.097217107476368,6.366666666666667,49061.12008252156,209.03333333333333,0.0052692071612249,18.9,1.4724919093851208,2.1390374331550888,0.8561357576372997,0.0,0.0,3.6186384666226035,6.082107631763112,0.4500000000000002,0.3551666666666664,4.870480282000441,6.5594802820004405,1.2606529764562244,0,1,0,1,0,0,0,0,0,0,0,0,0,0,0,0,0,0
2006-07-01,0.4895907809567168,6.400000000000001,49486.0965192027,211.3,1.81806481532316,18.9,1.0843565619518492,0.523560209424101,0.8662183740736573,0.0,0.0,3.4769833496572033,4.846939668196759,0.33999999999999986,-0.03266666666666662,5.211896833170095,6.528230166503428,0.9392895780100319,0,1,0,0,0,0,0,0,0,0,0,0,0,0,0,0,0,0
2006-10-01,-1.2786082525114262,6.3,50133.52415502897,210.45016666666663,2.9784874576350058,18.9,-0.40219277488564575,-1.5625000000000222,1.308302091628999,0.0,0.0,2.792331488114619,4.378843056091153,0.0,-0.3188333333333313,5.218743351785521,6.216243351785522,-0.5261896486209614,0,1,0,0,0,0,0,0,0,0,0,0,0,0,0,0,0,0
2007-01-01,-1.056650847095686,6.066666666666666,51208.85910660483,212.778,1.31335992464869,18.9,1.1061209264901395,-3.703703703703709,2.144941872130479,0.6523784741387928,-16.326530612244916,3.2902912621359137,5.271295016548905,0.009999999999999787,-0.02466666666666839,5.223763754045308,6.186597087378641,2.37256509086846,0,1,1,1,0,0,0,0,0,0,0,0,0,0,0,0,0,0
2007-04-01,-0.7906087542964957,5.900000000000001,52668.8166693778,216.00683333333336,2.547233307156661,19.6,1.5174657781036327,-2.7472527472527264,2.850986310266501,0.0,0.0,3.33607080210494,7.353473750269135,-0.006666666666666821,0.14699999999999935,5.21663929197895,6.33313929197895,4.326274159671361,0,1,1,1,0,0,0,0,0,0,0,0,0,0,0,0,0,0
2007-07-01,-1.7867551756982403,5.900000000000001,54170.54245254051,217.8275,2.6815443162781527,19.6,0.842874569554497,0.0,2.8512616727078166,0.0,0.0,3.08920965451962,9.466185985229302,-0.17666666666666675,0.18333333333333357,5.042441236788137,6.5189412367881365,2.403255955070836,0,0,0,0,0,0,0,0,0,0,0,0,0,0,0,0,0,0
2007-10-01,-2.373704672958965,5.933333333333334,55262.74595178171,218.728,0.941514170783304,19.6,0.41340051187293003,0.5649717514124131,2.0162314235603107,0.0,0.0,3.9333935745675452,10.231121556289423,-0.5766666666666662,-0.323833333333333,4.457332730920991,6.186666064254324,0.8335111025541189,0,0,0,0,0,0,0,0,0,0,0,0,0,0,0,0,0,0
2008-01-01,-3.0248917546621734,6.1000000000000005,55529.10763037779,221.5705,-0.7617567680213432,19.6,1.2995592699608594,2.8089887640449396,0.48199139222737664,1.0153132638352158,4.878048780487809,4.13224111515289,8.436525630807768,-1.3200000000000007,-0.3441666666666672,3.1353442555151374,5.840510922181804,0.6263763818104278,0,0,0,1,0,0,0,0,0,0,0,0,0,0,0,0,0,0
2008-04-01,-4.039397458397021,6.433333333333334,54934.44761109061,224.9286666666667,2.106228371788458,16.4,1.515619934362511,5.464480874316924,-1.0708978491883125,0.0,0.0,4.13034772819687,4.3016552962164445,-1.0899999999999999,0.20933333333333337,2.0453631893846977,6.0498631893846975,-1.6230741278957443,0,0,0,1,0,0,0,0,0,0,0,0,0,0,0,0,0,0
2008-07-01,-4.661598243832932,7.0,53980.169637772255,228.8945,-4.941677871198171,16.4,1.7631515769443773,8.808290155440401,-1.7371212687423032,0.0,0.0,5.080625724483823,-0.35143235815857654,-0.1466666666666665,0.22250000000000014,1.8891937427551617,6.262860409421828,-3.0628081043266095,0,0,0,1,0,0,0,0,0,0,0,0,0,0,0,0,0,0
2008-10-01,-4.296349363347495,7.866666666666667,53252.678623265005,224.1628333333333,-8.071934455669401,16.4,-2.0671823336369743,12.380952380952381,-1.3477004970325113,0.0,0.0,2.48474513246284,-3.637291802818754,-1.4333333333333331,-0.45583333333333353,0.4818192153420383,5.832985882008704,2.7859426584993767,0,0,1,0,0,0,0,0,0,0,0,0,0,0,0,0,0,0
2009-01-01,-3.559675358116998,9.033333333333331,53312.78523888485,222.23,-2.9524114856114774,16.4,-0.8622452279853032,14.83050847457623,0.1128705957592624,2.0667452553788435,6.976744186046502,0.297647926957767,-3.991280404226194,-0.3233333333333334,-0.7978333333333332,0.18035685406375562,5.0570235207304215,-0.0973221325732822,0,0,1,1,0,0,0,0,0,0,0,0,0,0,0,0,0,0
2009-04-01,-2.7707488071088027,9.9,54262.56521109067,223.841,-0.0569818663740229,17.2,0.7249246276380461,9.594095940959434,1.7815238276335243,0.0,0.0,-0.4835607140634246,-1.2230620843892814,-0.0033333333333332993,-0.030833333333332824,0.18483560714063424,5.034002273807301,1.2914704973755393,0,0,1,1,0,0,0,0,0,0,0,0,0,0,0,0,0,0
2009-07-01,-1.4462908242649952,10.466666666666669,55586.81076073167,226.6325,2.710712946865507,17.2,1.2470905687519185,5.723905723905731,2.440440374481856,0.0,0.0,-0.9882282012018684,2.976354342234555,-0.0233333333333334,0.1281666666666661,0.16654894867868528,5.167215615345351,3.0434501746177225,0,0,1,1,0,0,0,0,0,0,0,0,0,0,0,0,0,0
2009-10-01,-0.9402359122116399,10.6,56642.28861183379,226.79216666666665,3.765498196999057,17.2,0.07045179604276974,1.2738853503184489,1.8987918836454343,0.0,0.0,1.1729568609723406,6.365144582770221,-0.0366666666666666,-0.23833333333333329,0.10827043139027659,4.907270431390276,0.1337732985142547,0,0,1,0,0,0,0,0,0,0,0,0,0,0,0,0,0,0
2010-01-01,0.8507901865896228,10.333333333333334,56820.72525581703,227.96,2.2053924452108684,17.2,0.5149354805758399,-2.51572327044024,0.3150237187731886,2.2042186455216717,4.347826086956519,2.5784097556585506,6.579922623088885,0.013333333333333308,0.07683333333333398,0.1075492357767478,4.970049235776748,0.1622168900192601,0,0,1,1,0,0,0,0,0,0,0,0,0,0,0,0,0,0
2010-04-01,1.1151228619140197,9.833333333333334,56069.12518830504,228.57066666666665,3.9565205880274887,18.4,0.26788325437210325,-4.8387096774193505,-1.3227569062664202,0.0,0.0,2.1129581563103406,3.3292933538739744,0.06,-0.08816666666666695,0.1722037517702299,4.886537085103563,-0.3543444247938238,0,1,1,0,0,0,0,0,0,0,0,0,0,0,0,0,0,0
2010-07-01,-0.18190011608051337,9.733333333333333,55100.24942176289,229.522,2.9342676566421746,18.4,0.4162097206990678,-1.0169491525423902,-1.7280022887609436,0.0,0.0,1.2749715949830653,-0.8753179617789875,-0.00666666666666671,-0.4618333333333329,0.17391695071683594,4.433083617383503,-0.7192113499725423,0,1,0,1,0,0,0,0,0,0,0,0,0,0,0,0,0,0
2010-10-01,-1.134582199191514,9.9,54767.86647508096,230.91766666666663,0.7980836066330499,18.4,0.6080753333739919,1.7123287671233056,-0.603233107236445,0.0,0.0,1.8190663551724606,-3.3092274035714464,0.0,-0.03283333333333349,0.16847600311494199,4.394809336448276,-0.3668111727850303,0,0,0,1,0,0,0,0,0,0,0,0,0,0,0,0,0,0
2011-01-01,-0.43923652422659387,10.033333333333331,55879.853360022935,233.976,0.1124047517898875,18.4,1.3244258776216267,1.3468013468013185,2.030363708704841,2.479505420613859,-2.604166666666663,2.639059484120021,-1.6558604128302123,-0.03,0.43483333333333274,0.13027607182546638,4.821442738492133,2.6890662367925096,0,0,1,1,0,0,0,0,0,0,0,0,0,0,0,0,0,0
2011-04-01,-0.005854535880489564,10.4,58491.43172944897,237.1275,1.9624451079464549,19.2,1.346933018771157,3.6544850498339,4.673559811619654,0.0,0.0,3.7436270620902157,4.320214615456797,-0.0633333333333333,-0.18533333333333246,0.05589706271243114,4.625063729379098,6.294972025472421,0,0,1,1,0,0,0,0,0,0,0,0,0,0,0,0,0,0
2011-07-01,-0.7342724927607569,10.4,61688.02183932505,238.458,0.9885823371511672,19.2,0.5610905525508469,0.0,5.465057044016031,0.0,0.0,3.893308702433762,11.955975674694841,-0.009999999999999995,-0.35550000000000015,0.04440024630899568,4.268066912975662,3.066391876548853,0,0,0,0,0,0,0,0,0,0,0,0,0,0,0,0,0,0
2011-10-01,-0.7559611999165661,9.933333333333334,64302.84973975597,238.40316666666664,4.953571873325849,19.2,-0.022994964871536627,-4.487179487179493,4.238793565534649,0.0,0.0,3.241631577199966,17.40981323238757,-0.009999999999999995,-0.30100000000000016,0.040917017561333646,3.9735836842280006,-0.09747090913716473,0,0,0,0,0,0,0,0,0,0,0,0,0,0,0,0,0,0
2012-01-01,0.23074215654668162,9.466666666666669,65234.582243198645,240.6145,2.7051846934482398,19.2,0.9275603861526038,-4.69798657718119,1.4489754454328985,2.490286801334851,-2.67379679144385,2.8372568126645348,16.740789963969704,0.03,-0.08633333333333404,0.07496076520668796,3.891294098540021,1.3440122236913805,0,1,1,1,0,0,0,0,0,0,0,0,0,0,0,0,0,0
2012-04-01,1.395073499166788,9.1,64240.82878633269,242.2938333333333,1.4257310195086024,18.7,0.6979352172596931,-3.8732394366197465,-1.5233537530158103,0.0,0.0,2.178715388697361,9.829468841654364,0.04999999999999999,-0.1253333333333333,0.13154617944635968,3.7725461794463593,-1.0632022325744583,0,1,1,0,0,0,0,0,0,0,0,0,0,0,0,0,0,0
2012-07-01,1.7929213045371206,8.700000000000001,62302.35681945996,243.232,0.141326884519971,18.7,0.3872020404976695,-4.39560439560438,-3.0175077182147847,0.0,0.0,2.0020297075376003,0.9958740154369483,-0.009999999999999981,-0.2444999999999995,0.12331303625795731,3.5298130362579574,-1.1683851457102312,0,1,1,0,0,0,0,0,0,0,0,0,0,0,0,0,0,0
2012-10-01,2.1903015433144546,8.633333333333333,60584.97329681778,243.49816666666663,1.8141298092389764,18.7,0.109429132131722,-0.7662835249042321,-2.7565305877895185,0.0,0.0,2.137136041956933,-5.78182220225859,0.01666666666666669,-0.1900000000000004,0.13862863958043067,3.3384619729137635,-0.30164474991635254,0,1,1,0,0,0,0,0,0,0,0,0,0,0,0,0,0,0
2013-01-01,1.8638289713655665,8.7,60214.6360479471,244.475,3.392923450629045,18.7,0.40116660700388884,0.7722007722007707,-0.6112691459915776,2.4887650081716117,3.8461538461538325,1.6044336480137256,-7.695222415216629,-0.01666666666666669,0.14400000000000013,0.12728899685319606,3.4877889968531957,-0.24522076926360595,0,0,0,1,0,0,0,0,0,0,0,0,0,0,0,0,0,0
2013-04-01,1.8951862101837857,8.533333333333333,61567.548754222335,245.6085,1.2871157095630064,18.2,0.4636465896308506,-1.9157088122605304,2.2468170449422953,0.0,0.0,1.3680359178215529,-4.16134113244675,-0.026666666666666713,0.17983333333333373,0.10298630748845107,3.6699863074884513,1.0417290604119607,0,0,1,1,0,0,0,0,0,0,0,0,0,0,0,0,0,0
2013-07-01,2.0800482967781697,8.4,64008.20860963295,247.008,4.362279071273131,18.2,0.5698092696303281,-1.5625,3.9641985182059747,0.0,0.0,1.5524273121957588,2.738021284036196,-0.0333333333333333,0.7550000000000003,0.06780906021137571,4.42314239354471,2.2588370623285754,0,0,1,1,0,0,0,0,0,0,0,0,0,0,0,0,0,0
2013-10-01,2.0377881622120064,8.1,66703.64256368113,247.4288333333333,1.4529237692193964,18.2,0.17037234961350123,-3.571428571428581,4.211075442662104,0.0,0.0,1.6142489779183755,10.099318253202473,0.0033333333333332993,-0.13716666666666733,0.07052417688748285,4.285357510220816,0.7174508175660576,0,0,0,0,0,0,0,0,0,0,0,0,0,0,0,0,0,0
2014-01-01,1.4865338005086715,7.866666666666667,68842.66671679867,248.635,0.0072982428809042,18.2,0.48748023842546395,-2.8806584362139787,3.20675763857341,1.8484895458431128,-6.349206349206349,1.7016054811330283,14.328793189053467,-0.013333333333333294,0.057500000000000995,0.05631727852200302,4.34198394518867,1.5632309782244436,0,0,0,1,0,0,0,0,0,0,0,0,0,0,0,0,0,0
2014-04-01,1.2201916259853007,7.8,70015.11717835604,250.2815,6.342136052172138,18.9,0.6622156977095006,-0.8474576271186529,1.703086933544462,0.0,0.0,1.9026214483619297,13.720813310038382,0.01999999999999999,-0.12833333333333385,0.074307118849714,4.2116404521830475,1.12781090195708,0,1,0,1,0,0,0,0,0,0,0,0,0,0,0,0,0,0
2014-07-01,0.42641405468899496,7.666666666666667,70426.43468462182,250.48,3.664293579725959,18.9,0.07931069615612074,-1.7094017094017033,0.5874695677763331,0.0,0.0,1.4056224899598346,10.02719215926151,-0.0033333333333332993,-0.09483333333333377,0.07594377510040165,4.121777108433735,0.04659262039087633,0,1,0,0,0,0,0,0,0,0,0,0,0,0,0,0,0,0
2014-10-01,0.45478129579370474,7.5,70310.70484894906,249.60816666666665,2.3040209185619265,18.9,-0.34806504844032693,-2.1739130434782594,-0.16432726744016746,0.0,0.0,0.8807919853048629,5.407594168225982,0.009999999999999898,-0.17000000000000037,0.09119208014695127,3.9570254134802845,0.05719657830162844,0,1,1,0,0,0,0,0,0,0,0,0,0,0,0,0,0,0
2015-01-01,0.5054765784839432,7.3,69927.47357226106,248.556,3.5422684861402414,18.9,-0.4215273405183573,-2.6666666666666727,-0.5450539537490084,2.020937216980645,-2.259887005649708,-0.03177348321836693,1.5757769232342733,0.010000000000000106,-0.2491666666666661,0.11031773483218367,3.7169844014988502,0.22975514356283525,0,1,1,0,0,0,0,0,0,0,0,0,0,0,0,0,0,0
2015-04-01,0.38828823119094746,7.033333333333334,69560.32804733106,251.3795,2.1400503443636785,17.7,1.1359613125412338,-3.652968036529669,-0.5250375942019492,0.0,0.0,0.4387060170248258,-0.6495584801585852,0.013333333333333294,0.11483333333333334,0.11894627316308504,3.827112939829752,-0.5964223946431378,0,1,0,1,0,0,0,0,0,0,0,0,0,0,0,0,0,0
2015-07-01,0.38491652911991636,6.766666666666667,69511.79759464576,251.684,1.128043035457529,17.7,0.12113159585407374,-3.791469194312802,-0.06976742929141189,0.0,0.0,0.4806770999680632,-1.2987127547659072,0.013333333333333391,0.11550000000000082,0.13185989566698605,3.9421932290003205,-0.00845104004870497,0,1,0,0,0,0,0,0,0,0,0,0,0,0,0,0,0,0
2015-10-01,0.9665933560468076,6.566666666666666,70106.21432562068,251.41516666666664,1.2013613781970394,17.7,-0.10681383533850397,-2.9556650246305494,0.8551307138411568,0.0,0.0,0.7239346469032348,-0.2908383919172697,0.023333333333333317,-0.04616666666666802,0.15276065353096765,3.8935939868643006,-0.09133979126112668,0,1,1,0,0,0,0,0,0,0,0,0,0,0,0,0,0,0
2016-01-01,0.945237620802386,6.3,71649.01269645499,251.7625,2.071468634653559,17.7,0.13815130484704508,-4.060913705583758,2.2006585089140662,1.560085906643005,7.514450867052025,1.2900513365197375,2.461892352531425,0.19999999999999998,-0.1586666666666674,0.3470994866348026,3.7292661533014684,0.3040238445292308,0,1,0,1,0,0,0,0,0,0,0,0,0,0,0,0,0,0
2016-04-01,0.1676681350076592,6.099999999999999,74099.48719412104,254.40383333333327,1.6789785100636716,17.3,1.0491369180609889,-3.1746031746031966,3.420109231717716,0.0,0.0,1.2030946570158907,6.5254999138322,0.013333333333333308,-0.15116666666666534,0.3613023867631744,3.5789690534298413,3.5881628587962613,0,1,0,1,0,0,0,0,0,0,0,0,0,0,0,0,0,0
2016-07-01,0.11313804474260003,6.233333333333333,76993.66499675933,253.909,2.915620224331439,17.3,-0.1945070272132754,2.1857923497268006,3.905800042929175,0.0,0.0,0.8840450723923698,10.763449746679932,0.023333333333333317,-0.1459999999999999,0.3878262159427429,3.4361595492760766,-0.7597055552396372,0,1,0,0,0,0,0,0,0,0,0,0,0,0,0,0,0,0
2016-10-01,0.8092627682199538,6.3,79751.98351613987,253.994,1.9956854697722688,17.3,0.033476560500034225,1.0695187165775444,3.5825265877350354,0.0,0.0,1.0257270345000569,13.758793401277835,0.0533333333333334,0.3676666666666666,0.43974272965499944,3.802409396321666,0.11993066805729308,0,1,1,1,0,0,0,0,0,0,0,0,0,0,0,0,0,0
2017-01-01,1.4718260242875036,6.233333333333333,81823.62103866675,254.965,2.068981729008408,17.3,0.3822924950983131,-1.0582010582010581,2.5975999983845366,1.382101760387222,-10.752688172043012,1.272032173179083,14.200626023022899,0.25000000000000006,0.35850000000000026,0.6872796782682092,4.158446344934877,0.9930429846497986,0,1,1,1,0,0,0,0,0,0,0,0,0,0,0,0,0,0
2017-04-01,0.9705871641110031,6.166666666666667,83053.760407842,255.4935,2.48868273162061,18.6,0.20728335261703812,-1.0695187165775333,1.5034037281165258,0.0,0.0,0.4283216382352961,12.084123052381091,0.2499999999999999,-0.18483333333333407,0.945716783617647,3.98205011695098,0.3116305651009475,0,1,0,0,0,0,0,0,0,0,0,0,0,0,0,0,0,0
2017-07-01,0.22698445840148018,6.066666666666666,83898.86753230788,256.667,3.787964526854098,18.6,0.4593071839400942,-1.6216216216216273,1.01754227661206,0.0,0.0,1.086215927753642,8.968533366789577,0.20333333333333314,-0.10216666666666674,1.1424711740557967,3.87330450738913,0.4673644776106777,0,1,0,1,0,0,0,0,0,0,0,0,0,0,0,0,0,0
2017-10-01,0.9324369387955889,5.933333333333334,84843.53975175181,258.2538333333334,4.443947809105219,18.6,0.6182459503299542,-2.19780219780219,1.1259654000456587,0.0,0.0,1.6771393549979141,6.384237746991639,0.050000000000000266,0.03816666666666668,1.1865619397833542,3.905561939783354,0.6961235487898754,0,1,1,1,0,0,0,0,0,0,0,0,0,0,0,0,0,0
2018-01-01,1.2408733270745875,5.833333333333333,86369.00929032177,260.1225,2.726843016679755,18.6,0.7235775138542566,-1.6853932584269704,1.7979796022577599,1.0139453347468574,-2.4096385542168752,2.0228266624830793,5.555105229951929,0.24333333333333296,0.34650000000000025,1.4264384000418355,4.248605066708502,1.300977610562335,0,1,1,1,0,0,0,0,0,0,0,0,0,0,0,0,0,0
2018-04-01,0.9328489178700883,5.7,88519.76006200048,261.5203333333333,2.308529373851471,16.6,0.5373750188212512,-2.28571428571428,2.490188077125155,0.0,0.0,2.3588988891432905,6.581278953917646,0.29000000000000026,0.2723333333333331,1.7130776777752337,4.5175776777752334,1.3381648648135853,0,1,0,0,0,0,0,0,0,0,0,0,0,0,0,0,0,0
2018-07-01,0.6952112216702444,5.5,90795.85049531916,262.536,1.8449875220665783,16.6,0.3883700566303938,-3.508771929824561,2.5712794880199397,0.0,0.0,2.286620406986506,8.220591249763153,0.18666666666666631,0.027166666666666117,1.9004671292634678,4.545467129263468,0.998607960374874,0,1,0,0,0,0,0,0,0,0,0,0,0,0,0,0,0,0
2018-10-01,0.7213156853151492,5.7,92523.6525205635,261.64000000000004,0.9240981049863392,16.6,-0.3412865283237143,3.6363636363636376,1.902952630344501,0.0,0.0,1.3111776979109147,9.052089046830591,0.2966666666666673,0.20950000000000113,2.206888223020891,4.764721556354225,-0.6494520967747552,0,1,1,0,0,0,0,0,0,0,0,0,0,0,0,0,0,0
2019-01-01,0.8186077941142456,5.866666666666667,93079.28010557014,263.2805,2.863073576842426,16.6,0.6270065739183428,2.923976608187129,0.6005249143003155,0.5831168775837892,-4.320987654320985,1.214043383405894,7.769303909336722,0.18333333333333313,-0.4115000000000002,2.3911928994992744,4.3541928994992745,0.37653306906804723,0,1,1,1,0,0,0,0,0,0,0,0,0,0,0,0,0,0
2019-04-01,1.177798234693661,5.566666666666666,92327.9387833752,265.5491666666667,4.066725595085123,16.2,0.8616918710905974,-5.113636363636376,-0.807205772694819,0.0,0.0,1.540543055288257,4.302066249058312,-0.006666666666666821,-0.3606666666666669,2.381261236113784,3.990261236113784,-0.69556265262853,0,1,1,1,0,0,0,0,0,0,0,0,0,0,0,0,0,0
2019-07-01,0.4571635104277716,5.3,90794.21836781916,265.335,4.098633621696128,16.2,-0.08065047590057883,-4.790419161676651,-1.6611660952970397,0.0,0.0,1.066139500868446,-0.001797579394968718,-0.20666666666666655,-0.34366666666666656,2.1793386049913153,3.6513386049913157,0.13397383613561253,0,0,0,0,0,0,0,0,0,0,0,0,0,0,0,0,0,0
2019-10-01,0.7641179863549841,5.266666666666667,89125.39170205394,265.3395,3.068124769002324,16.2,0.0016959692464180165,-0.6289308176100628,-1.83803186564655,0.0,0.0,1.4139657544717688,-3.6728563193657915,-0.5466666666666669,0.039000000000000146,1.6291936757886154,3.686860342455282,-0.0031172455180728804,0,0,1,1,0,0,0,0,0,0,0,0,0,0,0,0,0,0
2020-01-01,1.662804601724721,5.666666666666667,87954.29052690418,265.909,-17.789609810197856,16.2,0.214630690115869,7.594936708860756,-1.313992738528147,-5.271562563095388,-12.903225806451612,0.9983648618108631,-5.506047718518259,-0.3833333333333331,-0.18799999999999972,1.2500163513818914,3.5030163513818917,-0.28202316827753676,0,0,1,1,0,0,0,0,0,0,0,0,0,0,0,0,0,0
2020-04-01,1.3640782968455945,9.533333333333331,87647.40846619982,265.934,-8.543304630365558,15.5,0.009401712615986213,68.23529411764702,-0.34891084774367753,0.0,0.0,0.1449198045559763,-5.069462590470142,-1.2,-0.27933333333333366,0.058550801954440235,3.2322174686211067,-0.0032803595190861777,0,0,0,0,0,0,0,0,0,0,0,0,0,0,0,0,0,0
2020-07-01,0.8760362964334911,8.466666666666667,88168.53383873789,268.0375,32.97368930935817,15.5,0.7909857333022519,-11.188811188811165,0.5945702008280485,0.0,0.0,1.018523752991518,-2.891907189997811,0.0333333333333333,-0.2866666666666662,0.08314809580341812,2.9368147624700853,0.4702965463016411,0,0,0,1,0,0,0,0,0,0,0,0,0,0,0,0,0,0
2020-10-01,3.310040302644679,7.899999999999999,89436.91535735836,269.0205,-0.6048965023145221,15.5,0.3667397285827656,-6.6929133858267935,1.4385875134777404,0.0,0.0,1.3872793157445606,0.34953412193221567,-0.0033333333333332993,-0.1859999999999995,0.07612720684255439,2.7471272068425554,0.5275871942353821,0,1,1,0,0,0,0,0,0,0,0,0,0,0,0,0,0,0
2021-01-01,3.5339114446016673,7.133333333333333,91359.5850539729,271.441,7.574316659017612,15.5,0.8997455584239589,-9.704641350210963,2.149749562506975,-0.24757160721818883,22.222222222222232,2.080410967661872,3.8716639139134257,-0.009999999999999995,0.11483333333333201,0.05919589032338128,2.8550292236567145,1.9342276205894997,1,0,1,1,0,0,0,0,0,0,0,0,0,0,0,0,0,0
2021-04-01,3.876246659339677,7.166666666666667,93793.17752418928,275.789,4.731624193669861,13.5,1.6018213902837086,0.4672897196261738,2.6637516674125283,0.0,0.0,3.7058067039190012,7.011923302169842,-0.009999999999999995,0.12333333333333396,0.032941932960809994,2.962108599627477,4.266854399265283,1,0,1,1,0,0,0,0,0,0,0,0,0,0,0,0,0,0
2021-07-01,2.06289301455731,6.9,96628.99961949444,280.016,5.115481012579353,13.5,1.532693472183455,-3.7209302325581395,3.023484404901211,0.0,0.0,4.468964230751293,9.59578821649787,0.01999999999999999,-0.12900000000000045,0.04531035769248706,2.8254770243591536,4.6340748106405645,1,1,0,0,0,0,0,0,0,0,0,0,0,0,0,0,0,0
2021-10-01,0.22814074571835263,6.3,99654.70532187104,284.09516666666667,5.304387169290903,13.5,1.456761994552691,-8.695652173913048,3.131260505946676,0.0,0.0,5.603538268149322,11.424577786125557,-0.009999999999999995,0.20750000000000046,0.023964617318506784,3.0216312839851738,4.561501300106948,0,1,0,0,0,0,0,0,0,0,0,0,0,0,0,0,0,0
2022-01-01,2.4285200665680406,5.6000000000000005,102680.01081658756,289.4525,-1.734435639974487,13.5,1.8857530721806182,-11.111111111111105,3.035787908804899,1.1160153962011643,-19.393939393939373,6.635511952873752,12.391065213274377,0.039999999999999994,0.7154999999999996,0.05364488047126248,3.7268115471379293,5.724746375517612,0,1,1,1,0,0,0,0,0,0,0,0,0,0,0,0,0,0
2022-04-01,3.9977602325425243,4.666666666666667,105505.87172657148,296.40000000000003,1.4029708973638868,16.5,2.400221107090128,-16.666666666666675,2.752104219224938,0.0,0.0,7.473467034580805,12.487789103169566,0.65,1.4516666666666667,0.695265329654192,5.170098662987526,6.605658635895493,1,1,1,1,0,0,0,0,0,0,0,0,0,0,0,0,0,0
2022-07-01,0.16877114193187825,4.133333333333334,108026.90776656847,299.6025,3.086229908096529,16.5,1.0804655870445323,-11.428571428571422,2.3894746318295024,0.0,0.0,6.9947788697788615,11.79553570041778,1.42,0.33750000000000036,2.1200522113022116,5.512385544635545,2.581745110807681,0,1,0,0,0,0,0,0,0,0,0,0,0,0,0,0,0,0
2022-10-01,-1.5920618245248597,4.6000000000000005,110020.66114595393,299.79283333333336,3.326863859086296,16.5,0.0635286198657603,11.290322580645174,1.8456081180197037,0.0,0.0,5.525495857902074,10.401872937762713,1.463333333333333,1.107333333333333,3.598078374754312,6.6344117080876455,0.11724893655083504,0,1,0,0,0,0,0,0,0,0,0,0,0,0,0,0,0,0
2023-01-01,-0.3599516486340826,4.966666666666667,111000.0,301.03950000000003,2.474071136710404,16.5,0.4158427180547486,7.971014492753614,0.890140855222521,1.5662196608666745,5.263157894736814,4.0030747704718594,8.102832398677906,0.8633333333333337,-0.331666666666667,4.476635918961948,6.317969252295281,0.37015859268731155,0,1,1,1,0,0,0,0,0,0,0,0,0,0,0,0,0,0
2023-04-01,0.8406690315088783,4.833333333333333,111000.0,305.1098333333333,3.0411195252729,13.300000000000002,1.352092776307856,-2.684563758389269,0.0,0.0,0.0,2.938540260908673,5.2074146997875825,0.4733333333333327,0.13583333333333414,4.960614597390912,6.464447930724247,0.0,0,1,1,1,0,0,0,0,0,0,0,0,0,0,0,0,0,0
2023-07-01,1.6955285761471206,4.8,111000.0,307.2635,4.392106832346403,13.300000000000002,0.7058660296647368,-0.6896551724137945,0.0,0.0,0.0,2.557054764229272,2.752177485128038,0.27000000000000135,0.5434999999999999,5.234429452357708,7.011762785691041,0.0,0,1,1,0,0,0,0,0,0,0,0,0,0,0,0,0,0,0
2023-10-01,0.7060242207267198,4.9,111000.0,308.8151666666667,2.440063361125832,13.300000000000002,0.5049954409380497,2.083333333333348,0.0,0.0,0.0,3.009522687055566,0.890140855222521,0.0699999999999994,0.2550000000000008,5.299904773129445,7.262238106462779,0.0,0,1,0,0,0,0,0,0,0,0,0,0,0,0,0,0,0,0
2024-01-01,0.5467053027596647,5.1000000000000005,111000.0,311.5345,1.875120998734086,13.300000000000002,0.8805698770191883,4.081632653061229,0.0,2.1716104777368628,0.0,3.4862534650768273,0.0,0.0,-0.5461666666666671,5.295137465349232,6.711304132015899,0.0,0,1,0,1,0,0,0,0,0,0,0,0,0,0,0,0,0,0
2024-04-01,1.736561596178654,5.3,111000.0,315.37016666666665,3.2735250708863664,14.0,1.23121730231055,3.9215686274509665,0.0,0.0,0.0,3.362832728542009,0.0,0.0,0.24383333333333201,5.29637167271458,6.956371672714579,0.0,0,0,1,1,0,0,0,0,0,0,0,0,0,0,0,0,0,0
2024-07-01,0.654039541671092,5.633333333333333,111000.0,316.9135,2.81899263269749,14.0,0.4893720130999535,6.2893081761006275,0.0,0.0,0.0,3.1406268561023243,0.0,-0.06666666666666732,-0.480833333333333,5.231927064772309,6.477760398105643,0.0,0,0,0,0,0,0,0,0,0,0,0,0,0,0,0,0,0,0
2024-10-01,0.9676333012402116,5.6000000000000005,111000.0,316.85116666666664,2.3,14.0,-0.019668879152623386,-0.5917159763313418,0.0,0.0,0.0,2.6022037993600033,0.0,-0.6133333333333324,0.14016666666666744,4.6239779620064,6.623311295339734,-0.0,0,0,1,0,0,0,0,0,0,0,0,0,0,0,0,0,0,0
