Date,House_Index_diff1,CPI_diff1,Poverty_Rate_diff1,Unemployment_Rate,Median_Household_Income_diff1,Population_diff1,Interest_Rate_diff1,Mortgage_Rate_diff1,GDP_diff1,Unemployment_Rate_lag3,Median_Household_Income_diff1_lag5,Population_diff1_lag3,Interest_Rate_diff1_lag1,Mortgage_Rate_diff1_lag2,Mortgage_Rate_diff1_lag1,GDP_diff1_lag1,CPI_diff1_roll_mean_4,CPI_diff1_roll_std_4,Poverty_Rate_diff1_roll_mean_4,Poverty_Rate_diff1_roll_std_4,Unemployment_Rate_roll_mean_4,Unemployment_Rate_roll_std_4,Median_Household_Income_diff1_roll_mean_4,Median_Household_Income_diff1_roll_std_4,Population_diff1_roll_mean_4,Population_diff1_roll_std_4,Interest_Rate_diff1_roll_mean_4,Interest_Rate_diff1_roll_std_4,Mortgage_Rate_diff1_roll_mean_4,Mortgage_Rate_diff1_roll_std_4,GDP_diff1_roll_mean_4,GDP_diff1_roll_std_4,PriceToIncome_diff1,Recession
1985-07-01,1.4399999999999977,1.2999999999999972,0.0,2.7,1812.5,0.0,-0.3899999999999997,-1.1624999999999996,91.88600000000042,2.7,-15.0,0.0,-0.08000000000000007,-1.0550000000000015,0.120000000000001,64.71900000000005,1.2749999999999986,0.7331439149307567,0.0,0.0,2.7,0.0,898.75,1055.107616944041,0.0,0.0,-0.8375000000000001,0.725735259351967,-0.65875,0.586495595323046,75.63075000000003,13.509229743031185,-1.0837573148034978e-05,0
1985-10-01,0.4200000000000017,0.6500000000000057,0.0,2.7,1812.5,0.0,0.11000000000000032,0.10249999999999915,57.32099999999991,2.7,-15.0,0.0,-0.3899999999999997,0.120000000000001,-1.1624999999999996,91.88600000000042,0.9500000000000028,0.612372435695796,0.0,0.0,2.7,0.0,1355.625,913.7500000000001,0.0,0.0,-0.5,0.7874431196389153,-0.49875000000000025,0.7057693792356445,73.88574999999992,15.728969819518865,-2.7452096841878776e-05,0
1986-01-01,0.9099999999999966,2.049999999999997,0.0,2.7,1812.5,0.0,0.15000000000000036,-1.2490000000000006,63.80000000000018,2.7,-15.0,0.0,0.11000000000000032,-1.1624999999999996,0.10249999999999915,57.32099999999991,1.4000000000000021,0.5873670062235341,0.0,0.0,2.7,0.0,1812.5,0.0,0.0,0.0,-0.05249999999999977,0.24635678733630728,-0.54725,0.7612234122341045,69.43150000000014,15.3274288885429,-1.776252006587941e-05,0
1986-04-01,1.7900000000000063,-0.6500000000000057,0.0,2.7,1397.5,0.0,-1.1500000000000004,-0.9484999999999992,37.44599999999991,2.7,-15.0,0.0,0.15000000000000036,0.10249999999999915,-1.2490000000000006,63.80000000000018,0.8374999999999986,1.1448253141855318,0.0,0.0,2.7,0.0,1708.75,207.50000000000037,0.0,0.0,-0.31999999999999984,0.6054199644324042,-0.8143750000000001,0.6241632231769716,62.61325000000011,22.50704075580225,4.498037054775396e-06,0
1986-07-01,1.980000000000004,-0.04999999999999716,0.0,2.7,1397.5,0.0,-0.4300000000000006,0.5700000000000003,62.32899999999972,2.7,1812.5,0.0,-1.1500000000000004,-1.2490000000000006,-0.9484999999999992,37.44599999999991,0.5,1.1618950038622253,0.0,0.0,2.7,0.0,1605.0,239.60036171369504,0.0,0.0,-0.33000000000000007,0.6072890580275593,-0.3812500000000001,0.8590019887443023,55.22399999999993,12.17214708532013,7.286250874715761e-06,0
1986-10-01,1.6700000000000017,1.3499999999999943,0.0,2.7,1397.5,0.0,-0.71,-0.5335000000000001,49.95800000000054,2.7,1812.5,0.0,-0.4300000000000006,-0.9484999999999992,0.5700000000000003,62.32899999999972,0.6749999999999972,1.2419742348374214,0.0,0.0,2.7,0.0,1501.25,207.5000000000004,0.0,0.0,-0.5350000000000001,0.5443956894269707,-0.5402499999999999,0.7961773776406027,53.38325000000009,12.305329451772758,2.2062513176507575e-06,0
1987-01-01,2.0799999999999983,0.8500000000000085,0.0,2.7,1397.5,0.0,0.5800000000000001,-0.7699999999999996,64.52899999999954,2.7,1812.5,0.0,-0.71,0.5700000000000003,-0.5335000000000001,49.95800000000054,0.375,0.895823643358447,0.0,0.0,2.7,0.0,1397.5,0.0,0.0,0.0,-0.4275000000000002,0.734137816307901,-0.42049999999999965,0.6818586119326105,53.56549999999993,12.51465275853315,8.285334978152875e-06,0
1987-04-01,2.569999999999993,1.2000000000000028,0.0,2.7,-1007.5,0.0,-0.05999999999999961,0.628499999999999,84.0039999999999,2.7,1812.5,0.0,0.5800000000000001,-0.5335000000000001,-0.7699999999999996,64.52899999999954,0.8375000000000021,0.6276610019216825,0.0,0.0,2.7,0.0,796.25,1202.5,0.0,0.0,-0.15500000000000003,0.5576438528905941,-0.026250000000000107,0.7290812140404291,65.20499999999993,14.07837303573561,5.626636257671509e-05,0
1987-07-01,3.9200000000000017,1.2999999999999972,0.0,2.7,-1007.5,0.0,0.20999999999999996,0.4455000000000009,78.39500000000044,2.7,1397.5,0.0,-0.05999999999999961,-0.7699999999999996,0.628499999999999,84.0039999999999,1.1750000000000007,0.22546248764113852,0.0,0.0,2.7,0.0,195.0,1388.5273974010502,0.0,0.0,0.0050000000000001155,0.5440894534296112,-0.057374999999999954,0.6970980771503148,69.2215000000001,15.229110249781382,7.898431213182e-05,0
1987-10-01,2.6599999999999966,1.9500000000000028,0.0,2.7,-1007.5,0.0,0.71,0.9819999999999993,123.4389999999994,2.7,1397.5,0.0,0.20999999999999996,0.628499999999999,0.4455000000000009,78.39500000000044,1.3250000000000028,0.45916591046519506,0.0,0.0,2.7,0.0,-406.25,1202.5,0.0,0.0,0.3600000000000001,0.35109352979892167,0.3214999999999999,0.7609768940863662,87.59174999999982,25.261089516949255,6.162285471661855e-05,0
1988-01-01,3.240000000000009,0.14999999999999147,0.0,2.7,-1007.5,0.0,-0.45999999999999996,-0.8774999999999995,65.37800000000061,2.7,1397.5,0.0,0.71,0.4455000000000009,0.9819999999999993,123.4389999999994,1.1499999999999986,0.7449832212875717,0.0,0.0,2.7,0.0,-1007.5,0.0,0.0,0.0,0.10000000000000009,0.4910532897082892,0.2946249999999999,0.8125263457267088,87.80400000000009,25.004986049452366,7.290763119504814e-05,0
1988-04-01,3.5999999999999943,1.3500000000000085,0.0,2.7,-650.0,0.0,0.040000000000000036,-0.18050000000000033,116.66399999999976,2.7,1397.5,0.0,-0.45999999999999996,0.9819999999999993,-0.8774999999999995,65.37800000000061,1.1875,0.7520804478245714,0.0,0.0,2.7,0.0,-918.125,178.75000000000085,0.0,0.0,0.125,0.48266620626129025,0.0923750000000001,0.8023399502912296,95.96900000000005,28.446081639948844,7.274797570850202e-05,0
1988-07-01,2.719999999999999,1.0499999999999972,0.0,2.7,-650.0,0.0,0.8799999999999999,0.23000000000000043,92.79899999999998,2.7,-1007.5,0.0,0.040000000000000036,-0.8774999999999995,-0.18050000000000033,116.66399999999976,1.125,0.7500000000000057,0.0,0.0,2.7,0.0,-828.75,206.40272123529198,0.0,0.0,0.2925,0.6189978459844049,0.03849999999999998,0.777577756026152,99.56999999999994,26.311425287631998,5.9893186320957676e-05,0
1988-10-01,2.430000000000007,2.299999999999997,0.0,2.7,-650.0,0.0,0.5500000000000007,-0.12950000000000017,116.67399999999998,2.7,-1007.5,0.0,0.8799999999999999,-0.18050000000000033,0.23000000000000043,92.79899999999998,1.2124999999999986,0.8863548950617947,0.0,0.0,2.7,0.0,-739.375,178.75000000000085,0.0,0.0,0.25250000000000017,0.5873882872512864,-0.2393749999999999,0.4629813486164064,97.87875000000008,24.414815520840012,5.638385864878675e-05,0
1989-01-01,2.1999999999999886,1.2999999999999972,0.0,2.7,-650.0,0.0,0.8199999999999985,0.4275000000000002,111.74399999999969,2.7,-1007.5,0.0,0.5500000000000007,0.23000000000000043,-0.12950000000000017,116.67399999999998,1.5,0.549241901776135,0.0,0.0,2.7,0.0,-650.0,0.0,0.0,0.0,0.5724999999999998,0.3829164399709152,0.08687500000000004,0.291443354988009,109.47024999999985,11.354067828315923,5.3763440860214945e-05,0
1989-04-01,2.5,2.299999999999997,0.0,2.7,-352.5,0.0,0.7200000000000006,0.3200000000000003,101.21000000000004,2.7,-1007.5,0.0,0.8199999999999985,-0.12950000000000017,0.4275000000000002,111.74399999999969,1.7374999999999972,0.6574889099191459,0.0,0.0,2.7,0.0,-575.625,148.75000000000105,0.0,0.0,0.7424999999999999,0.14430869689661674,0.2120000000000002,0.24155779156687654,105.60674999999992,10.700774594236881,5.1632500558023006e-05,0
1989-07-01,1.8400000000000034,1.2000000000000028,0.0,2.7,-352.5,0.0,-0.5999999999999996,-1.1675000000000004,82.90200000000004,2.7,-650.0,0.0,0.7200000000000006,0.4275000000000002,0.3200000000000003,101.21000000000004,1.7749999999999986,0.6075908711186043,0.0,0.0,2.7,0.0,-501.25,171.7617050839146,0.0,0.0,0.37250000000000005,0.657843699774751,-0.13737500000000002,0.7278954108707286,103.13249999999994,14.949908483554815,4.1080015794395285e-05,0
1989-10-01,0.9099999999999966,2.500000000000014,0.0,2.7,-352.5,0.0,-0.40000000000000036,0.0649999999999995,51.8720000000003,2.7,-650.0,0.0,-0.5999999999999996,0.3200000000000003,-1.1675000000000004,82.90200000000004,1.8250000000000028,0.6701989754294406,0.0,0.0,2.7,0.0,-426.875,148.75000000000105,0.0,0.0,0.1349999999999998,0.738895572233767,-0.0887500000000001,0.7350581042792923,86.93200000000002,26.23573344378467,2.57412306070954e-05,0
1990-01-01,0.2600000000000051,1.6999999999999886,0.0,2.7,-352.5,0.0,-0.6099999999999994,-0.05250000000000021,125.46399999999994,2.7,-650.0,0.0,-0.40000000000000036,-1.1675000000000004,0.0649999999999995,51.8720000000003,1.9250000000000007,0.5909032633745321,0.0,0.0,2.7,0.0,-352.5,0.0,0.0,0.0,-0.2224999999999997,0.6357344833602574,-0.2087500000000002,0.6578072792746115,90.36200000000008,31.021289506831558,1.4919986688239533e-05,0
1990-04-01,0.29999999999999716,1.9000000000000057,0.1750000000000007,2.6,770.0,17.440878048779723,0.02999999999999936,0.47499999999999964,87.32700000000023,2.7,-650.0,0.0,-0.6099999999999994,0.0649999999999995,-0.05250000000000021,125.46399999999994,1.8250000000000028,0.5377421934967286,0.04375000000000018,0.08750000000000036,2.6750000000000003,0.05000000000000008,-71.875,561.2500000000002,4.360219512194931,8.720439024389862,-0.395,0.299388265189758,-0.17000000000000037,0.702391747293963,86.89125000000013,30.167912902894997,-1.7690059647649126e-05,0
1990-07-01,-0.539999999999992,1.799999999999983,0.17499999999999893,3.2,770.0,17.440878048780178,-0.10999999999999943,-0.3349999999999991,55.08799999999974,2.7,-352.5,0.0,0.02999999999999936,-0.05250000000000021,0.47499999999999964,87.32700000000023,1.9749999999999979,0.35939764421414255,0.08749999999999991,0.1010362971081844,2.8000000000000003,0.270801280154532,208.75,648.0756771653552,8.720439024389975,10.06949563636654,-0.27249999999999996,0.2875615876063184,0.038124999999999964,0.33616324779289325,79.93775000000005,34.31441316585008,-3.1251836856770014e-05,1
1990-10-01,-1.3400000000000034,2.5,0.1750000000000007,3.4,770.0,17.440878048781087,-0.040000000000000924,0.14250000000000007,-10.38299999999981,2.7,-352.5,0.0,-0.10999999999999943,0.47499999999999964,-0.3349999999999991,55.08799999999974,1.9749999999999943,0.35939764421413567,0.1312500000000001,0.08750000000000006,2.9749999999999996,0.38622100754188216,489.375,561.2500000000002,13.080658536585247,8.720439024390165,-0.1825000000000001,0.29067450295247116,0.05750000000000011,0.34043477104040476,64.37400000000002,57.543221882917365,-4.363852831048643e-05,1
1991-01-01,0.539999999999992,0.9000000000000057,0.17499999999999893,4.2,770.0,17.440878048780178,-1.1999999999999993,-0.5400000000000009,30.44499999999971,2.6,-352.5,17.440878048779723,-0.040000000000000924,-0.3349999999999991,0.14250000000000007,-10.38299999999981,1.7749999999999986,0.6601767440112762,0.17499999999999982,5.944274111531574e-16,3.35,0.6608075867199669,770.0,0.0,17.44087804878029,9.733397733306593e-08,-0.33000000000000007,0.5828092884183177,-0.06437500000000007,0.4594125551542243,40.619249999999965,41.21368504412906,-1.1961233148649044e-05,1
1991-04-01,0.15000000000000568,1.0,0.15000000000000036,4.1,-200.0,17.440878048780178,-1.0,-0.14499999999999957,91.6840000000002,3.2,-352.5,17.440878048780178,-1.1999999999999993,0.14250000000000007,-0.5400000000000009,30.44499999999971,1.5499999999999972,0.75055534994651,0.16874999999999973,0.012499999999999584,3.725,0.4991659710623977,527.5,485.00000000000034,17.440878048780405,9.733397733244694e-08,-0.5874999999999999,0.5980732953966981,-0.21937499999999988,0.2902037717995179,41.70849999999996,42.88337838448211,7.815298485617291e-06,0
1991-07-01,-0.8100000000000023,0.8000000000000114,0.15000000000000036,4.5,-200.0,17.440878048781087,-0.08999999999999986,0.08249999999999957,79.07499999999982,3.4,770.0,17.440878048781087,-1.0,-0.5400000000000009,-0.14499999999999957,91.6840000000002,1.3000000000000043,0.8041558721209846,0.1625000000000001,0.014433756729740333,4.05,0.46547466812563126,285.0,560.0297611139373,17.440878048780633,9.733397733280243e-08,-0.5825,0.603455328366013,-0.11500000000000021,0.309212709958695,47.70524999999998,46.869864820052534,-7.853178354169264e-06,0
1991-10-01,1.6000000000000085,2.049999999999983,0.15000000000000036,4.6,-200.0,17.440878048780178,-0.6100000000000003,-0.7199999999999989,58.603000000000065,4.2,770.0,17.440878048780178,-0.08999999999999986,-0.14499999999999957,0.08249999999999957,79.07499999999982,1.1875,0.580768169467519,0.15625,0.012499999999999284,4.35,0.23804761428476146,42.5,485.00000000000034,17.440878048780405,9.733397733244694e-08,-0.7249999999999999,0.4891148467725479,-0.33062499999999995,0.36541286581071497,64.95174999999995,26.7401184412113,3.168778975258849e-05,0
1992-01-01,0.30999999999998806,-0.04999999999998295,0.15000000000000036,5.3,-200.0,17.440878048780178,-1.1799999999999997,-0.4230000000000018,98.5619999999999,4.1,770.0,17.440878048780178,-0.6100000000000003,0.08249999999999957,-0.7199999999999989,58.603000000000065,0.9500000000000028,0.8631338250815889,0.15000000000000036,0.0,4.625,0.4991659710623979,-200.0,0.0,17.440878048780405,9.733397733244694e-08,-0.72,0.4827007354458866,-0.30137500000000017,0.3473003923118999,81.981,17.550436746702342,1.0634140764637394e-05,0
1992-04-01,-0.8199999999999932,0.19999999999998863,0.07499999999999929,4.8,-1805.0,17.440878048781087,-0.30000000000000027,0.42050000000000054,107.66100000000006,4.5,770.0,17.440878048781087,-1.1799999999999997,-0.7199999999999989,-0.4230000000000018,98.5619999999999,0.75,0.9371943946339596,0.1312500000000001,0.03750000000000053,4.8,0.35590260840104354,-601.25,802.5000000000002,17.440878048780633,9.733397733280243e-08,-0.545,0.4741659343872492,-0.16000000000000014,0.509429582965104,85.97524999999996,21.798712108363958,3.7783637794955955e-05,0
1992-07-01,0.8199999999999932,1.700000000000017,0.07499999999999929,5.1,-1805.0,17.440878048780178,-0.48,-0.724499999999999,95.8779999999997,4.6,-200.0,17.440878048780178,-0.30000000000000027,-0.4230000000000018,0.42050000000000054,107.66100000000006,0.9750000000000014,1.053960783584154,0.11249999999999982,0.04330127018922254,4.949999999999999,0.31091263510296047,-1002.5,926.6471820493496,17.440878048780405,9.733397733244694e-08,-0.6425000000000001,0.3802082762557031,-0.3617499999999998,0.5402460087774824,90.17599999999993,21.644224433629667,6.891576069085093e-05,0
1992-10-01,0.11000000000001364,1.6499999999999773,0.07500000000000107,4.9,-1805.0,17.440878048780178,-0.1499999999999999,-0.040000000000000924,114.16200000000026,5.3,-200.0,17.440878048780178,-0.48,0.42050000000000054,-0.724499999999999,95.8779999999997,0.875,0.929605651158952,0.09375,0.037500000000000235,5.025,0.22173557826083456,-1403.75,802.5000000000002,17.440878048780405,9.733397733244694e-08,-0.5275,0.45543934832203475,-0.1917500000000003,0.4950344264122781,104.06574999999998,8.410124865303985,6.0568749489945794e-05,0
1993-01-01,-0.23000000000000398,1.3500000000000227,0.07499999999999929,5.1,-1805.0,17.440878048781087,-0.08000000000000007,-0.09549999999999947,48.65599999999995,4.8,-200.0,17.440878048781087,-0.1499999999999999,-0.724499999999999,-0.040000000000000924,114.16200000000026,1.2250000000000014,0.7005949852327963,0.07499999999999973,2.972137055765787e-16,4.975,0.1499999999999998,-1805.0,0.0,17.440878048780633,9.733397733280243e-08,-0.25250000000000006,0.17727097901235792,-0.10987499999999972,0.4705141469711613,91.58924999999999,29.605672444933123,5.829846297280249e-05,0
1993-04-01,0.20000000000000284,1.049999999999983,-0.15000000000000036,4.4,1060.0,17.440878048780178,-0.06000000000000005,-0.5205000000000011,79.48000000000047,5.1,-200.0,17.440878048780178,-0.08000000000000007,-0.040000000000000924,-0.09549999999999947,48.65599999999995,1.4375,0.3010398644698123,0.018749999999999822,0.11250000000000013,4.875,0.3304037933599832,-1088.75,1432.5,17.440878048780405,9.733397733244694e-08,-0.1925,0.19551214796017105,-0.3451250000000001,0.3317105603283274,84.5440000000001,27.804544712450696,-3.351295897681167e-05,0
1993-07-01,0.01999999999999602,0.3499999999999943,-0.14999999999999858,4.8,1060.0,17.440878048780178,0.10000000000000009,-0.26599999999999824,73.15899999999965,4.9,-1805.0,17.440878048780178,-0.06000000000000005,-0.09549999999999947,-0.5205000000000011,79.48000000000047,1.0999999999999943,0.5567764362830013,-0.037499999999999645,0.1299038105676656,4.8,0.29439202887759464,-372.5,1654.108521228278,17.440878048780405,9.733397733244694e-08,-0.04749999999999999,0.10563301251660474,-0.23049999999999993,0.2159286147472506,78.86425000000008,27.027137897244614,-3.5473594696969245e-05,0
1993-10-01,0.539999999999992,1.1000000000000227,-0.15000000000000036,4.5,1060.0,17.440878048781087,-0.06999999999999984,-0.3719999999999999,131.64000000000033,5.1,-1805.0,17.440878048781087,0.10000000000000009,-0.5205000000000011,-0.26599999999999824,73.15899999999965,0.9625000000000057,0.4289036410819367,-0.09375,0.11249999999999954,4.7,0.31622776601683766,343.75,1432.5,17.440878048780633,9.733397733280243e-08,-0.02749999999999997,0.08539125638299573,-0.31349999999999967,0.17893341405860103,83.2337500000001,34.90165736632976,-2.4963193482814864e-05,0
1994-01-01,0.19000000000001194,0.5999999999999943,-0.15000000000000036,4.6,1060.0,17.440878048780178,0.05999999999999961,0.22599999999999998,101.91399999999976,4.4,-1805.0,17.440878048780178,-0.06999999999999984,-0.26599999999999824,-0.3719999999999999,131.64000000000033,0.7749999999999986,0.36170890690351754,-0.1499999999999999,2.1507973566265075e-09,4.575,0.17078251276599343,1060.0,0.0,17.440878048780405,9.733397733244694e-08,0.007499999999999951,0.0853912563829956,-0.2331249999999998,0.3233920157229199,96.54825000000005,26.448719973753125,-3.0112751981972675e-05,0
1994-04-01,-0.9200000000000017,0.549999999999983,-0.1750000000000007,3.9,-37.5,17.440878048780178,0.5100000000000002,1.2559999999999985,131.27899999999954,4.8,-1805.0,17.440878048780178,0.05999999999999961,-0.3719999999999999,0.22599999999999998,101.91399999999976,0.6499999999999986,0.31885210782849793,-0.15625,0.012500000000000656,4.45,0.387298334620742,785.625,548.7500000000002,17.440878048780405,9.733397733244694e-08,0.15000000000000002,0.25073226092121964,0.21100000000000008,0.743789396715673,109.49799999999982,27.94470791879341,-1.479467183544041e-05,0
1994-07-01,-1.0700000000000074,0.35000000000002274,-0.17499999999999893,4.1,-37.5,17.440878048781087,0.6999999999999997,0.2980000000000018,84.14400000000023,4.5,1060.0,17.440878048781087,0.5100000000000002,0.22599999999999998,1.2559999999999985,131.27899999999954,0.6500000000000057,0.31885210782848905,-0.1625000000000001,0.014433756729740496,4.2749999999999995,0.3304037933599842,511.25,633.6419204356146,17.440878048780633,9.733397733280243e-08,0.29999999999999993,0.36450880190561447,0.3520000000000001,0.6733458744706656,112.24424999999997,23.34419942762362,-1.7417419390550106e-05,0
1994-10-01,-0.8799999999999955,1.549999999999983,-0.1750000000000007,4.0,-37.5,17.440878048780178,0.5,0.31099999999999994,124.21299999999974,4.6,1060.0,17.440878048780178,0.6999999999999997,1.2559999999999985,0.2980000000000018,84.14400000000023,0.7624999999999957,0.5359959576961889,-0.16875000000000018,0.012500000000000068,4.1499999999999995,0.3109126351029614,236.875,548.7500000000003,17.440878048780405,9.733397733244694e-08,0.4424999999999999,0.271093464817333,0.52275,0.49026072995226944,110.38749999999982,21.51062308875909,-1.414020704986656e-05,0
1995-01-01,-0.28000000000000114,0.45000000000001705,-0.17499999999999893,4.3,-37.5,17.440878048780178,0.7700000000000005,0.22250000000000014,67.0010000000002,3.9,1060.0,17.440878048780178,0.5,0.2980000000000018,0.31099999999999994,124.21299999999974,0.7250000000000014,0.5560275772537282,-0.17499999999999982,2.1465924701870514e-09,4.075,0.17078251276599526,-37.5,0.0,17.440878048780405,9.733397733244694e-08,0.6200000000000001,0.13589211407092952,0.5218750000000001,0.4909695128009465,101.65924999999993,31.058973500691337,-3.7311093009743945e-06,0
1995-04-01,0.8900000000000006,1.0999999999999943,-0.025000000000000355,4.0,185.0,17.440878048781087,0.5199999999999996,-0.8275000000000006,58.70800000000054,4.1,1060.0,17.440878048781087,0.7700000000000005,0.31099999999999994,0.22250000000000014,67.0010000000002,0.8625000000000043,0.5662375826452877,-0.13749999999999973,0.07499999999999962,4.1,0.14142135623731167,18.125,111.25000000000155,17.440878048780633,9.733397733280243e-08,0.6224999999999999,0.13326039671760412,0.001000000000000334,0.5537097615177111,83.51650000000018,29.125145384472315,9.848151277594202e-06,0
1995-07-01,1.25,1.1999999999999886,-0.025000000000000355,4.2,185.0,17.440878048780178,-0.20000000000000018,-0.7125000000000004,102.1279999999997,4.0,-37.5,17.440878048780178,0.5199999999999996,0.22250000000000014,-0.8275000000000006,58.70800000000054,1.0749999999999957,0.4591659104651824,-0.10000000000000009,0.08660254037844359,4.125,0.1500000000000017,73.75,128.46043489469307,17.440878048780405,9.733397733244694e-08,0.39749999999999996,0.41684329589587177,-0.2516250000000002,0.6014923627944083,88.01250000000005,30.604794793190678,1.60017721380207e-05,0
1995-10-01,0.730000000000004,-0.4000000000000057,-0.025000000000000355,4.0,185.0,17.440878048781087,-0.08999999999999986,-0.13250000000000028,89.46100000000024,4.3,-37.5,17.440878048780178,-0.20000000000000018,-0.8275000000000006,-0.7125000000000004,102.1279999999997,0.5874999999999986,0.7375353098891801,-0.0625,0.07499999999999932,4.125,0.1500000000000017,129.375,111.2500000000015,17.440878048780633,9.733397733280243e-08,0.25,0.4695387807909658,-0.36250000000000027,0.4945873701042787,79.32450000000017,19.997141204015183,6.94900243854461e-06,0
1996-01-01,1.1700000000000017,1.1000000000000227,-0.025000000000000355,4.0,185.0,17.440878048780178,-0.20000000000000018,-0.4450000000000003,95.8819999999996,4.0,-37.5,17.440878048781087,-0.08999999999999986,-0.7125000000000004,-0.13250000000000028,89.46100000000024,0.75,0.7681145747868641,-0.025000000000000355,0.0,4.05,0.1000000000000044,185.0,0.0,17.440878048780633,9.733397733280243e-08,0.00749999999999984,0.34557922391254914,-0.5293750000000004,0.3093230175183648,86.54475000000002,19.26491701470107,1.4454645353742567e-05,0
1996-04-01,-1.3500000000000085,1.8999999999999773,-0.09999999999999964,3.7,-352.5,17.440878048781087,-0.33999999999999986,0.8950000000000014,164.3720000000003,4.2,-37.5,17.440878048780178,-0.20000000000000018,-0.13250000000000028,-0.4450000000000003,95.8819999999996,0.9499999999999957,0.9678154093971939,-0.04375000000000018,0.03749999999999969,3.9749999999999996,0.20615528128088598,50.625,268.7500000000006,17.440878048780633,9.733397733280243e-08,-0.20750000000000002,0.10242883708539563,-0.0987499999999999,0.7036230643367709,112.96074999999996,34.66211693261123,-1.2441859331951705e-05,0
1996-07-01,-1.009999999999991,1.4000000000000057,-0.09999999999999964,4.0,-352.5,17.440878048780178,0.1800000000000006,0.3200000000000003,98.56800000000021,4.0,185.0,17.440878048781087,-0.33999999999999986,-0.4450000000000003,0.8950000000000014,164.3720000000003,1.0,0.9899494936611639,-0.0625,0.043301270189221565,3.925,0.15000000000000477,-83.75,310.3257696894244,17.440878048780633,9.733397733280243e-08,-0.11249999999999982,0.22020823478395768,0.15937500000000027,0.5823528963037224,112.07075000000009,35.07620955742904,-6.688867770145157e-06,0
1996-10-01,0.6899999999999977,0.9000000000000057,-0.09999999999999964,3.7,-352.5,17.440878048780178,-0.16000000000000014,-0.33000000000000096,128.36300000000028,4.0,185.0,17.440878048780178,0.1800000000000006,0.8950000000000014,0.3200000000000003,98.56800000000021,1.3250000000000028,0.43493294502331425,-0.08124999999999982,0.03749999999999969,3.85,0.1732050807568929,-218.125,268.7500000000007,17.440878048780405,9.733397733244694e-08,-0.1299999999999999,0.2206052281036572,0.1100000000000001,0.6223477056008704,121.7962500000001,31.97351322970333,2.2937316828955216e-05,0
1997-01-01,0.4200000000000017,0.5999999999999943,-0.09999999999999964,4.0,-352.5,17.440878048780178,0.009999999999999787,-0.09100000000000019,102.88400000000001,3.7,185.0,17.440878048781087,-0.16000000000000014,0.3200000000000003,-0.33000000000000096,128.36300000000028,1.1999999999999957,0.5715476066494007,-0.09999999999999964,0.0,3.85,0.1732050807568929,-352.5,0.0,17.440878048780405,9.733397733244694e-08,-0.0774999999999999,0.22336442569636417,0.19850000000000012,0.5363447274530324,123.5467500000002,30.225731260798405,1.8473993606947558e-05,0
1997-04-01,-0.4200000000000017,0.4000000000000057,-0.15000000000000036,3.4,500.0,17.440878048781087,0.2599999999999998,0.3185000000000002,156.17000000000007,4.0,185.0,17.440878048780178,0.009999999999999787,-0.33000000000000096,-0.09100000000000019,102.88400000000001,0.8250000000000028,0.4349329450233317,-0.11249999999999982,0.025000000000000425,3.775,0.28722813232690536,-139.375,426.2500000000004,17.440878048780405,9.733397733244694e-08,0.07250000000000001,0.18679311193581674,0.05437499999999984,0.3210382570660392,121.49625000000015,26.592866792619407,-2.307351926522888e-05,0
1997-07-01,0.9599999999999937,0.9000000000000057,-0.15000000000000036,3.5,500.0,17.440878048780178,0.009999999999999787,-0.6450000000000005,143.9979999999996,3.7,-352.5,17.440878048780178,0.2599999999999998,-0.09100000000000019,0.3185000000000002,156.17000000000007,0.7000000000000028,0.24494897427831955,-0.125,0.02886751345948176,3.6500000000000004,0.2645751311064647,73.75,492.1911044841563,17.440878048780405,9.733397733244694e-08,0.029999999999999805,0.17301252363147926,-0.18687500000000035,0.40618517431503276,132.85375,22.994162829944415,1.1717463173741179e-06,0
1997-10-01,0.7800000000000011,-0.20000000000001705,-0.15000000000000036,3.4,500.0,17.440878048780178,-0.019999999999999574,-0.20350000000000001,103.08399999999892,4.0,-352.5,17.440878048780178,0.009999999999999787,0.3185000000000002,-0.6450000000000005,143.9979999999996,0.42499999999999716,0.4645786621588873,-0.13750000000000018,0.025000000000000428,3.575,0.2872281323269073,286.875,426.2500000000004,17.440878048780405,9.733397733244694e-08,0.06499999999999995,0.1307669683062195,-0.1552500000000001,0.39612718917034734,126.53399999999965,27.643617660019594,-1.932104056403096e-06,0
1998-01-01,1.480000000000004,-0.19999999999998863,-0.15000000000000036,3.5,500.0,17.440878048781087,0.05999999999999961,-0.2999999999999998,100.57300000000032,3.4,-352.5,17.440878048781087,-0.019999999999999574,-0.6450000000000005,-0.20350000000000001,103.08399999999892,0.22500000000000142,0.5315072906367371,-0.15000000000000036,0.0,3.45,0.057735026918997304,500.0,0.0,17.440878048780633,9.733397733280243e-08,0.0774999999999999,0.1260621539823371,-0.20750000000000002,0.3986036042653572,125.95624999999973,28.31857242606004,9.991322205808685e-06,0
1998-04-01,0.14000000000000057,1.0500000000000114,-0.1999999999999993,2.8,1960.0,17.440878048780178,-0.10999999999999943,0.1460000000000008,103.21900000000096,3.5,-352.5,17.440878048780178,0.05999999999999961,-0.20350000000000001,-0.2999999999999998,100.57300000000032,0.38750000000000284,0.6811448695639882,-0.1625000000000001,0.02499999999999954,3.3,0.33665016461207653,865.0,730.0000000000002,17.440878048780405,9.733397733244694e-08,-0.014999999999999902,0.07141428428542701,-0.2506249999999999,0.32532121946367654,112.71849999999995,20.888468756708573,-5.549040883708772e-05,0
1998-07-01,0.5499999999999972,1.3499999999999943,-0.1999999999999993,3.1,1960.0,17.440878048780178,0.08999999999999986,-0.1880000000000006,151.39799999999923,3.4,500.0,17.440878048780178,-0.10999999999999943,-0.2999999999999998,0.1460000000000008,103.21900000000096,0.5,0.8175165645620504,-0.17499999999999982,0.028867513459480736,3.1999999999999997,0.31622776601684655,1230.0,842.9313930168538,17.440878048780405,9.733397733244694e-08,0.0050000000000001155,0.08962886439832375,-0.1363749999999999,0.1946618328452364,114.56849999999986,24.583130943799233,-4.549642249146945e-05,0
1998-10-01,1.1799999999999926,-0.05000000000001137,-0.20000000000000107,2.9,1960.0,17.440878048781087,-0.46999999999999975,-0.24200000000000088,172.89400000000023,3.5,500.0,17.440878048781087,0.08999999999999986,0.1460000000000008,-0.1880000000000006,151.39799999999923,0.5375000000000014,0.7771475621356172,-0.1875,0.024999999999999835,3.0749999999999997,0.3095695936834551,1595.0,730.0000000000002,17.440878048780633,9.733397733280243e-08,-0.10749999999999993,0.2572126228110375,-0.14600000000000013,0.19996666388842618,132.02100000000019,35.891513230845696,-3.301231475144519e-05,0
1999-01-01,1.230000000000004,0.5500000000000114,-0.1999999999999993,2.8,1960.0,17.440878048780178,-0.4400000000000004,0.07500000000000107,117.69100000000071,2.8,500.0,17.440878048780178,-0.46999999999999975,-0.1880000000000006,-0.24200000000000088,172.89400000000023,0.7250000000000014,0.6130524719249878,-0.19999999999999973,1.9387025381123243e-09,2.9000000000000004,0.14142135623733434,1960.0,0.0,17.440878048780405,9.733397733244694e-08,-0.23249999999999993,0.2698610753702725,-0.05224999999999991,0.19142339634085215,136.30050000000028,31.663427278170133,-3.032293873846863e-05,0
1999-04-01,0.8299999999999983,1.049999999999983,-0.15000000000000036,2.5,507.5,17.440878048780178,0.11000000000000032,0.13100000000000023,114.52799999999843,3.1,500.0,17.440878048780178,-0.4400000000000004,-0.24200000000000088,0.07500000000000107,117.69100000000071,0.7249999999999943,0.6130524719249827,-0.1875,0.024999999999999835,2.825,0.25000000000001477,1596.875,726.2500000000002,17.440878048780405,9.733397733244694e-08,-0.1775,0.3207673092237838,-0.05600000000000005,0.18632409040880055,139.12774999999965,28.02023450264734,4.6637220303073074e-08,0
1999-07-01,1.9300000000000068,1.8500000000000227,-0.15000000000000036,2.7,507.5,17.440878048781087,0.25,0.7159999999999993,160.41600000000108,2.9,1960.0,17.440878048781087,0.11000000000000032,0.07500000000000107,0.13100000000000023,114.52799999999843,0.8500000000000014,0.8041558721209988,-0.17500000000000027,0.02886751345948125,2.725,0.17078251276601647,1233.75,838.6012659979316,17.440878048780633,9.733397733280243e-08,-0.13749999999999996,0.37124789561693133,0.16999999999999993,0.3993352810191788,141.3822500000001,29.651869512450126,1.6288094041586086e-05,0
1999-10-01,1.6499999999999915,1.1499999999999773,-0.15000000000000036,2.4,507.5,17.440878048780178,0.20999999999999996,0.21999999999999975,213.54299999999967,2.8,1960.0,17.440878048780178,0.25,0.13100000000000023,0.7159999999999993,160.41600000000108,1.1499999999999986,0.5354126134736404,-0.1625000000000001,0.024999999999999536,2.6,0.18257418583507917,870.625,726.2500000000001,17.440878048780405,9.733397733244694e-08,0.03249999999999997,0.32045540511382653,0.2855000000000001,0.2931444467607501,151.54449999999997,46.32781111816115,1.1942182409266974e-05,0
2000-01-01,2.5900000000000034,0.35000000000002274,-0.14999999999999858,2.9,507.5,17.440878048780178,0.25,0.35800000000000143,102.01000000000022,2.5,1960.0,17.440878048780178,0.20999999999999996,0.7159999999999993,0.21999999999999975,213.54299999999967,1.1000000000000014,0.6137317546507322,-0.1499999999999999,1.8626451492311688e-09,2.625,0.2217355782608538,507.5,0.0,17.440878048780405,9.733397733244694e-08,0.20500000000000007,0.06608075867199546,0.3562500000000002,0.25737440302666675,147.62424999999985,50.61268627775079,2.544056304433517e-05,0
2000-04-01,3.6899999999999977,3.049999999999983,0.09999999999999964,2.4,-400.0,17.440878048781087,0.5699999999999994,-0.057500000000000995,245.54099999999926,2.7,1960.0,17.440878048781087,0.25,0.21999999999999975,0.35800000000000143,102.01000000000022,1.6000000000000014,1.1445523142259488,-0.08749999999999991,0.12499999999999972,2.6,0.24494897427833565,280.625,453.7500000000003,17.440878048780633,9.733397733280243e-08,0.31999999999999984,0.16772994167212094,0.30912499999999987,0.3216070000792894,180.37750000000005,62.944840034747365,6.384552787586139e-05,0
2000-07-01,2.930000000000007,1.950000000000017,0.09999999999999964,2.9,-400.0,17.440878048780178,0.5200000000000005,-0.004999999999999005,70.44500000000153,2.4,507.5,17.440878048780178,0.5699999999999994,0.35800000000000143,-0.057500000000000995,245.54099999999926,1.625,1.15289490703474,-0.02499999999999991,0.14433756729740593,2.65,0.28867513459482746,53.75,523.9453692895856,17.440878048780405,9.733397733244694e-08,0.38749999999999996,0.1837344097694636,0.1288750000000003,0.19447380929060903,157.88475000000017,84.75288888832353,5.3410974185851175e-05,0
2000-10-01,2.789999999999992,0.3499999999999943,0.09999999999999964,2.6,-400.0,26.560749999999643,-0.03000000000000025,-0.3525000000000009,117.57899999999972,2.9,507.5,17.440878048780178,0.5200000000000005,-0.057500000000000995,-0.004999999999999005,70.44500000000153,1.4250000000000043,1.320037878244399,0.03750000000000009,0.12499999999999913,2.6999999999999997,0.24494897427833437,-173.125,453.7500000000003,19.72084603658527,4.559935975609583,0.3274999999999999,0.27669176592976746,-0.014249999999999874,0.2915128642101417,133.89375000000018,76.97098347375162,5.197077251793084e-05,0
2001-01-01,4.099999999999994,0.75,0.09999999999999964,2.9,-400.0,26.560750000000553,-0.5299999999999994,-0.7625000000000002,34.48699999999917,2.4,507.5,17.440878048781087,-0.03000000000000025,-0.004999999999999005,-0.3525000000000009,117.57899999999972,1.5249999999999986,1.2230426539304855,0.09999999999999964,0.0,2.7,0.24494897427833437,-400.0,0.0,22.000814024390365,5.265360526011477,0.13250000000000006,0.51861192941672,-0.2943750000000003,0.347547209023465,117.01299999999992,92.19343150861275,7.21014936679806e-05,0
2001-04-01,3.8500000000000227,1.6999999999999886,0.10000000000000142,2.8,-1052.5,26.560750000000553,-1.1800000000000006,0.04499999999999993,128.76900000000023,2.9,507.5,17.440878048780178,-0.5299999999999994,-0.3525000000000009,-0.7625000000000002,34.48699999999917,1.1875,0.76089311557757,0.10000000000000009,2.150797356626671e-09,2.8,0.14142135623733632,-563.125,326.25000000000034,24.280782012195232,4.559935975610037,-0.30499999999999994,0.7239935542991159,-0.26875000000000004,0.3736336217919013,87.82000000000016,43.62231155421899,8.890281685863593e-05,1
2001-07-01,4.149999999999977,1.5999999999999943,0.09999999999999964,3.4,-1052.5,26.560749999999643,-1.0299999999999998,0.05000000000000071,-0.9799999999995634,2.6,-400.0,26.560749999999643,-1.1800000000000006,-0.7625000000000002,0.04499999999999993,128.76900000000023,1.0999999999999943,0.6570134448142314,0.10000000000000009,2.150797356626671e-09,2.9250000000000003,0.3403429642777126,-726.25,376.7210506462311,26.5607500000001,6.882551541271659e-08,-0.6925,0.5218157401484423,-0.2550000000000001,0.38733598679527165,69.96374999999989,63.2900332194309,9.639325169353034e-05,1
2001-10-01,3.0400000000000205,1.0,0.09999999999999964,4.0,-1052.5,21.824249999999665,-1.2799999999999998,-0.5100000000000007,62.44499999999971,2.9,-400.0,26.560750000000553,-1.0299999999999998,0.04499999999999993,0.05000000000000071,-0.9799999999995634,1.2624999999999957,0.46075119822596455,0.10000000000000009,2.150797356626671e-09,3.275,0.550000000000005,-889.375,326.25000000000034,25.376625000000104,2.3682500000002933,-1.005,0.33291640592396987,-0.29437500000000005,0.40800518276936987,56.18024999999989,54.91285518816766,8.221605941149913e-05,1
2002-01-01,3.6699999999999875,-0.19999999999998863,0.09999999999999964,4.4,-1052.5,21.824250000000575,-0.7600000000000002,0.3799999999999999,123.03499999999985,2.8,-400.0,26.560750000000553,-1.2799999999999998,0.05000000000000071,-0.5100000000000007,62.44499999999971,1.0249999999999986,0.8732124598286395,0.10000000000000009,2.150797356626671e-09,3.65,0.7000000000000028,-1052.5,0.0,24.19250000000011,2.734619550016651,-1.0625,0.22632940595512524,-0.008750000000000036,0.36910646612235537,78.31725000000006,60.78661700503369,9.497729896435414e-05,0
2002-04-01,5.259999999999991,2.75,0.09999999999999964,4.0,2037.5,21.824249999999665,0.020000000000000018,-0.01249999999999929,103.95999999999913,3.4,-400.0,26.560749999999643,-0.7600000000000002,-0.5100000000000007,0.3799999999999999,123.03499999999985,1.2875000000000014,1.2290748553281803,0.09999999999999964,0.0,3.95,0.4123105625617691,-280.0,1545.0000000000002,23.008374999999887,2.3682499999998394,-0.7625,0.5632273075766122,-0.02312499999999984,0.367431257743087,72.11499999999978,54.903971774969285,9.244479712750692e-06,0
2002-07-01,5.070000000000022,1.4499999999999886,0.10000000000000142,4.1,2037.5,21.824249999999665,-0.020000000000000018,-0.5,96.58000000000175,4.0,-1052.5,21.824249999999665,0.020000000000000018,0.3799999999999999,-0.01249999999999929,103.95999999999913,1.25,1.2186057606953888,0.10000000000000009,2.150797356626671e-09,4.125,0.18929694486001306,492.5,1784.0123317959435,21.824249999999893,8.429369702192383e-08,-0.51,0.6262055040746074,-0.16062500000000002,0.42874028171687667,96.50500000000011,25.29497413848583,5.846654851479789e-06,0
2002-10-01,2.859999999999985,1.4000000000000057,0.09999999999999964,3.7,2037.5,17.951250000000073,0.020000000000000018,-0.3725000000000005,77.39300000000003,4.4,-1052.5,21.824250000000575,-0.020000000000000018,-0.01249999999999929,-0.5,96.58000000000175,1.3500000000000014,1.2076147288491148,0.10000000000000009,2.150797356626671e-09,4.05,0.2886751345948159,1265.0,1545.0,20.855999999999995,1.9364999999999495,-0.18500000000000005,0.38379682124790976,-0.12624999999999997,0.3956245063188073,100.24200000000019,18.875305012987866,-2.6507693825346835e-05,0
2003-01-01,2.930000000000007,0.700000000000017,0.09999999999999964,4.1,2037.5,17.951250000000073,-0.51,-0.19649999999999945,112.69599999999991,4.0,-1052.5,21.824249999999665,0.020000000000000018,-0.5,-0.3725000000000005,77.39300000000003,1.5750000000000028,0.8548879068821383,0.10000000000000009,2.150797356626671e-09,3.9749999999999996,0.18929694486001422,2037.5,0.0,19.88774999999987,2.2360775925711867,-0.1225,0.2590205912020636,-0.2703749999999998,0.21222172956603694,97.6572500000002,15.029847579067274,-2.4003208001791444e-05,0
2003-04-01,3.1599999999999966,2.4499999999999886,0.05000000000000071,3.7,-1047.5,17.951250000000073,0.020000000000000018,-0.10350000000000037,138.6369999999988,4.1,-1052.5,21.824249999999665,-0.51,-0.3725000000000005,-0.19649999999999945,112.69599999999991,1.5,0.7199537022151611,0.08750000000000036,0.024999999999999856,3.9,0.23094010767585502,1266.25,1542.5,18.91949999999997,1.9364999999997978,-0.1225,0.2590205912020636,-0.2931250000000001,0.17738065236471898,106.32650000000012,25.9273383709158,7.879696843058693e-05,0
2003-07-01,5.159999999999997,1.4499999999999886,0.049999999999998934,4.0,-1047.5,17.951250000000073,-0.25,-0.17999999999999972,253.90300000000025,3.7,2037.5,17.951250000000073,0.020000000000000018,-0.19649999999999945,-0.10350000000000037,138.6369999999988,1.5,0.7199537022151611,0.07499999999999973,0.028867513459481266,3.875,0.20615528128088864,495.0,1781.1255804499956,17.951250000000073,0.0,-0.18,0.2541653005427765,-0.213125,0.11371263122450372,145.65724999999975,76.40435880399772,0.00011018175713627771,0
2003-10-01,8.960000000000008,0.4000000000000057,0.05000000000000071,3.6,-1047.5,18.037000000000262,0.0,0.3194999999999997,205.5650000000005,4.1,2037.5,17.951250000000073,-0.25,-0.10350000000000037,-0.17999999999999972,253.90300000000025,1.25,0.9137833441248423,0.0625,0.024999999999999856,3.85,0.23804761428476676,-276.25,1542.5000000000002,17.97268750000012,0.04287500000017054,-0.185,0.249064917909635,-0.040124999999999966,0.24314925971509718,177.70024999999987,64.12174207123553,0.0001695132129773155,0
2004-01-01,5.530000000000001,0.09999999999999432,0.049999999999998934,3.9,-1047.5,18.037000000000262,-0.010000000000000009,-0.2394999999999996,151.21299999999974,3.7,2037.5,17.951250000000073,0.0,-0.17999999999999972,0.3194999999999997,205.5650000000005,1.0999999999999943,1.0700467279516293,0.04999999999999982,2.1675353316853232e-09,3.8000000000000003,0.1825741858350627,-1047.5,0.0,17.994125000000167,0.04950778558318515,-0.06,0.12727922061357813,-0.050875000000000004,0.2531137343172033,187.32949999999983,53.040630624079704,0.0001235441620158484,0
2004-04-01,9.469999999999999,2.75,-0.02499999999999858,3.4,105.0,18.036999999999352,0.0,0.11749999999999972,189.3680000000004,4.0,2037.5,17.951250000000073,-0.010000000000000009,0.3194999999999997,-0.2394999999999996,151.21299999999974,1.1749999999999972,1.1989578808281793,0.03125,0.03749999999999911,3.725,0.2753785273643105,-759.375,576.2500000000002,18.015562499999987,0.04287500000001896,-0.065,0.12342339054382367,0.004375000000000018,0.2617697381924295,200.01225000000022,42.54296975509996,0.00013706975876652495,0
2004-07-01,17.44999999999999,1.950000000000017,-0.025000000000000355,3.9,105.0,18.037000000000262,0.26,0.22599999999999998,192.4920000000002,3.6,-1047.5,18.037000000000262,0.0,-0.2394999999999996,0.11749999999999972,189.3680000000004,1.3000000000000043,1.2616127245183741,0.012500000000000178,0.04330127018922157,3.7,0.24494897427832413,-471.25,665.3961852410439,18.037000000000035,8.054549447111748e-08,0.0625,0.13175102782647743,0.10587499999999994,0.24459809722617726,184.6595000000002,23.375388203550372,0.0002555677520699375,0
2004-10-01,7.689999999999998,1.4499999999999886,-0.025000000000000355,3.5,105.0,17.685749999999643,0.5,-0.3334999999999999,221.90699999999924,3.9,-1047.5,18.037000000000262,0.26,0.11749999999999972,0.22599999999999998,192.4920000000002,1.5625,1.112336130253206,-0.006250000000000089,0.0374999999999994,3.675,0.2629955639676644,-183.125,576.2500000000002,17.94918749999988,0.17562500000017642,0.1875,0.24295061226512665,-0.057374999999999954,0.27098412468875954,188.7449999999999,28.99883564329191,0.00010954187262741596,0
2005-01-01,10.04000000000002,1.3499999999999943,-0.025000000000000355,3.8,105.0,17.685750000000553,0.5199999999999998,-0.012500000000000178,240.07200000000012,3.4,-1047.5,18.036999999999352,0.5,0.22599999999999998,-0.3334999999999999,221.90699999999924,1.875,0.6396613687465209,-0.02499999999999991,2.0118867042188626e-09,3.65,0.2380476142847685,105.0,0.0,17.861374999999953,0.20279428205270453,0.31999999999999995,0.24385788210895815,-0.0006250000000000977,0.24239031024362317,210.95974999999999,24.321642219430597,0.00014411320239636916,0
2005-04-01,17.00999999999999,2.9000000000000057,-0.07499999999999929,3.4,792.5,17.685749999999643,0.5100000000000002,0.14500000000000046,155.3700000000008,3.9,-1047.5,18.037000000000262,0.5199999999999998,-0.3334999999999999,-0.012500000000000178,240.07200000000012,1.9125000000000014,0.7087253817006107,-0.03750000000000009,0.02499999999999955,3.65,0.2380476142847685,276.875,343.75000000000045,17.773562500000025,0.17562500000017642,0.4475,0.12526638282742328,0.006250000000000089,0.24719981796109794,202.4602500000001,37.01205874103692,0.00021044102015491768,0
2005-07-01,13.279999999999973,1.700000000000017,-0.07500000000000107,3.5,792.5,17.685749999999643,0.46999999999999975,-0.16000000000000014,219.98599999999897,3.5,105.0,17.685749999999643,0.5100000000000002,-0.012500000000000178,0.14500000000000046,155.3700000000008,1.8500000000000014,0.7153087911291695,-0.050000000000000266,0.028867513459481256,3.55,0.17320508075689808,448.75,396.92831006786804,17.68574999999987,8.053293013135379e-08,0.49999999999999994,0.021602468994690677,-0.09024999999999994,0.20446943536871223,209.33374999999978,37.096645727746875,0.0001514592505497854,0
2005-10-01,11.200000000000045,2.1499999999999773,-0.07499999999999929,3.1,792.5,8.936249999999745,0.52,0.3700000000000001,181.5619999999999,3.8,105.0,17.685750000000553,0.46999999999999975,0.14500000000000046,-0.16000000000000014,219.98599999999897,2.0249999999999986,0.6689544080129828,-0.0625,0.024999999999999845,3.4499999999999997,0.2886751345948196,620.625,343.75000000000034,15.498374999999896,4.374750000000101,0.5049999999999999,0.023804761428474187,0.08562500000000006,0.22682936868933,199.24749999999995,38.01200292451452,0.00011816686795432284,0
2006-01-01,5.310000000000002,0.6500000000000057,-0.07499999999999929,3.2,792.5,8.936249999999745,0.5100000000000002,0.07999999999999918,274.95600000000013,3.4,105.0,17.685749999999643,0.52,-0.16000000000000014,0.3700000000000001,181.5619999999999,1.8500000000000014,0.9407443861113353,-0.07499999999999973,2.0118867042188626e-09,3.3,0.18257418583506724,792.5,0.0,13.310999999999694,5.051526180274573,0.5025000000000001,0.022173557826081405,0.1087499999999999,0.2180357386607373,207.96849999999995,51.94757263177274,3.193964766902684e-05,0
2006-04-01,4.3799999999999955,2.1500000000000057,0.09999999999999964,2.9,375.0,8.936250000000655,0.5,0.3625000000000007,154.26400000000103,3.5,105.0,17.685749999999643,0.5100000000000002,0.3700000000000001,0.07999999999999918,274.95600000000013,1.6625000000000014,0.7075485849042389,-0.03125,0.0874999999999998,3.175,0.2500000000000095,688.125,208.7500000000006,11.123624999999947,4.374749999999798,0.5,0.021602468994690757,0.16312499999999996,0.2542093543387683,207.692,52.32244966232592,4.1219344056953825e-05,0
2006-07-01,1.2299999999999613,3.6500000000000057,0.09999999999999964,3.5,375.0,8.936249999999745,0.4500000000000002,0.2549999999999999,116.76399999999921,3.1,792.5,8.936249999999745,0.5,0.07999999999999918,0.3625000000000007,154.26400000000103,2.1499999999999986,1.224744871391589,0.012500000000000178,0.10103629710818392,3.175,0.2500000000000095,583.75,241.04373738666928,8.936249999999973,8.429369702192463e-08,0.4950000000000001,0.031091263510294453,0.266875,0.1352062467738335,181.88650000000007,67.49315926571144,-3.4376053750645452e-06,0
2006-10-01,2.0500000000000114,-0.75,0.09999999999999964,2.9,375.0,12.00525000000016,0.009999999999999787,-0.40500000000000025,169.3719999999994,3.2,792.5,8.936249999999745,0.4500000000000002,0.3625000000000007,0.2549999999999999,116.76399999999921,1.4250000000000043,1.898025289610233,0.05624999999999991,0.08749999999999951,3.125,0.28722813232690997,479.375,208.7500000000006,9.703500000000076,1.534500000000058,0.36750000000000005,0.23977419933484648,0.07312499999999988,0.33934603160589166,178.83899999999994,67.78726042554035,8.050114812510091e-06,0
2007-01-01,-1.839999999999975,0.4509999999999934,0.09999999999999964,3.3,375.0,12.00525000000016,0.0,-0.13999999999999968,176.09100000000035,2.9,792.5,8.936250000000655,0.009999999999999787,0.2549999999999999,-0.40500000000000025,169.3719999999994,1.3752500000000012,1.9274897967736904,0.09999999999999964,0.0,3.1500000000000004,0.30000000000000804,375.0,0.0,10.47075000000018,1.77188797614294,0.24,0.272151918359336,0.01812500000000017,0.3553130954993546,154.12275,26.525709457996005,-4.607655351354352e-05,0
2007-04-01,-2.009999999999991,4.175000000000011,0.125,2.7,1007.5,12.00525000000016,0.0,-0.03750000000000053,186.4310000000005,3.5,792.5,8.936249999999745,0.0,-0.40500000000000025,-0.13999999999999968,176.09100000000035,1.8815000000000026,2.4054699471551704,0.10624999999999973,0.012500000000000455,3.1,0.3651483716701173,533.125,316.2500000000004,11.238000000000056,1.5345000000002094,0.11499999999999999,0.2233830790368869,-0.08187500000000014,0.2727894105349398,162.16449999999986,31.069620108181223,-8.125615852741346e-05,0
2007-07-01,-6.1299999999999955,1.921999999999997,0.125,3.1,1007.5,12.00525000000016,0.009999999999999787,0.5150000000000006,162.03499999999985,2.9,375.0,12.00525000000016,0.0,-0.13999999999999968,-0.03750000000000053,186.4310000000005,1.4495000000000005,2.1202522648653606,0.11249999999999982,0.01443375672974109,3.0,0.2581988897471707,691.25,365.17404526243865,12.00525000000016,0.0,0.004999999999999893,0.005773502691899963,-0.016874999999999973,0.3869182461020245,173.48225000000002,10.366764052329657,-0.0001347228635827178,0
2007-10-01,-6.2900000000000205,1.195999999999998,0.125,2.9,1007.5,16.225749999999607,-0.5,-0.3200000000000003,150.9410000000007,3.3,375.0,12.00525000000016,0.009999999999999787,-0.03750000000000053,0.5150000000000006,162.03499999999985,1.936,1.6089481035757571,0.11874999999999991,0.012500000000000455,3.0,0.2581988897471707,849.375,316.2500000000004,13.060375000000022,2.110249999999725,-0.12250000000000005,0.25171081290507447,0.004375000000000018,0.35988641147821465,168.87450000000035,15.585225343253773,-0.00013323669218684268,0
2008-01-01,-7.389999999999986,2.1929999999999836,0.125,3.3,1007.5,16.225750000000517,-0.8199999999999998,-0.617,-8.520000000000437,2.7,375.0,12.00525000000016,-0.5,0.5150000000000006,-0.3200000000000003,150.9410000000007,2.3714999999999975,1.2738818626544688,0.125,0.0,3.0,0.2581988897471707,1007.5,0.0,14.115500000000111,2.43670681111476,-0.3275,0.40557572248184026,-0.11487500000000006,0.48198727075169406,122.72175000000016,88.74142808322429,-0.00014417641150329388,1
2008-04-01,-16.28000000000003,2.952500000000015,0.27500000000000036,2.9,-762.5,16.225749999999607,-1.6600000000000001,0.15950000000000042,159.16299999999865,3.1,375.0,12.00525000000016,-0.8199999999999998,-0.3200000000000003,-0.617,-8.520000000000437,2.0658749999999984,0.7256370046380005,0.1625000000000001,0.07500000000000022,3.05,0.19148542155128048,565.0,885.0000000000002,15.170624999999973,2.1102499999998767,-0.7425,0.7006841894415298,-0.06562499999999982,0.5021711818029122,115.9047499999997,83.08295730724008,-0.00018191892816067212,1
2008-07-01,-12.349999999999994,5.3785000000000025,0.27500000000000036,4.0,-762.5,16.225749999999607,-0.27,0.5084999999999988,33.298000000000684,2.9,1007.5,16.225749999999607,-1.6600000000000001,-0.617,0.15950000000000042,159.16299999999865,2.9299999999999997,1.7837772189000178,0.20000000000000018,0.08660254037844412,3.275,0.5188127472091172,122.5,1021.9099764656378,16.225749999999834,9.104759881818624e-08,-0.8125,0.6083515978993291,-0.06725000000000025,0.4996703079698314,83.7204999999999,84.18413305170182,-0.00013288122077589675,1
2008-10-01,-4.27000000000001,-2.6980000000000075,0.27500000000000036,4.2,-762.5,24.576250000000073,-1.0399999999999998,-0.2259999999999991,-290.78999999999905,3.3,1007.5,16.225750000000517,-0.27,0.15950000000000042,0.5084999999999988,33.298000000000684,1.9564999999999984,3.3873491356319776,0.23750000000000027,0.07500000000000022,3.5999999999999996,0.605530070819502,-320.0,885.0000000000002,18.31337499999995,4.175250000000082,-0.9475,0.5748840462794799,-0.043749999999999956,0.4858399084746601,-26.71225000000004,189.92880655019928,-2.6029769206610195e-05,1
2009-01-01,0.19000000000002615,-4.389999999999986,0.27500000000000036,5.5,-762.5,24.576250000000073,-0.82,-1.1525000000000007,-177.3070000000007,2.9,1007.5,16.225749999999607,-1.0399999999999998,0.5084999999999988,-0.2259999999999991,-290.78999999999905,0.31075000000000585,4.611961269351685,0.27500000000000036,0.0,4.1499999999999995,1.0661457061146336,-762.5,0.0,20.40099999999984,4.821163422868239,-0.9475,0.5748840462794799,-0.17762500000000014,0.7158077459532458,-68.9090000000001,202.85003705364812,3.455554606148154e-05,1
2009-04-01,-7.460000000000008,1.2764999999999986,0.1999999999999993,5.6,1035.0,24.576250000000073,0.0,-0.23749999999999893,-49.66599999999926,4.0,1007.5,16.225749999999607,-0.82,-0.2259999999999991,-1.1525000000000007,-177.3070000000007,-0.10824999999999818,4.361274517462372,0.2562500000000001,0.03750000000000063,4.825,0.8421203397773204,-313.125,898.7500000000002,22.488624999999956,4.175250000000234,-0.5325,0.4805118798392676,-0.276875,0.6801155998553969,-121.11624999999958,142.47278178977444,-0.00014406439935486402,1
2009-07-01,-4.8799999999999955,2.977499999999992,0.1999999999999993,6.3,1035.0,24.576250000000073,0.010000000000000009,0.4119999999999999,67.64599999999882,4.2,-762.5,24.576250000000073,0.0,-1.1525000000000007,-0.23749999999999893,-49.66599999999926,-0.7085000000000008,3.417522177445713,0.23749999999999982,0.043301270189222626,5.4,0.8755950357709144,136.25,1037.7871088683526,24.576250000000073,0.0,-0.4624999999999999,0.547258318042464,-0.3009999999999997,0.6437076199642197,-112.52925000000005,155.33615247665242,-0.00010570356626590522,0
2009-10-01,0.6799999999999784,0.7729999999999961,0.20000000000000107,6.4,1035.0,50.62299999999959,-0.04000000000000001,-0.27000000000000046,202.3670000000002,5.5,-762.5,24.576250000000073,0.010000000000000009,-0.23749999999999893,0.4119999999999999,67.64599999999882,0.1592500000000001,3.176116352297768,0.21875,0.03750000000000033,5.95,0.46547466812563315,585.625,898.7500000000002,31.087937499999953,13.02337499999976,-0.2125,0.40557572248184015,-0.31200000000000006,0.6423733338176486,10.759999999999764,162.24442199964852,-2.9731616194645077e-05,0
2010-01-01,-2.1999999999999886,0.5829999999999984,0.1999999999999993,6.9,1035.0,50.6230000000005,-0.009999999999999995,0.07800000000000029,113.36100000000079,5.6,-762.5,24.576250000000073,-0.04000000000000001,0.4119999999999999,-0.27000000000000046,202.3670000000002,1.4024999999999963,1.0900078745892914,0.19999999999999973,2.578715440791761e-09,6.300000000000001,0.5354126134736346,1035.0,0.0,37.59962500000006,15.03809812401487,-0.009999999999999998,0.021602468994689965,-0.004374999999999796,0.3188822601420986,83.42700000000013,104.88971123041559,-6.628745996218157e-05,0
2010-04-01,0.2400000000000091,1.1140000000000043,-0.025000000000000355,6.1,-1132.5,50.6230000000005,0.09000000000000001,0.0680000000000005,215.58299999999872,6.3,-762.5,24.576250000000073,-0.009999999999999995,-0.27000000000000046,0.07800000000000029,113.36100000000079,1.3618749999999977,1.099258263178705,0.14374999999999982,0.11250000000000016,6.425,0.34034296427770316,493.125,1083.7500000000002,44.11131250000017,13.023375000000062,0.012500000000000004,0.05560275772537302,0.07200000000000006,0.2784576568648572,149.73924999999963,71.10498869687923,4.4096422044088025e-05,0
2010-07-01,2.6999999999999886,-0.1220000000000141,-0.02499999999999858,6.4,-1132.5,50.62299999999959,-0.020000000000000018,-0.5340000000000007,161.41400000000067,6.4,1035.0,50.62299999999959,0.09000000000000001,0.07800000000000029,0.0680000000000005,215.58299999999872,0.5869999999999962,0.5212235604805397,0.08750000000000036,0.12990381056766562,6.449999999999999,0.3316624790355408,-48.75,1251.4067084685141,50.62300000000005,1.3765103082442775e-07,0.0049999999999999975,0.05802298395176289,-0.1645000000000001,0.294687970572265,173.1812500000001,46.0675116495699,7.830338931782109e-05,0
2010-10-01,-0.5099999999999909,2.139499999999998,-0.025000000000000355,6.0,-1132.5,26.254750000000058,0.010000000000000009,-0.3390000000000004,167.8670000000002,6.9,1035.0,50.6230000000005,-0.020000000000000018,0.0680000000000005,-0.5340000000000007,161.41400000000067,0.9286249999999967,0.9528643987997518,0.03125,0.11249999999999957,6.35,0.4041451884327389,-590.625,1083.7500000000002,44.530937500000164,12.184125000000071,0.0175,0.04991659710623839,-0.18175000000000008,0.30476917495048633,164.5562500000001,41.81513935864923,3.7156307153782004e-05,0
2011-01-01,-4.710000000000008,2.198500000000024,-0.025000000000000355,6.3,-1132.5,26.254750000000058,-0.01999999999999999,0.5300000000000002,41.97400000000016,6.1,1035.0,50.6230000000005,0.010000000000000009,-0.5340000000000007,-0.3390000000000004,167.8670000000002,1.3325000000000031,1.090033256373414,-0.02499999999999991,3.0416867916573954e-09,6.2,0.1825741858350573,-1132.5,0.0,38.43887500000005,14.069015697180093,0.015000000000000003,0.05196152422706499,-0.06875000000000009,0.471414449644189,146.70949999999993,73.8849242380785,-1.9559153288504008e-05,0
2011-04-01,-0.5500000000000114,3.494999999999976,0.0,5.6,2877.5,26.254750000000058,-0.07,0.08499999999999996,206.09100000000035,6.4,1035.0,50.62299999999959,-0.01999999999999999,-0.3390000000000004,0.5300000000000002,41.97400000000016,1.927749999999996,1.50287405216361,-0.018749999999999822,0.012500000000000252,6.075,0.35939764421413156,-130.0,2005.0000000000002,32.34681249999994,12.184124999999769,-0.025,0.033166247903552236,-0.06450000000000022,0.47313176459276846,144.33650000000034,71.03291517083242,-0.00011736085570874947,0
2011-07-01,2.8200000000000216,1.9260000000000161,0.0,6.2,2877.5,26.254750000000058,-0.03,-0.29499999999999993,90.14099999999962,6.0,-1132.5,26.254750000000058,-0.07,0.5300000000000002,0.08499999999999996,206.09100000000035,2.4397500000000036,0.7131720806836487,-0.012500000000000178,0.01443375672974117,6.0249999999999995,0.3095695936834464,872.5,2315.1745794503995,26.254750000000058,0.0,-0.027499999999999997,0.0330403793359966,-0.004750000000000032,0.4041372497885671,126.51825000000008,74.19024238346094,-6.571180719800677e-05,0
2011-10-01,2.039999999999992,0.25899999999998613,0.0,5.9,2877.5,24.394249999999374,0.0,-0.47750000000000004,194.57899999999972,6.3,-1132.5,26.254750000000058,-0.03,0.08499999999999996,-0.29499999999999993,90.14099999999962,1.9696250000000006,1.3300743948491498,-0.006250000000000089,0.012500000000000547,6.0,0.3162277660168392,1875.0,2005.0000000000002,25.789624999999887,0.9302500000003623,-0.03,0.029439202887757546,-0.03937499999999994,0.4460772307945489,133.19624999999996,80.11812117690147,-7.066028230130446e-05,0
2012-01-01,-1.1699999999999875,0.5440000000000111,0.0,6.0,2877.5,24.394250000000284,0.009999999999999995,-0.15249999999999986,226.54600000000028,5.6,-1132.5,26.254750000000058,0.0,-0.29499999999999993,-0.47750000000000004,194.57899999999972,1.5559999999999974,1.4835738381803971,0.0,0.0,5.925000000000001,0.250000000000002,2877.5,0.0,25.324499999999944,1.074160175827449,-0.022500000000000003,0.03593976442141139,-0.20999999999999996,0.2374254268888091,179.33925,60.91718738514358,-0.00010400174371134191,0
2012-04-01,-0.46000000000000796,3.346499999999992,-0.05000000000000071,5.3,-1905.0,24.394250000000284,0.06000000000000001,-0.004999999999999893,138.3099999999995,6.2,-1132.5,26.254750000000058,0.009999999999999995,-0.47750000000000004,-0.15249999999999986,226.54600000000028,1.5188750000000013,1.419346115587504,-0.012500000000000178,0.02500000000000054,5.85,0.3872983346207431,1681.875,2391.25,24.859375,0.9302500000000598,0.010000000000000002,0.0374165738677376,-0.23249999999999993,0.2017320830540677,162.39399999999978,60.42043913003855,5.301397802431884e-05,0
2012-07-01,3.25,-0.5964999999999918,-0.049999999999998934,5.9,-1905.0,24.394249999999374,0.01999999999999999,-0.3600000000000003,112.42599999999948,5.9,2877.5,24.394249999999374,0.06000000000000001,-0.15249999999999986,-0.004999999999999893,138.3099999999995,0.8882499999999993,1.7089898819673137,-0.02499999999999991,0.028867513459481346,5.775,0.32015621187164434,486.25,2761.177662399385,24.39424999999983,1.9880628681394272e-07,0.0225,0.026299556396763124,-0.24875000000000003,0.2108563887262291,167.96524999999974,51.97447483380693,0.00010174928705973313,0
2012-10-01,1.5199999999999818,2.2154999999999916,-0.05000000000000071,5.4,-1905.0,21.30749999999989,0.0,-0.16749999999999954,100.87800000000243,6.0,2877.5,24.394250000000284,0.01999999999999999,-0.004999999999999893,-0.3600000000000003,112.42599999999948,1.3773750000000007,1.7483900391979583,-0.03750000000000009,0.025000000000000244,5.65,0.35118845842842633,-709.375,2391.25,23.622562499999958,1.543375000000058,0.0225,0.026299556396763124,-0.1712499999999999,0.14563796437284687,144.54000000000042,56.86673361465341,8.462001740743323e-05,0
2013-01-01,1.6200000000000045,-0.48649999999997817,-0.049999999999998934,5.9,-1905.0,21.3075000000008,-0.01999999999999999,0.03149999999999986,227.7699999999968,5.3,2877.5,24.394250000000284,0.0,-0.3600000000000003,-0.16749999999999954,100.87800000000243,1.1197500000000034,1.9735447592255464,-0.04999999999999982,3.029781905304564e-09,5.625000000000001,0.32015621187164434,-1905.0,0.0,22.850875000000087,1.7821359434207904,0.015000000000000003,0.03415650255319663,-0.12524999999999997,0.17881391631152924,144.84599999999955,57.45534641789013,9.014450428060069e-05,0
2013-04-01,4.210000000000008,2.0149999999999864,0.0,5.1,2312.5,21.30749999999989,0.009999999999999981,0.03100000000000014,80.49800000000323,5.9,2877.5,24.394249999999374,-0.01999999999999999,-0.16749999999999954,0.03149999999999986,227.7699999999968,0.786875000000002,1.5367141013105288,-0.037499999999999645,0.024999999999999946,5.575,0.3947573094109022,-850.625,2108.75,22.07918749999999,1.5433749999996036,0.0024999999999999953,0.017078251276595457,-0.11624999999999996,0.1875750960726572,130.39300000000048,66.2463570520395,-3.0451509077697447e-05,0
2013-07-01,3.1100000000000136,0.6899999999999977,0.0,5.7,2312.5,21.30749999999989,-0.06,0.9249999999999998,225.15099999999802,5.4,-1905.0,21.30749999999989,0.009999999999999981,0.03149999999999986,0.03100000000000014,80.49800000000323,1.1084999999999994,1.2604706131705865,-0.02499999999999991,0.028867513459481343,5.525,0.35000000000000225,203.75,2434.9747603072465,21.30750000000012,2.0139550102471325e-07,-0.0175,0.030956959368342554,0.20500000000000007,0.48905844913125296,158.57425000000012,78.83584957946583,-4.228059917470205e-05,0
2013-10-01,1.5999999999999943,1.3729999999999905,0.0,5.7,2312.5,17.457250000000386,0.0,-0.17799999999999994,238.1810000000005,5.9,-1905.0,21.3075000000008,-0.06,0.03100000000000014,0.9249999999999998,225.15099999999802,0.8978749999999991,1.0698003221006425,-0.012499999999999734,0.024999999999999648,5.6000000000000005,0.3464101615137777,1258.125,2108.75,20.344937500000242,1.9251249999999145,-0.0175,0.030956959368342554,0.20237499999999997,0.49174508555415825,192.89999999999964,75.14568620574958,-5.8041889726781395e-05,0
2014-01-01,1.6599999999999966,0.12800000000001432,0.0,5.3,2312.5,17.457249999999476,-0.01999999999999999,0.2400000000000002,5.71900000000096,5.1,-1905.0,21.30749999999989,0.0,0.9249999999999998,-0.17799999999999994,238.1810000000005,1.0514999999999972,0.8195992923374114,0.0,0.0,5.449999999999999,0.30000000000000293,2312.5,0.0,19.38237499999991,2.2229428739473427,-0.0175,0.030956959368342554,0.25450000000000006,0.47846595141834947,137.38725000000068,113.18829544428627,-5.420985449184528e-05,0
2014-04-01,4.799999999999983,2.337999999999994,-0.32500000000000107,4.6,580.0,17.457250000000386,0.01999999999999999,-0.09450000000000003,320.77000000000044,5.7,-1905.0,21.30749999999989,-0.01999999999999999,-0.17799999999999994,0.2400000000000002,5.71900000000096,1.132249999999999,0.9514719736632582,-0.08125000000000027,0.16250000000000056,5.325,0.5188127472091149,1879.375,866.2500000000003,18.419812500000035,1.9251249999999147,-0.015,0.03415650255319686,0.22312500000000002,0.501564282187903,197.45524999999998,134.65382580621272,3.766075814896691e-05,0
2014-07-01,1.8500000000000227,0.3089999999999975,-0.3249999999999993,5.3,580.0,17.457249999999476,0.0,-0.20750000000000046,285.7199999999975,5.7,2312.5,17.457250000000386,0.01999999999999999,0.2400000000000002,-0.09450000000000003,320.77000000000044,1.036999999999999,1.0266063835115464,-0.1625000000000001,0.1876388374866285,5.225,0.45734742446707743,1446.25,1000.259341371027,17.45724999999993,2.0358862014553906e-07,0.0,0.016329931618550515,-0.06000000000000005,0.20564573097116942,212.59749999999985,142.01105473049077,3.199074259790328e-06,0
2014-10-01,3.2099999999999795,-0.022999999999996135,-0.32500000000000107,4.7,580.0,15.693749999999454,0.0,-0.0940000000000003,107.85100000000239,5.3,2312.5,17.457249999999476,0.0,-0.09450000000000003,-0.20750000000000046,285.7199999999975,0.6880000000000024,1.1083414034793873,-0.24375000000000036,0.16250000000000026,4.975,0.377491721763541,1013.125,866.2500000000003,17.016374999999698,0.8817500000001857,0.0,0.016329931618550515,-0.039000000000000146,0.19351012032104833,180.01500000000033,148.96560627876366,1.8708383280472123e-05,0
2015-01-01,1.240000000000009,-3.1759999999999877,-0.3249999999999993,4.9,580.0,15.693750000000364,0.020000000000000004,-0.36599999999999966,151.4499999999971,4.6,2312.5,17.457250000000386,0.0,-0.20750000000000046,-0.0940000000000003,107.85100000000239,-0.13799999999999812,2.2783805652260924,-0.3250000000000002,3.0416867916574375e-09,4.875,0.3095695936834498,580.0,0.0,16.57549999999992,1.0181571997159378,0.009999999999999998,0.011547005383786627,-0.1905000000000001,0.12860469146445033,216.44774999999936,102.7938683008372,-3.916877705616162e-06,0
2015-04-01,3.1899999999999977,3.7779999999999916,-0.1999999999999993,4.1,90.0,15.693750000000364,0.009999999999999995,0.002000000000000224,216.25500000000102,5.3,2312.5,17.457249999999476,0.020000000000000004,-0.0940000000000003,-0.36599999999999966,151.4499999999971,0.2220000000000013,2.8436557456907394,-0.29374999999999973,0.06250000000000037,4.75,0.5000000000000029,457.5,245.00000000000125,16.134624999999915,0.8817499999997312,0.0075,0.009574271077556352,-0.16637500000000005,0.15825052659206698,190.3189999999995,77.64405339324533,3.341392251197343e-05,0
2015-07-01,2.25,0.08699999999998909,-0.20000000000000107,4.5,90.0,15.693749999999454,0.010000000000000009,0.3740000000000001,121.84200000000055,4.7,580.0,15.693749999999454,0.009999999999999995,-0.36599999999999966,0.002000000000000224,216.25500000000102,0.1664999999999992,2.843558158364263,-0.2625000000000002,0.07216878364870329,4.55,0.341565025531991,335.0,282.9016319029177,15.693749999999909,2.0286021487598537e-07,0.010000000000000002,0.008164965809268936,-0.020999999999999908,0.30599999999999966,149.34950000000026,48.16480765385959,2.2689350399376397e-05,0
2015-10-01,1.0200000000000102,0.859499999999997,-0.1999999999999993,4.2,90.0,14.049000000000888,-0.010000000000000009,-0.25000000000000044,33.5109999999986,4.9,580.0,15.693750000000364,0.010000000000000009,0.002000000000000224,0.3740000000000001,121.84200000000055,0.3871249999999975,2.858152444470604,-0.23124999999999973,0.062499999999999785,4.425,0.35939764421413445,212.5,245.00000000000125,15.282562500000267,0.8223749999996113,0.0075,0.012583057392112573,-0.05999999999999994,0.3275851034464172,130.76449999999932,75.88229870222324,8.71331321849458e-06,0
2016-01-01,0.9899999999999807,-1.0444999999999993,-0.20000000000000107,4.1,90.0,14.048999999999978,0.22000000000000003,0.07650000000000023,90.7960000000021,4.1,580.0,15.693750000000364,-0.010000000000000009,0.3740000000000001,-0.25000000000000044,33.5109999999986,0.9199999999999946,2.0595285463749526,-0.20000000000000018,3.1352989805124265e-09,4.225,0.1892969448600164,90.0,0.0,14.871375000000171,0.949596855249356,0.05750000000000001,0.10874281585465699,0.05062500000000003,0.2568921223003927,115.60100000000057,76.42912604062302,8.356164260701123e-06,0
2016-04-01,3.7200000000000273,2.977000000000004,-0.09999999999999964,3.5,2770.0,14.048999999999978,0.02999999999999997,-0.26750000000000007,185.76900000000023,4.5,580.0,15.693749999999454,0.22000000000000003,-0.25000000000000044,0.07650000000000023,90.7960000000021,0.7197499999999977,1.6958437673716718,-0.17500000000000027,0.05000000000000051,4.075,0.4193248541803074,760.0,1340.0000000000002,14.460187500000075,0.8223749999996114,0.0625,0.10626225419529978,-0.016750000000000043,0.3047743700947746,107.97950000000037,63.46706595025006,-4.4324682769097e-05,0
2016-07-01,2.549999999999983,0.521000000000015,-0.09999999999999964,4.0,2770.0,14.048999999999978,0.020000000000000018,-0.16500000000000004,180.93699999999808,4.2,90.0,14.049000000000888,0.02999999999999997,0.07650000000000023,-0.26750000000000007,185.76900000000023,0.8282500000000041,1.6552641531389094,-0.1499999999999999,0.05773502691896297,3.95,0.3109126351029651,1430.0,1547.2987214281973,14.049000000000206,2.0322474385782564e-07,0.065,0.10472185381603259,-0.15150000000000008,0.1584555668528771,122.75324999999975,73.80555201507518,-5.4166493239226395e-05,0
2016-10-01,1.990000000000009,-0.554000000000002,-0.09999999999999964,3.9,2770.0,15.608000000000175,0.010000000000000009,0.03000000000000025,196.7400000000016,4.1,90.0,14.048999999999978,0.020000000000000018,-0.26750000000000007,-0.16500000000000004,180.93699999999808,0.4748750000000044,1.7916325132403716,-0.125,0.05000000000000081,3.875,0.26299556396766366,2100.0,1340.0,14.438750000000027,0.7795000000001248,0.07,0.10033277962194857,-0.0814999999999999,0.16223902120020298,163.5605000000005,48.958185917507635,-5.685436942800236e-05,0
2017-01-01,-1.9800000000000182,0.7439999999999998,-0.09999999999999964,4.0,2770.0,15.608000000000175,0.25,0.6800000000000002,190.7049999999981,3.5,90.0,14.048999999999978,0.010000000000000009,-0.16500000000000004,0.03000000000000025,196.7400000000016,0.9220000000000041,1.4825750121550927,-0.09999999999999964,0.0,3.8499999999999996,0.2380476142847677,2770.0,0.0,14.828500000000076,0.900089069666763,0.0775,0.11528949070347433,0.06937500000000008,0.42537422249904444,188.5377499999995,6.7678468942007886,-9.359938594925409e-05,0
2017-04-01,7.099999999999994,0.9735000000000014,-0.125,3.3,857.5,15.607999999999265,0.25,-0.10500000000000043,158.5590000000011,4.0,90.0,14.048999999999978,0.25,0.03000000000000025,0.6800000000000002,190.7049999999981,0.4211250000000035,0.6758230013595811,-0.10624999999999973,0.01250000000000056,3.8,0.3366501646120736,2291.875,956.2500000000002,15.218249999999898,0.7794999999999731,0.1325,0.13573871960498152,0.10999999999999999,0.3886515148561754,181.73524999999972,16.766779702236104,4.8950033467978684e-05,0
2017-07-01,1.1400000000000432,0.04949999999999477,-0.125,3.8,857.5,15.608000000000175,0.2499999999999999,-0.07750000000000012,253.95200000000114,3.9,2770.0,15.608000000000175,0.25,0.6800000000000002,-0.10500000000000043,158.5590000000011,0.30324999999999847,0.6934844987452895,-0.11249999999999982,0.01443375672974118,3.7499999999999996,0.3109126351029651,1813.75,1104.1823898251594,15.607999999999947,2.0377031462164423e-07,0.18999999999999997,0.11999999999999901,0.13187499999999996,0.37003026340197265,199.9890000000005,39.68710506785144,-1.0781639283887184e-05,0
2017-10-01,1.2099999999999795,2.3259999999999934,-0.125,3.5,857.5,9.63025000000016,0.0,-0.07249999999999979,344.4929999999986,4.0,2770.0,15.608000000000175,0.2499999999999999,-0.10500000000000043,-0.07750000000000012,253.95200000000114,1.0232499999999973,0.95320551299287,-0.11874999999999991,0.01250000000000056,3.65,0.3109126351029649,1335.625,956.2500000000002,14.113562499999944,2.9888749999998625,0.18749999999999997,0.12499999999999906,0.10624999999999996,0.3827667914888471,236.92724999999973,81.9314992107222,-9.9144465811234e-06,0
2018-01-01,1.9800000000000182,2.375,-0.125,3.7,857.5,9.63024999999925,0.26,0.13750000000000062,291.46500000000015,3.3,2770.0,15.607999999999265,0.0,-0.07750000000000012,-0.07249999999999979,344.4929999999986,1.4309999999999974,1.12694417193873,-0.125,0.0,3.575,0.2217355782608405,857.5,0.0,12.619124999999713,3.4512555716482995,0.18999999999999997,0.12675435561220935,-0.02937499999999993,0.11216384964268364,262.11725000000024,78.3965072962427,-2.2662126074918416e-06,0
2018-04-01,2.5600000000000023,0.6790000000000305,-0.32500000000000107,3.0,1800.0,9.63025000000016,0.28,0.4349999999999996,252.35900000000038,3.8,2770.0,15.608000000000175,0.26,-0.07249999999999979,0.13750000000000062,291.46500000000015,1.3573750000000047,1.1753757821082822,-0.17500000000000027,0.10000000000000057,3.5,0.3559026084010474,1093.125,471.25000000000034,11.124687499999936,2.988875000000166,0.19749999999999998,0.1322560647632706,0.10562500000000008,0.2413622364137902,285.56725000000006,43.24095037789108,-1.9882435168090944e-05,0
2018-07-01,2.7099999999999795,1.117999999999995,-0.3249999999999993,3.4,1800.0,9.63025000000016,0.21999999999999997,0.05999999999999961,217.8179999999993,3.5,857.5,9.63025000000016,0.28,0.13750000000000062,0.4349999999999996,252.35900000000038,1.6245000000000047,0.857489552900393,-0.2250000000000001,0.11547005383792529,3.4,0.29439202887759947,1328.75,544.1526287112226,9.630249999999933,2.0358862014536944e-07,0.19,0.12909944487357966,0.14,0.21493215983964106,276.5337499999996,54.38553644352468,-1.7801902148324375e-05,0
2018-10-01,-0.09000000000003183,0.07200000000000273,-0.32500000000000107,3.1,1800.0,10.285499999999956,0.28,0.3025000000000002,119.1369999999988,3.7,857.5,9.63024999999925,0.21999999999999997,0.4349999999999996,0.05999999999999961,217.8179999999993,1.061000000000007,0.9753443836238871,-0.27500000000000036,0.10000000000000028,3.3,0.31622776601684216,1564.375,471.2500000000004,9.794062499999882,0.32762500000011313,0.26,0.028284271247457124,0.23375,0.16800917633669016,220.19474999999966,73.78415658470831,-4.306425812492746e-05,0
2019-01-01,2.930000000000007,0.21599999999995134,-0.3249999999999993,3.7,1800.0,10.285499999999956,0.20999999999999996,-0.36599999999999966,193.73300000000017,3.0,857.5,9.63025000000016,0.28,0.05999999999999961,0.3025000000000002,119.1369999999988,0.5212499999999949,0.47469244429070084,-0.3250000000000002,3.2261960349397847e-09,3.3000000000000003,0.31622776601684216,1800.0,0.0,9.957875000000058,0.3783087638864396,0.2475,0.03774917217635026,0.10787499999999994,0.3520128726339416,195.76174999999967,56.46590419816833,-1.4226553045455781e-05,0
2019-04-01,4.610000000000014,2.8080000000000496,0.25,2.7,-1725.0,10.285499999999956,0.020000000000000018,-0.32150000000000034,286.33799999999974,3.4,857.5,9.63025000000016,0.20999999999999996,0.3025000000000002,-0.36599999999999966,193.73300000000017,1.0534999999999997,1.25793203314014,-0.1812499999999999,0.2875,3.2249999999999996,0.42720018726587966,918.75,1762.5000000000002,10.121687500000007,0.32762499999996153,0.1825,0.11265729744080685,-0.08125000000000004,0.3193839121391889,204.2564999999995,68.98637608736021,8.20710961095452e-05,0
2019-07-01,2.740000000000009,0.057999999999992724,0.25,3.3,-1725.0,10.285499999999956,-0.020000000000000018,-0.37749999999999995,319.2330000000002,3.1,1800.0,10.285499999999956,0.020000000000000018,-0.36599999999999966,-0.32150000000000034,286.33799999999974,0.7884999999999991,1.3482258712842188,-0.03750000000000009,0.33197640478403495,3.2,0.41633319989322964,37.5,2035.159698893431,10.285499999999956,0.0,0.1225,0.14522970311429564,-0.19062499999999993,0.3296357522579529,229.61024999999972,90.81444630077719,6.719200826686266e-05,0
2019-10-01,2.1399999999999864,0.09299999999996089,0.25,2.8,-1725.0,-9.24474999999984,-0.5699999999999998,-0.07699999999999996,216.0460000000021,3.7,1800.0,10.285499999999956,-0.020000000000000018,-0.32150000000000034,-0.37749999999999995,319.2330000000002,0.7937499999999886,1.3445416505263459,0.10625000000000018,0.2874999999999997,3.125,0.46457866215888133,-843.75,1762.5000000000002,5.402937500000007,9.7651249999999,-0.08999999999999997,0.33536050254415245,-0.2855,0.1410821273821261,253.83750000000055,58.803634561705465,6.368295349936824e-05,0
2020-01-01,3.0200000000000387,1.170000000000016,0.25,3.1,-1725.0,-9.24474999999984,-0.28,-0.06400000000000006,-205.5600000000013,2.7,1800.0,10.285499999999956,-0.5699999999999998,-0.37749999999999995,-0.07699999999999996,216.0460000000021,1.0322500000000048,1.2914612847468918,0.25,0.0,2.975,0.2753785273643098,-1725.0,0.0,0.5203750000000582,11.275795094840573,-0.21249999999999997,0.2729316153666822,-0.21000000000000008,0.16278155096119806,154.01425000000017,243.54902958593448,7.433902122778741e-05,0
2020-04-01,2.9399999999999977,-0.8739999999999668,0.025000000000000355,9.4,-425.0,-9.24474999999984,-1.5,-0.31800000000000006,-1792.2129999999997,3.3,1800.0,10.285499999999956,-0.28,-0.07699999999999996,-0.06400000000000006,-205.5600000000013,0.11175000000000068,0.8356308495182905,0.1937500000000001,0.11249999999999995,4.65,3.173326330524487,-1400.0,650.0000000000005,-4.362187499999891,9.7651249999999,-0.5925,0.645361655714582,-0.209125,0.16198990452082634,-365.6234999999997,977.7773704282929,4.006505989791057e-05,1
2020-07-01,4.3799999999999955,1.7279999999999518,0.025000000000000355,8.6,-425.0,-9.24474999999984,0.039999999999999994,-0.29000000000000004,1749.107,2.8,-1725.0,-9.24474999999984,-1.5,-0.06400000000000006,-0.31800000000000006,-1792.2129999999997,0.5292499999999905,1.1557085488997438,0.13750000000000018,0.1299038105676657,5.975,3.510341863693621,-1075.0,750.555349946514,-9.24474999999984,0.0,-0.5775,0.6635447736714281,-0.18725000000000003,0.13539910142488554,-8.154999999999745,1456.0297051038028,5.446716347302753e-05,0
2020-10-01,5.430000000000007,1.4570000000000505,0.02499999999999858,6.3,-425.0,-0.3092500000002474,0.0,-0.18199999999999994,384.21600000000035,3.1,-1725.0,-9.24474999999984,0.039999999999999994,-0.31800000000000006,-0.29000000000000004,1749.107,0.8702500000000128,1.1849428607883559,0.08124999999999982,0.11250000000000024,6.85,2.8242993231360365,-750.0,650.0000000000005,-7.010874999999942,4.467749999999798,-0.435,0.7241316639028199,-0.21350000000000002,0.11563592290748771,33.88749999999982,1467.0476170923469,6.522308291332258e-05,0
2021-01-01,6.009999999999991,1.7909999999999968,0.025000000000000355,5.6,-425.0,-0.3092500000002474,0.0,-0.0990000000000002,588.0260000000017,9.4,-1725.0,-9.24474999999984,0.0,-0.29000000000000004,-0.18199999999999994,384.21600000000035,1.025500000000008,1.2745965374710873,0.02499999999999991,5.268356063861762e-09,7.4750000000000005,1.8136059844041852,-425.0,0.0,-4.777000000000044,5.158913330343667,-0.365,0.7569015788066503,-0.22225000000000006,0.10094346602595484,232.28400000000056,1477.495157299001,7.148357178501062e-05,0
2021-04-01,13.939999999999998,3.5494999999999663,-0.025000000000000355,5.0,1050.0,-0.3092499999993379,-0.01999999999999999,0.3250000000000002,712.0679999999993,8.6,-1725.0,-9.24474999999984,0.0,-0.18199999999999994,-0.0990000000000002,588.0260000000017,2.1313749999999914,0.9564564265209865,0.012499999999999734,0.025000000000000612,6.375,1.575595125658875,-56.25,737.5000000000003,-2.543124999999918,4.46774999999995,0.005000000000000001,0.025166114784229258,-0.0615,0.26927123871665126,858.3542500000003,609.022323464077,0.00010519376586694447,0
2021-07-01,11.45999999999998,5.014499999999998,-0.02499999999999858,5.1,1050.0,-0.3092500000002474,0.03,-0.19200000000000017,553.130000000001,6.3,-425.0,-0.3092500000002474,-0.01999999999999999,-0.0990000000000002,0.3250000000000002,712.0679999999993,2.953000000000003,1.6526599267040003,0.0,0.028867513459481155,5.499999999999999,0.5944184833375729,312.5,851.5916470546983,-0.30925000000002,1.192092895508777e-07,0.0025000000000000022,0.02061552812808031,-0.03700000000000003,0.24490678498835658,559.3600000000006,135.22291035668886,7.91232358638501e-05,0
2021-10-01,6.590000000000032,3.4875000000000114,-0.025000000000000355,3.6,1050.0,7.643000000000029,-0.020000000000000004,0.1995,855.0469999999987,5.6,-425.0,-0.3092500000002474,0.03,0.3250000000000002,-0.19200000000000017,553.130000000001,3.460624999999993,1.3179271840659492,-0.012499999999999734,0.025000000000000615,4.825,0.8578072821638555,681.25,737.5000000000003,1.6788125000000491,3.976124999999988,-0.0024999999999999988,0.023629078131256125,0.058374999999999955,0.2438986726081136,677.0677500000002,136.8583574950741,3.0999405999406274e-05,0
2022-01-01,8.909999999999968,4.091499999999996,-0.025000000000000355,3.3,1050.0,7.643000000000029,0.0,0.3775000000000004,438.45300000000134,5.0,-425.0,-0.3092499999993379,-0.020000000000000004,-0.19200000000000017,0.1995,855.0469999999987,4.035749999999993,0.7066533214148751,-0.02499999999999991,5.2614917533715314e-09,4.25,0.9327379053088857,1050.0,0.0,3.6668750000001182,4.5912336781631,-0.0024999999999999988,0.023629078131256125,0.1775000000000001,0.2574040274225194,639.6745000000001,182.2143199101891,5.233243577614389e-05,0
2022-04-01,16.53000000000003,7.714999999999975,-0.09999999999999964,2.5,1325.0,7.643000000000029,0.25,1.5374999999999996,590.2999999999993,5.1,-425.0,-0.3092500000002474,0.0,0.1995,0.3775000000000004,438.45300000000134,5.077124999999995,1.8673216726548791,-0.043749999999999734,0.03750000000000032,3.6249999999999996,1.0874281585465808,1118.75,137.50000000000196,5.65493749999996,3.97612500000014,0.065,0.12503332889007224,0.48062499999999997,0.7436565487508325,609.2325000000001,176.1593370531334,0.00011396741713898565,0
2022-07-01,-1.490000000000009,5.54400000000004,-0.09999999999999964,3.0,1325.0,7.643000000000029,1.3499999999999999,0.4299999999999997,466.2199999999975,3.6,1050.0,7.643000000000029,0.25,0.3775000000000004,1.5374999999999996,590.2999999999993,5.209500000000006,1.8801266358058506,-0.0625,0.04330127018922184,3.0999999999999996,0.4690415759823517,1187.5,158.77132402714878,7.643000000000029,0.0,0.39499999999999996,0.648408307575815,0.6361249999999999,0.6089588621847396,587.5049999999992,190.18682369186274,-5.513284733188071e-05,0
2022-10-01,-4.350000000000023,-0.2605000000000359,-0.10000000000000142,2.7,1325.0,14.017749999999978,1.4000000000000001,1.4875000000000007,462.2659999999996,3.3,1050.0,7.643000000000029,1.3499999999999999,1.5374999999999996,0.4299999999999997,466.2199999999975,4.272499999999994,3.368895392657177,-0.08125000000000027,0.03750000000000032,2.875,0.35000000000001175,1256.25,137.50000000000196,9.236687500000016,3.1873749999999763,0.75,0.7291547618075781,0.9581250000000001,0.6408210066001266,489.30974999999944,68.4347391918009,-7.987775687891057e-05,0
2023-01-01,1.160000000000025,-0.527499999999975,-0.09999999999999964,2.7,1325.0,14.017749999999978,1.25,-0.6275000000000004,430.08200000000215,2.5,1050.0,7.643000000000029,1.4000000000000001,0.4299999999999997,1.4875000000000007,462.2659999999996,3.117750000000001,4.152180842641612,-0.10000000000000009,5.268356063861763e-09,2.725,0.20615528128090316,1325.0,0.0,10.830375000000004,3.6804636285165393,1.0625,0.5452445934318522,0.7068749999999999,1.0257565805297084,487.21699999999964,70.60202906432484,-2.8331125746215453e-05,0
2023-04-01,12.240000000000009,5.1229999999999905,0.0,2.1,0.0,14.017749999999978,0.5,0.0699999999999994,289.4559999999983,3.0,1050.0,7.643000000000029,1.25,1.4875000000000007,-0.6275000000000004,430.08200000000215,2.4697500000000048,3.3130309008519796,-0.07500000000000018,0.0500000000000004,2.625,0.37749172176354845,993.75,662.5000000000003,12.424062499999991,3.1873749999999763,1.125,0.42130748865881673,0.33999999999999986,0.8820076530280225,412.0059999999994,83.28759345784894,0.00011027027027027013,0
2023-07-01,3.009999999999991,1.0010000000000332,0.0,2.6,0.0,14.017749999999978,0.29000000000000004,0.4975000000000005,513.8820000000014,2.7,1325.0,14.017749999999978,0.5,-0.6275000000000004,0.0699999999999994,289.4559999999983,1.3340000000000032,2.612471530945357,-0.050000000000000266,0.05773502691896313,2.5250000000000004,0.2872281323269159,662.5,764.9891066762546,14.017749999999978,0.0,0.8600000000000001,0.5471745608121773,0.35687500000000005,0.8849443838456745,423.9215000000004,96.05920863543882,2.7117117117117333e-05,0
2023-10-01,-1.6800000000000068,3.5634999999999764,0.0,2.8,0.0,22.652000000000044,0.20999999999999996,0.7800000000000002,329.27000000000044,2.7,1325.0,14.017749999999978,0.29000000000000004,0.0699999999999994,0.4975000000000005,513.8820000000014,2.2900000000000063,2.532950749619875,-0.02499999999999991,0.05000000000000011,2.55,0.3109126351029738,331.25,662.5000000000003,16.176312499999995,4.317125000000034,0.5625,0.4743680006071228,0.17999999999999994,0.6123622294034798,390.6725000000006,101.24020357381151,-1.5135135135135175e-05,0
2024-01-01,6.079999999999984,1.1245000000000118,0.0,2.9,0.0,22.652000000000044,0.0,-0.9775,327.10199999999895,2.1,1325.0,14.017749999999978,0.20999999999999996,0.4975000000000005,0.7800000000000002,329.27000000000044,2.703000000000003,1.9987768342997312,0.0,0.0,2.6,0.35590260840105536,0.0,0.0,18.33487500000001,4.984986561750565,0.25,0.20672042311618077,0.09250000000000003,0.7707328763369748,364.9274999999998,100.97130968580515,5.477477477477434e-05,0
2024-04-01,15.04000000000002,4.426499999999976,0.0,2.6,0.0,22.652000000000044,0.0,0.34999999999999964,392.64500000000044,2.6,1325.0,14.017749999999978,0.0,0.7800000000000002,-0.9775,327.10199999999895,2.5288749999999993,1.729942261801409,0.0,0.0,2.725,0.1500000000000281,0.0,0.0,20.493437500000027,4.317125000000034,0.125,0.1479864858694859,0.1625000000000001,0.780659443462171,390.7247500000003,87.5517679295132,0.000135495495495496,0
2024-07-01,2.349999999999966,2.0575000000000045,0.0,3.5,0.0,22.651999999999134,0.0,-0.14499999999999957,358.2000000000007,2.8,0.0,22.652000000000044,0.0,-0.9775,0.34999999999999964,392.64500000000044,2.792999999999992,1.4817607769137184,0.0,0.0,2.9499999999999997,0.38729833462075286,0.0,0.0,22.651999999999816,1.0882269491949645e-07,0.05249999999999999,0.10499999999999804,0.001875000000000071,0.7544130582777578,351.80425000000014,30.696721088468372,2.1171171171170504e-05,0
2024-10-01,-1.9799999999999613,0.6184999999999832,0.0,3.1,0.0,0.0,-0.5,-0.4195000000000002,348.9500000000007,2.9,0.0,22.652000000000044,0.0,0.34999999999999964,-0.14499999999999957,358.2000000000007,2.056749999999994,1.6885268480739766,0.0,0.0,3.0250000000000004,0.377491721763549,0.0,0.0,16.988999999999805,11.32599999999987,-0.125,0.2499999999999994,-0.29800000000000004,0.5537133735065459,356.7242500000002,27.2665532398802,-1.783783783783745e-05,0
