Date,ZHVI,Poverty_Rate_lag15,Unemployment_Rate_lag2,Interest_Rate,real_mortgage_rate,hot_market,rising_rates
2001-04-01,197649.402,17.5,6.0,4.8,4.329452560023147,0,0
2001-05-01,199734.9308,17.5,6.1,4.21,3.956594202898554,1,0
2001-06-01,201958.6422,17.5,6.1,3.97,4.309438525770226,1,0
2001-07-01,204256.3119,17.5,6.2,3.77,4.610337528604139,1,0
2001-08-01,206618.2835,17.5,6.3,3.65,4.0054602630074205,1,0
2001-09-01,208946.9481,17.5,6.4,3.07,3.446071428571419,1,0
2001-10-01,211164.9599,17.5,6.6,2.49,3.7342570653725495,1,0
2001-11-01,213353.9444,17.5,6.8,2.09,4.262107244723349,1,0
2001-12-01,215516.9554,17.5,7.0,1.82,4.7016742596811,1,0
2002-01-01,217459.5527,17.5,7.1,1.73,4.666630187606589,1,0
2002-02-01,219232.9986,17.5,7.1,1.74,4.4002881619937915,1,0
2002-03-01,221071.5565,17.5,7.2,1.73,4.36162979683973,1,0
2002-04-01,223308.3493,18.1,7.2,1.75,4.085225225225212,1,0
2002-05-01,225950.542,18.1,7.1,1.75,3.659932584269664,1,0
2002-06-01,228891.8561,18.1,7.1,1.75,3.6824748040313438,1,0
2002-07-01,232110.2971,18.1,7.0,1.73,3.6948214285714194,1,0
2002-08-01,235507.6467,18.1,7.0,1.74,3.5407636767564687,1,0
2002-09-01,238817.3881,18.1,6.9,1.75,3.3838211719181883,1,1
2002-10-01,241876.6148,18.1,6.8,1.75,3.115829633740276,1,0
2002-11-01,244597.6219,18.1,6.8,1.34,2.781091922005567,1,0
2002-12-01,247188.8274,18.1,6.8,1.24,2.6538977746870698,1,0
2003-01-01,249443.0736,18.1,6.9,1.24,2.415999999999986,1,0
2003-02-01,251846.7985,18.1,7.0,1.26,2.1950835866261285,1,0
2003-03-01,254389.5635,18.1,7.0,1.25,1.951706981858159,1,0
2003-04-01,257321.7312,17.5,7.1,1.26,2.529326265389866,1,0
2003-05-01,260374.9591,17.5,7.2,1.26,2.706222222222232,1,0
2003-06-01,263616.1065,17.5,7.3,1.22,2.212055464926598,1,0
2003-07-01,267014.2389,17.5,7.3,1.01,2.375171009771986,1,0
2003-08-01,270414.6742,17.5,7.4,1.03,3.2910270270270354,1,0
2003-09-01,273853.4797,17.5,7.4,1.01,3.4564343379978544,1,0
2003-10-01,277296.3296,17.5,7.4,1.01,3.25803448275863,1,0
2003-11-01,280583.8043,17.5,7.3,1.0,3.2356283710895424,1,0
2003-12-01,283639.3743,17.5,7.3,0.98,3.3470788270110265,1,0
2004-01-01,286402.0668,17.5,7.3,1.0,3.3507179280730126,1,0
2004-02-01,289510.4273,17.5,7.3,1.01,3.395597174086916,1,0
2004-03-01,293028.796,17.5,7.4,1.0,3.3263559322033958,1,0
2004-04-01,297369.7285,17.5,7.6,1.0,3.339933774834434,1,0
2004-05-01,302469.561,17.5,7.8,1.0,3.4083147853736024,1,0
2004-06-01,308384.999,17.5,7.9,1.03,3.489928081287939,1,1
2004-07-01,315222.5496,17.5,8.1,1.26,3.322035751840163,1,1
2004-08-01,322267.6722,17.5,8.2,1.43,3.0066076115485583,1,1
2004-09-01,329347.7588,17.5,8.3,1.61,2.766578616352196,1,1
2004-10-01,335353.0355,17.5,8.4,1.76,2.443381427072403,1,1
2004-11-01,340532.8113,17.5,8.4,1.93,2.1585714285714417,1,1
2004-12-01,345426.9585,17.5,8.4,2.16,1.9997040146943128,1,1
2005-01-01,350658.7808,17.5,8.3,2.28,1.7771211326691088,1,1
2005-02-01,355935.373,17.5,8.2,2.5,1.6900814863102838,1,1
2005-03-01,361417.1738,17.5,8.1,2.63,1.9860912863070679,1,1
2005-04-01,367803.7324,19.9,7.9,2.79,1.9004897906435794,1,1
2005-05-01,375339.1994,19.9,7.7,3.0,1.7529726944873616,1,1
2005-06-01,383138.0612,19.9,7.5,3.04,1.7052349165596965,1,1
2005-07-01,390634.6477,19.9,7.2,3.26,1.9078966223132046,1,1
2005-08-01,397355.1817,19.9,7.0,3.5,1.6097422811941904,1,1
2005-09-01,403723.7529,19.9,6.7,3.62,1.142956743002542,1,1
2005-10-01,409437.9529,19.9,6.6,3.78,1.9501917703835492,1,1
2005-11-01,414189.5885,19.9,6.4,4.0,2.7295943204868145,1,1
2005-12-01,418401.3373,19.9,6.3,4.16,2.604827516439057,1,1
2006-01-01,421962.8742,19.9,6.3,4.29,2.4113975782038324,1,1
2006-02-01,425445.939,19.9,6.2,4.49,2.8907338183642723,1,1
2006-03-01,428958.7791,19.9,6.2,4.59,3.3299880239521054,1,1
2006-04-01,432150.4943,18.9,6.2,4.79,3.2006874689209273,1,1
2006-05-01,434766.9483,18.9,6.3,4.94,2.980056987115975,0,1
2006-06-01,436218.3492,18.9,6.3,4.99,2.7521927829955564,0,1
2006-07-01,436993.9705,18.9,6.4,5.24,2.521868836291925,0,1
2006-08-01,436981.835,18.9,6.4,5.25,3.047016650342796,0,1
2006-09-01,435540.019,18.9,6.4,5.25,3.6787645914396983,0,1
2006-10-01,433050.2928,18.9,6.4,5.25,3.5763338619175418,0,1
2006-11-01,430698.6996,18.9,6.4,5.25,3.4010376896720587,0,1
2006-12-01,429023.2547,18.9,6.4,5.24,3.3779860941693034,0,1
2007-01-01,427663.3343,18.9,6.3,5.25,3.5419163424124456,0,1
2007-02-01,426337.1538,18.9,6.2,5.26,2.9947087378640864,0,1
2007-03-01,425111.6701,18.9,6.1,5.26,2.253383720930219,0,1
2007-04-01,424365.1654,19.6,6.1,5.25,2.5573766546329733,0,0
2007-05-01,423326.9745,19.6,6.0,5.25,2.9157541846006714,0,0
2007-06-01,421307.2456,19.6,5.9,5.25,3.6146938168846576,0,1
2007-07-01,418495.149,19.6,5.9,5.26,3.9523320719016146,0,1
2007-08-01,415325.85,19.6,5.9,5.02,3.48279034548038,0,0
2007-09-01,412504.4743,19.6,5.9,4.94,2.946420454545449,0,0
2007-10-01,409290.3318,19.6,5.9,4.76,2.6987597911227095,0,0
2007-11-01,405767.7217,19.6,5.9,4.49,2.2903417420276106,0,0
2007-12-01,401683.3338,19.6,5.9,4.24,1.8886946968312106,0,0
2008-01-01,397719.1373,19.6,5.9,3.94,1.2644163599414595,0,0
2008-02-01,393500.1881,19.6,6.0,2.98,1.78525888484711,0,0
2008-03-01,388716.952,19.6,6.0,2.61,2.1934501410552443,0,0
2008-04-01,383395.1045,16.4,6.1,2.28,2.0789392686597656,0,0
2008-05-01,377381.4165,16.4,6.2,1.98,2.1358995821320974,0,0
2008-06-01,371497.4404,16.4,6.3,2.0,1.670050196748182,0,0
2008-07-01,365518.7663,16.4,6.4,2.01,1.0300018784703333,0,0
2008-08-01,359862.0157,16.4,6.6,2.0,1.3968742755161774,0,0
2008-09-01,354111.1163,16.4,6.8,1.81,1.2704291347953962,0,0
2008-10-01,348798.4711,16.4,7.0,0.97,2.6165682207386745,0,0
2008-11-01,344137.8849,16.4,7.2,0.39,3.688390391195017,0,0
2008-12-01,340176.799,16.4,7.5,0.16,3.8094143963109373,0,0
2009-01-01,336087.9109,16.4,7.9,0.15,4.4840035110863266,0,0
2009-02-01,332055.311,16.4,8.2,0.22,4.832352073042233,0,0
2009-03-01,328194.4587,16.4,8.7,0.18,4.968350984480165,0,0
2009-04-01,324923.1032,17.2,9.0,0.15,5.003701784248424,0,0
2009-05-01,322681.4509,17.2,9.4,0.18,5.277052388375466,0,0
2009-06-01,321127.1121,17.2,9.7,0.21,6.252739726933706,0,1
2009-07-01,319827.1323,17.2,9.9,0.16,6.4599978857058,0,1
2009-08-01,318318.9425,17.2,10.1,0.16,6.180728201201868,0,0
2009-09-01,316574.9142,17.2,10.3,0.15,5.795907225030691,0,0
2009-10-01,315311.0723,17.2,10.5,0.12,4.670415701529484,0,0
2009-11-01,314893.3633,17.2,10.6,0.12,3.5492347999946423,0,0
2009-12-01,315539.9238,17.2,10.6,0.12,3.00498445214291,0,0
2010-01-01,316887.8307,17.2,10.6,0.11,2.5010363792093084,0,0
2010-02-01,317886.0594,17.2,10.6,0.13,2.4115902443414496,0,0
2010-03-01,319016.7695,17.2,10.5,0.16,2.3398217895162476,0,1
2010-04-01,320227.8258,18.4,10.3,0.2,2.656340971688407,0,1
2010-05-01,321763.9403,18.4,10.2,0.2,2.6310672658475864,0,1
2010-06-01,322434.8312,18.4,10.0,0.18,3.0933944730211325,0,1
2010-07-01,322084.358,18.4,9.8,0.18,3.5254479573963646,0,1
2010-08-01,320918.043,18.4,9.7,0.19,3.152528405016935,0,1
2010-09-01,319669.9032,18.4,9.7,0.19,2.8357504632869848,0,1
2010-10-01,318477.2927,18.4,9.7,0.19,2.5876249134917693,0,0
2010-11-01,317165.7462,18.4,9.8,0.19,2.535135719740607,0,0
2010-12-01,316106.9567,18.4,9.9,0.18,2.6592522506845118,0,0
2011-01-01,315525.0564,18.4,9.9,0.17,2.4115247977488448,0,0
2011-02-01,315864.6676,18.4,9.9,0.16,2.3134405158799787,0,0
2011-03-01,316179.838,18.4,10.0,0.14,1.902701680672263,0,0
2011-04-01,316345.4942,19.2,10.0,0.1,1.4661802462437867,0,0
2011-05-01,315796.5859,19.2,10.1,0.09,0.8234439788652184,0,0
2011-06-01,315372.0061,19.2,10.3,0.09,0.4669859537041212,0,0
2011-07-01,314542.3048,19.2,10.4,0.07,0.27283147720107515,0,0
2011-08-01,313643.9299,19.2,10.5,0.1,0.37669129756623754,0,0
2011-09-01,312370.5162,19.2,10.5,0.08,0.587969715366067,0,0
2011-10-01,311336.1321,19.2,10.4,0.07,0.6505555814573665,0,0
2011-11-01,311060.4104,19.2,10.3,0.08,0.6766769653538964,0,0
2011-12-01,311049.9643,19.2,10.1,0.07,0.9646975896879182,0,0
2012-01-01,311217.7884,19.2,9.9,0.08,1.2411159084074512,0,1
2012-02-01,311676.6584,19.2,9.8,0.1,1.0527431873354653,0,0
2012-03-01,312705.9146,19.2,9.6,0.13,0.955045998418234,0,1
2012-04-01,314451.2365,18.7,9.5,0.14,1.3385230567371265,0,1
2012-05-01,316114.6831,18.7,9.3,0.16,1.6500990275881797,0,1
2012-06-01,318086.7545,18.7,9.2,0.16,1.855801154058872,0,1
2012-07-01,319819.9353,18.7,9.1,0.16,2.0583399456738505,0,1
2012-08-01,321794.5603,18.7,9.0,0.13,1.599970292462399,0,1
2012-09-01,324046.7744,18.7,8.8,0.14,0.9862422766781864,0,1
2012-10-01,326561.4784,18.7,8.7,0.16,1.071952715453973,0,1
2012-11-01,329115.6744,18.7,8.6,0.16,1.2426266400755726,0,0
2012-12-01,331135.0109,18.7,8.6,0.16,1.3534624105924675,0,0
2013-01-01,333049.3785,18.7,8.6,0.14,1.5398943739173219,0,0
2013-02-01,335073.9136,18.7,8.7,0.15,1.9280663519862746,0,1
2013-03-01,337081.3626,18.7,8.7,0.14,2.226630235102282,0,0
2013-04-01,339152.4338,18.2,8.7,0.15,2.1462075983997764,0,0
2013-05-01,341273.5877,18.2,8.7,0.11,2.2767505176410405,0,0
2013-06-01,343829.1332,18.2,8.6,0.09,2.523706189718915,0,0
2013-07-01,346219.2072,18.2,8.5,0.09,2.5358283142497813,0,0
2013-08-01,348527.5621,18.2,8.5,0.08,2.9035726878042416,0,0
2013-09-01,350813.3873,18.2,8.5,0.08,3.2158908139915017,0,0
2013-10-01,353336.1204,18.2,8.4,0.09,2.719829414308532,0,0
2013-11-01,355732.5599,18.2,8.3,0.08,2.5835293113869806,0,0
2013-12-01,357797.7774,18.2,8.2,0.09,2.757998076733422,0,0
2014-01-01,359406.2607,18.2,8.1,0.07,2.7044983879116113,0,0
2014-02-01,360912.1484,18.2,8.0,0.07,2.600894518866972,0,0
2014-03-01,362407.3791,18.2,7.9,0.08,2.6665792416397505,0,0
2014-04-01,364123.6571,18.9,7.9,0.09,2.492603304438507,0,0
2014-05-01,365462.0554,18.9,7.8,0.09,2.1781425097454443,0,1
2014-06-01,366351.4051,18.9,7.8,0.1,2.31331852516998,0,1
2014-07-01,366652.8046,18.9,7.8,0.09,2.445040336666959,0,1
2014-08-01,366742.3365,18.9,7.8,0.09,2.7093775100401656,0,1
2014-09-01,367215.2064,18.9,7.7,0.09,3.0343437043552663,0,1
2014-10-01,367840.5386,18.9,7.7,0.09,2.92430988361994,0,0
2014-11-01,368659.5225,18.9,7.6,0.09,2.902314287563081,0,0
2014-12-01,369115.6564,18.9,7.6,0.12,3.428394283786206,0,1
2015-01-01,369637.3507,18.9,7.5,0.11,3.892869116881119,0,1
2015-02-01,370345.901,18.9,7.4,0.11,3.741773483218367,0,1
2015-03-01,371221.0943,18.9,7.4,0.11,3.6121417438930092,0,1
2015-04-01,371706.0018,17.7,7.3,0.12,3.3168241519576562,0,1
2015-05-01,371875.7278,17.7,7.2,0.12,3.2881778288872185,0,1
2015-06-01,371937.2921,17.7,7.2,0.13,3.573528997401998,0,1
2015-07-01,372421.9198,17.7,7.0,0.13,3.7799469331991027,0,1
2015-08-01,373162.3381,17.7,6.9,0.14,3.4243229000319366,0,1
2015-09-01,374228.5809,17.7,6.8,0.14,3.194962614808834,0,1
2015-10-01,375544.3002,17.7,6.8,0.12,3.1773498040374997,0,0
2015-11-01,376917.1222,17.7,6.7,0.12,3.400439289200392,0,0
2015-12-01,378175.4529,17.7,6.6,0.24,2.9511232893246633,0,1
2016-01-01,379542.308,17.7,6.6,0.34,2.383387114722401,0,1
2016-02-01,380640.1057,17.7,6.5,0.38,2.3699486634802627,0,1
2016-03-01,381141.6667,17.7,6.4,0.36,2.600734404064256,0,1
2016-04-01,381083.2877,17.3,6.3,0.37,2.4575537554054256,0,1
2016-05-01,380971.7109,17.3,6.2,0.37,2.398768986399277,0,1
2016-06-01,381182.7186,17.3,6.1,0.38,2.3075016477167654,0,1
2016-07-01,381363.3422,17.3,6.1,0.39,2.120037610760496,0,1
2016-08-01,381448.2139,17.3,6.1,0.4,2.55095492760763,0,1
2016-09-01,381719.5979,17.3,6.2,0.4,3.0094817256791453,0,1
2016-10-01,382767.7159,17.3,6.2,0.4,2.7157857110241372,0,1
2016-11-01,384477.0333,17.3,6.3,0.41,2.710822116207161,0,1
2016-12-01,386548.6693,17.3,6.3,0.54,2.9333973242202314,0,1
2017-01-01,388436.9977,17.3,6.3,0.65,2.6795466234993315,0,1
2017-02-01,390336.3192,17.3,6.3,0.66,2.8954678268209175,0,1
2017-03-01,392001.9334,17.3,6.3,0.79,3.1208886110209777,0,1
2017-04-01,393462.7423,18.6,6.2,0.9,3.3812465718879094,0,1
2017-05-01,394193.2368,18.6,6.2,0.91,3.754163233274463,0,1
2017-06-01,394482.6655,18.6,6.2,1.04,3.5377068279796955,0,1
2017-07-01,394455.2152,18.6,6.2,1.15,3.490513704016838,0,1
2017-08-01,394742.5457,18.6,6.1,1.16,2.793784072246358,0,1
2017-09-01,395624.1547,18.6,6.1,1.15,2.107651146095088,0,1
2017-10-01,397023.0394,18.6,6.1,1.15,2.2820014305362473,0,1
2017-11-01,398572.8671,18.6,6.0,1.16,2.3931936343699802,0,1
2017-12-01,400273.7263,18.6,6.0,1.3,2.0606583491319297,0,1
2018-01-01,401989.6106,18.6,5.9,1.41,1.7833398986227662,0,1
2018-02-01,403565.5454,18.6,5.9,1.42,2.3071733375169208,0,1
2018-03-01,405153.7041,18.6,5.9,1.51,2.6466738700647827,0,1
2018-04-01,406342.4173,16.6,5.8,1.69,2.3421890516834614,0,1
2018-05-01,407551.0947,16.6,5.8,1.7,2.132790240389525,0,1
2018-06-01,408109.4326,16.6,5.8,1.82,2.071859027043958,0,1
2018-07-01,409138.9206,16.6,5.7,1.91,1.984430627196514,0,1
2018-08-01,410082.8462,16.6,5.6,1.91,2.263379593013494,0,1
2018-09-01,411276.6794,16.6,5.5,1.95,2.595042743662151,0,1
2018-10-01,412197.4046,16.6,5.5,2.19,3.1840435301965444,0,1
2018-11-01,413131.4751,16.6,5.5,2.2,3.60646038344606,0,1
2018-12-01,414045.3448,16.6,5.6,2.27,3.6081441532472116,0,1
2019-01-01,414971.8353,16.6,5.7,2.4,3.66275182058191,0,1
2019-02-01,416331.117,16.6,5.8,2.4,3.155956616594106,0,1
2019-03-01,418216.8862,16.6,5.9,2.41,2.6378550221900863,0,1
2019-04-01,420273.776,16.2,5.9,2.42,2.5273093891099174,0,1
2019-05-01,421611.1555,16.2,5.8,2.39,2.468684112006727,0,1
2019-06-01,422351.7296,16.2,5.7,2.38,2.3990642457034,0,1
2019-07-01,422736.8341,16.2,5.6,2.4,2.5612567171470464,0,0
2019-08-01,423334.4191,16.2,5.4,2.13,2.549860499131554,0,0
2019-09-01,423945.0366,16.2,5.4,2.04,2.675920260324802,0,0
2019-10-01,424931.8218,16.2,5.3,1.83,2.4765748298281687,0,0
2019-11-01,426383.9969,16.2,5.2,1.55,2.1991360294117706,0,0
2019-12-01,428404.894,16.2,5.2,1.55,2.1849156324509447,0,0
2020-01-01,430919.5727,16.2,5.2,1.55,2.049872270342807,0,0
2020-02-01,433649.8075,16.2,5.4,1.58,2.466635138189137,0,0
2020-03-01,436430.5874,16.2,5.5,0.65,3.023142811732529,0,0
2020-04-01,438740.4351,15.5,5.7,0.05,3.1373920154500823,0,0
2020-05-01,439883.5358,15.5,5.8,0.05,3.32048083972823,0,0
2020-06-01,440122.6549,15.5,11.2,0.08,2.80797753216213,0,0
2020-07-01,440610.2295,15.5,8.8,0.09,2.2176442282309674,0,0
2020-08-01,442754.5165,15.5,8.6,0.1,1.916476247008482,0,0
2020-09-01,446934.5789,15.5,8.6,0.09,1.6515819209039404,0,0
2020-10-01,452299.9788,15.5,8.4,0.09,1.5217174728476803,0,1
2020-11-01,458210.922,15.5,8.4,0.09,1.3787209179476894,0,1
2020-12-01,463821.8679,15.5,8.1,0.09,1.2208579702291082,1,1
2021-01-01,468895.496,15.5,7.9,0.09,1.1954009263116752,1,0
2021-02-01,474112.3945,15.5,7.7,0.08,0.729589032338128,1,0
2021-03-01,479892.5812,15.5,7.3,0.07,0.45914148312827896,1,0
2021-04-01,486381.9385,13.5,7.1,0.07,-0.15039768940234444,1,0
2021-05-01,492964.0081,13.5,7.0,0.06,-0.8341680841295509,1,0
2021-06-01,498709.6571,13.5,7.1,0.08,-1.1338514502270134,1,0
2021-07-01,502221.3841,13.5,7.1,0.1,-1.5512197899636022,1,1
2021-08-01,503447.5223,13.5,7.3,0.09,-1.6264642307512935,1,1
2021-09-01,502877.4031,13.5,7.1,0.08,-1.6184308823310594,0,1
2021-10-01,502748.9873,13.5,7.0,0.08,-2.083312669306104,0,1
2021-11-01,503545.5431,13.5,6.6,0.08,-2.715901563081503,0,1
2021-12-01,505693.3879,13.5,6.5,0.08,-2.7775459122646016,0,0
2022-01-01,509623.5527,13.5,6.3,0.08,-2.522065259578241,0,0
2022-02-01,515576.3775,13.5,6.1,0.08,-2.8730119528737514,0,0
2022-03-01,523506.9181,13.5,6.0,0.2,-3.127511285235383,0,1
2022-04-01,531336.8681,16.5,5.6,0.33,-2.427076243822613,1,1
2022-05-01,537820.2237,16.5,5.2,0.77,-2.288254526469969,1,1
2022-06-01,541463.343,16.5,4.9,1.21,-1.9700574279942362,1,1
2022-07-01,541420.8361,16.5,4.7,1.68,-2.053667918910505,1,1
2022-08-01,538237.8309,16.5,4.4,2.33,-1.7722788697788614,0,1
2022-09-01,533680.0303,16.5,4.2,2.56,-0.41446716476881207,0,1
2022-10-01,530563.7496,16.5,4.0,3.08,0.8522942532640574,0,1
2022-11-01,528874.8778,16.5,4.2,3.78,1.230485505206885,0,1
2022-12-01,528214.7204,16.5,4.4,4.1,1.4042684798867802,0,1
2023-01-01,527444.8263,16.5,4.6,4.33,1.922323146526769,0,1
2023-02-01,527180.8241,16.5,4.8,4.57,2.254425229528163,0,1
2023-03-01,527312.913,16.5,4.9,4.65,2.881436308075563,0,1
2023-04-01,528835.5017,13.3,5.0,4.83,2.9867816235440365,0,1
2023-05-01,531386.0727,13.3,5.0,5.06,3.371644681159588,0,1
2023-06-01,535015.8566,13.3,4.9,5.08,4.301410477186776,0,1
2023-07-01,538369.9319,13.3,4.8,5.12,5.060959734877655,0,1
