Date,ZHVI_pct_change,Unemployment_Rate,Median_Household_Income,CPI,GDP_Growth,Poverty_Rate_lag5,CPI_pct_change,Unemployment_Rate_pct_change,Median_Household_Income_pct_change,Population_pct_change,Poverty_Rate_pct_change,Income_yoy_pct,Interest_Rate_diff1,Mortgage_Rate_diff1,real_mortgage_rate,Income_CPI_interaction,hot_market,rising_rates,accelerating_prices,accelerating_inflation,recession_period,pandemic_period,rising_rate_environment,falling_rate_environment,zero_rate_environment,housing_boom,housing_bust,housing_recovery,housing_stable_growth,post_pandemic_adjustment,early_expansion,late_expansion,interest_x_mortgage,unemployment_x_gdp,pandemic_x_unemployment,pandemic_x_interest,pandemic_x_mortgage,recession_x_unemployment,recession_x_interest,hot_market_x_mortgage,hot_market_x_inflation,prev_qtr_change,ma2q_price_change,ma4q_price_change,price_acceleration,price_volatility,trend_strength,interest_rate_momentum,interest_rate_acceleration,unemployment_momentum,inflation_momentum,zhvi_approx,price_to_income,affordability_change,real_mortgage_rate_change,mortgage_payment_pct_income,population_momentum,socioeconomic_change,employment_rate,GDP_Growth_std,employment_rate_std,Median_Household_Income_pct_change_std,economic_health_index,affordability_pressure,price_volatility_std,ma2q_price_change_std,population_momentum_std,affordability_pressure_std,housing_pressure_index
2002-07-01,4.170840275328436,6.833333333333333,42687.24255178015,185.0,1.0931342484913025,18.1,0.8632439800090985,-2.8436018957346154,4.441500655493114,0.0,0.0,9.46837664597815,-0.01,-0.5245000000000006,6.261674303434231,3.8340987030608953,1,1,1,0,0,0,0,1,0,1,0,0,0,0,1,0,0.005245000000000007,7.4697506980239,0.0,-0.0,-0.0,0.0,-0.0,-0.5245000000000006,0.8632439800090985,3.0993846210591425,2.9346340939719555,3.1368542025621395,0.32950105417437436,0.2768581009580148,1.3732692241848368,-0.19166666666666665,0.4166666666666665,-0.13333333333333286,0.732904258362632,353604.8780249739,8.283619575474964,-0.0025915022138325305,-0.5331324398000916,-347.58067738692995,-0.05857226407474935,4.075199218447591,-6.833333333333333,-0.25060592584557045,0.25994696853352167,1.7296211705268998,0.579654071071617,-0.0025915022138325305,-0.928096837105505,0.7952490639826528,-0.6188111093297348,-0.08713769606826868,-0.2096991446302139
2002-10-01,3.854242698587784,6.9,44303.2107156497,185.61666666666667,0.8352610933280993,18.1,0.333333333333341,0.9756097560975618,3.7855997887644266,0.0,0.0,14.235279824831082,-0.2966666666666666,-0.213166666666666,6.043744925386969,1.261866596254838,1,0,0,0,0,0,0,1,0,1,0,0,0,0,1,0,0.06323944444444422,5.763301543963886,0.0,-0.0,-0.0,0.0,-0.0,-0.213166666666666,0.333333333333341,4.170840275328436,3.635112448193789,3.325355189357371,1.0714556542692932,0.5995992951225837,1.228696792933408,0.0033333333333333,-0.026666666666666602,-0.20000000000000107,-0.49993185125183337,367233.6682181017,8.289098290756156,0.0006613914643560648,-0.21649999999999942,-141.35675618502788,-0.05857226407474935,4.781276682685895,-6.9,-0.30617256834697026,0.2173012907464551,1.3851374142004587,0.4320887121999812,0.0006613914643560648,-0.3163890705641371,1.1100190253166644,-0.6188111093297348,0.02895824542878839,0.050944272712895214
2003-01-01,3.000883181574343,7.1000000000000005,45186.03482871177,187.55000000000004,2.4816332311052536,18.1,1.0415731345964074,2.898550724637694,1.9926865317466012,-0.8123414486058023,0.0,14.62076135164947,-0.1933333333333333,-0.2415000000000011,5.798025835866261,2.075528757139351,1,0,0,1,0,0,0,1,0,1,0,0,0,0,1,0,0.046690000000000204,17.6195959408473,0.0,-0.0,-0.0,0.0,-0.0,-0.2415000000000011,1.0415731345964074,3.854242698587784,4.01254148695811,3.4735877904650327,-0.3165975767406519,0.6496888570703795,0.9024248571035407,-0.1533333333333333,-0.28666666666666657,0.06666666666666732,-0.5299106466757575,378253.92160473723,8.371035941493808,0.00988498964103579,-0.2519157313459652,-161.7284143896611,-0.05857226407474935,9.083214901911967,-7.1000000000000005,0.04858856197010505,0.08936425738525659,0.44348673972367614,0.19381318635967926,0.00988498964103579,-0.2214517814293082,1.2796221589783148,-0.6188111093297348,0.3581489353957809,0.19937705090376318
2003-07-01,3.835799966766906,7.366666666666667,44579.54079333356,190.5,6.6484025309919055,17.5,0.8114305874051819,0.454545454545463,-1.2952634078081893,0.0,0.0,4.432936232079232,-0.2300000000000002,0.5058333333333342,5.984936936936937,-1.0510163478422367,1,0,1,1,0,0,0,0,0,1,0,0,0,0,1,0,-0.11634166666666698,48.97656531164037,0.0,-0.0,0.0,0.0,-0.0,0.5058333333333342,0.8114305874051819,3.3920945830221427,3.196488882298243,3.6045151846281764,0.39121140144779964,0.5139980696080992,1.0862172635415,-0.0983333333333332,0.1900000000000002,0.2333333333333325,-0.28621900680827483,406085.87735594955,9.10924316691651,0.051983962996371424,0.4977190274592824,368.62070682122214,-0.20308536215145057,-13.510765373672557,-7.366666666666667,0.9464461925019702,-0.0812184537630079,-1.2833677336363158,-0.13937999829911787,0.051983962996371424,-0.4786334181077261,0.9129172561542107,-0.9625875911603644,1.8606634444063774,0.33308992282312444
2003-10-01,3.7270764986827576,7.3,43841.68980292292,190.51666666666665,3.632645364144345,17.5,0.0087489063866907,-0.9049773755656187,-1.6551336718142684,0.0,0.0,-1.0417324281279503,-0.0199999999999997,-0.0945,5.893768175151896,-0.0144806095521628,1,0,0,0,0,0,0,0,0,1,0,0,0,0,1,0,0.0018899999999999716,26.518311158253717,0.0,-0.0,-0.0,0.0,-0.0,-0.0945,0.0087489063866907,3.835799966766906,3.6139472748945245,3.520755107487794,0.4437053837447631,0.4071394464982107,1.034002163335934,-0.11666666666666665,-0.2266666666666671,0.0333333333333341,0.056076459617049323,421221.00865535287,9.60777311615553,0.054727921969369486,-0.09458748906386691,-72.63476475813582,-0.20308536215145057,-10.573164148619757,-7.3,0.2966092590871783,-0.03857277597594135,-1.4723741317423304,-0.4047792162103645,0.054727921969369486,-0.681167990266819,1.1005081521527988,-0.9625875911603644,1.9585954802843228,0.3538370127524846
2004-01-01,3.2586032329368964,7.6,43358.48144332345,191.75,2.320480717670294,17.5,0.6473624354824681,4.109589041095885,-1.102166366697055,-0.1315738555009327,13.7142857142857,-4.044509309825672,0.0066666666666663,-0.3226666666666666,5.57510597174087,-0.7135011034518685,1,0,0,1,0,0,0,0,0,1,0,0,0,0,0,1,-0.0021511111111109926,17.635653454294236,0.0,0.0,-0.0,0.0,0.0,-0.3226666666666666,0.6473624354824681,3.7270764986827576,3.781438232724832,3.4889635575115374,-0.10872346808414823,0.3762088600462904,0.9255410085201995,-0.12499999999999994,0.21000000000000052,-0.06666666666666732,-0.8026816810184912,434946.93006120564,10.031415206036485,0.0440936817261639,-0.3291402910214913,-258.9442645184884,-0.20308536215145057,-15.877820743563033,-7.6,0.013863333992903803,-0.23047832601773882,-1.181951807188089,-0.4661889330709747,0.0440936817261639,-0.7397923007001228,1.1757726082238373,-0.9625875911603644,1.579058902922735,0.2631129048215213
2004-07-01,6.453658291478281,8.366666666666667,43734.555517465305,195.95,3.842246871242885,17.5,0.9531169500257564,3.7190082644628086,0.8977750043628996,0.0,0.0,-1.8954553161180443,0.4233333333333331,-0.2366666666666672,5.863891076115484,0.855684573967727,1,1,1,0,0,0,1,0,0,1,0,0,0,0,0,1,-0.10018888888888906,32.146798822732144,0.0,0.0,-0.0,0.0,0.0,-0.2366666666666672,0.9531169500257564,4.5207885558619765,3.8896958943994364,3.835567063562134,1.2621853229250801,0.520956176106693,1.8161957474467603,0.00666666666666655,4.996003610813204e-16,0.4666666666666668,0.5781916714275634,483948.93454786873,11.065596273285657,0.055064477753598906,-0.24619783616692476,-209.50862277420893,-0.032893463875233175,19.492634474067103,-8.366666666666667,0.3417743015877368,-0.7209036205689999,-0.13156850860896316,-0.1702326091967421,0.055064477753598906,-0.46544536569120865,1.2244197359673938,-0.5577248292090503,1.9706071734110877,0.5429641786195556
2004-10-01,5.634328170082248,8.299999999999999,44421.11123096842,197.25,4.45954366075684,17.5,0.6634345496300043,-0.7968127490040056,1.5698243765823516,0.0,0.0,1.3216220238090992,0.5166666666666668,-0.1576666666666666,5.699490843612399,1.041475728276115,1,1,0,0,0,0,1,0,0,1,0,0,0,0,0,1,-0.0814611111111111,37.01421238428177,0.0,0.0,-0.0,0.0,0.0,-0.1576666666666666,0.6634345496300043,6.453658291478281,5.4872234236701285,4.490031644739978,1.932869735616305,1.4089348321401693,1.4689687539577483,0.21499999999999997,0.4166666666666663,0.3000000000000007,-0.27243715688427517,511216.2056959122,11.50840651054031,0.040016843766808696,-0.16430101216296664,-145.15936745294837,-0.032893463875233175,11.14774382475769,-8.299999999999999,0.4747897370194523,-0.6782579427819327,0.2213965565748086,0.0059761169374427285,0.040016843766808696,1.2175856518542885,1.9422915668210092,-0.5577248292090503,1.43355634795271,1.0089271843547394
2005-01-01,4.572401526512016,7.899999999999999,45296.47651208357,199.3,3.703069780658831,17.5,1.0392902408111526,-4.81927710843374,1.9706064455787156,-0.1088499596656356,-5.025125628140703,4.469702360986494,0.5200000000000002,0.0203333333333342,5.715792481529769,2.0480320473695124,1,1,0,1,0,0,1,0,0,1,0,0,0,0,0,1,0.010573333333333788,29.25425126720476,0.0,0.0,0.0,0.0,0.0,0.0203333333333342,1.0392902408111526,5.634328170082248,6.043993230780265,4.96684456258985,-0.8193301213960336,1.3872279111180332,1.0183450559571299,0.47,0.09333333333333371,-0.0666666666666682,-0.2896824003957521,534591.0632889289,11.802045202043873,0.025515147664850524,0.009940430925222673,19.197993528658856,-0.032893463875233175,8.880514949731989,-7.899999999999999,0.3117843492331592,-0.42238387605953576,0.4318901229040325,0.10709686535921864,0.025515147664850524,1.1764434226718248,2.19248403829387,-0.5577248292090503,0.9159900734845696,0.9317981763103036
2005-04-01,5.455903312462218,7.233333333333333,46248.25163996994,201.7333333333333,2.240804762461953,19.9,1.220939956514444,-8.43881856540083,2.101212282223464,0.0,0.0,6.696995844655351,0.4733333333333331,-0.0361666666666664,5.679673192512452,2.5654540324855315,1,1,1,1,0,0,1,0,0,1,0,0,0,0,0,1,-0.017118888888888757,16.208487781808127,0.0,0.0,-0.0,0.0,0.0,-0.0361666666666664,1.220939956514444,4.572401526512016,5.103364848297132,5.295294135983631,-1.0619266435702315,0.9272152233939167,1.0984646778673015,0.5183333333333335,0.0033333333333334103,-0.40000000000000036,0.37585569118114837,563757.8348190367,12.189819394854926,0.03285652496432556,-0.048376066231810844,-35.269210782446656,-0.0272124899164089,9.470723243128099,-7.233333333333333,-0.0033052825550942654,0.0040729018111246304,0.5004852284874975,0.167084282581176,0.03285652496432556,0.30455802695464285,1.7697992289783722,-0.54421058540051,1.178004204220712,0.6770377186883043
2005-07-01,5.80961498122341,6.566666666666666,47198.41768945148,204.2,2.769544343635219,19.9,1.2227362855254498,-9.216589861751157,2.054490744597937,0.0,0.0,7.920195211776848,0.5166666666666662,0.0440000000000004,5.720897422811943,2.5121003816960963,1,1,1,1,0,0,1,0,0,1,0,0,0,0,0,1,0.02273333333333352,18.186674523204605,0.0,0.0,0.0,0.0,0.0,0.0440000000000004,1.2227362855254498,5.455903312462218,5.014152419487117,5.5290728251336905,0.8835017859502017,0.7716887808365411,1.097127908673621,0.4966666666666667,-0.046666666666667134,-0.6666666666666652,0.18164971570329147,596509.9944485041,12.638347293193684,0.036795286608436006,0.0317726371447459,44.48698247204218,-0.0272124899164089,9.686098636523388,-6.566666666666666,0.11062779925328751,0.4305296796817861,0.4759467477520447,0.3390347422290394,0.036795286608436006,0.009780866384351985,1.7297103488612449,-0.54421058540051,1.318578808448212,0.6284648595733247
2005-10-01,4.222096412033149,6.266666666666667,48030.35048787444,204.7333333333333,3.3331525251349383,19.9,0.261181847861569,-4.5685279187817285,1.7626285777137207,0.0,0.0,8.125053959455709,0.5200000000000005,0.4593333333333333,6.18439501478665,0.4603665890208788,1,1,0,0,0,0,1,0,0,1,0,0,0,0,0,1,0.23885333333333353,20.887755824178946,0.0,0.0,0.0,0.0,0.0,0.4593333333333333,0.261181847861569,5.80961498122341,5.6327591468428135,5.368061997569973,0.35371166876119187,0.549744908663334,0.7636174356106551,0.49499999999999966,0.04333333333333306,-0.666666666666667,0.0017963290110056818,621695.2215215334,12.94379939364557,0.024168674381688016,0.4567215148547176,475.6414817184959,-0.0272124899164089,11.2899565181293,-6.266666666666667,0.23207438531781405,0.6224352297235836,0.32265868140247167,0.3923894321479564,0.024168674381688016,-0.4108806196588196,2.0076901243634113,-0.54421058540051,0.8679343732452575,0.4801333231373348
2006-01-01,2.7647274704225566,6.233333333333333,48644.65579012273,206.0,4.674884633576658,19.9,0.6186909801367602,-0.5319148936170248,1.2789940027678304,0.6250705298200154,3.70370370370372,7.391699169241073,0.476666666666667,0.0181666666666657,6.206882338183643,0.7913020531614671,1,1,0,1,0,0,1,0,0,1,0,0,0,0,0,1,0.008659444444443989,29.14011421596117,0.0,0.0,0.0,0.0,0.0,0.0181666666666657,0.6186909801367602,4.222096412033149,5.015855696628279,5.015004058057698,-1.5875185691902614,0.7417093338596503,0.5150327011264214,0.5183333333333333,0.0033333333333342985,-0.2999999999999998,-0.9615544376638807,638883.4000932437,13.133681176606633,0.014669709965860589,0.011979756865298098,19.087616643333956,-0.0272124899164089,15.559103449222622,-6.233333333333333,0.521191522598915,0.6437580686171166,0.06865039521489182,0.4111999954769745,0.014669709965860589,-0.04704070112533559,1.7304757407918208,-0.54421058540051,0.5289158481403645,0.4170350756015849
2006-04-01,2.097217107476368,6.366666666666667,49061.12008252156,209.03333333333333,0.0052692071612249,18.9,1.4724919093851208,2.1390374331550888,0.8561357576372997,0.0,0.0,6.082107631763112,0.4500000000000002,0.3551666666666664,6.5594802820004405,1.2606529764562244,0,1,0,1,0,0,1,0,0,1,0,0,0,0,0,1,0.15982499999999994,0.033547285593131866,0.0,0.0,0.0,0.0,0.0,0.0,0.0,2.7647274704225566,3.4934119412278526,4.563085544035333,-1.457368941610592,1.3785650213739233,0.4181885165390307,0.49833333333333374,-0.043333333333333446,-0.033333333333333215,0.35750913227519115,652282.172056826,13.295297191741186,0.012305462037742965,0.3404417475728152,377.76371087467265,0.15626763245500386,22.075938110748726,-6.366666666666667,-0.48501965457627877,0.5584667130429841,-0.15343773435671862,-0.026663558630004424,0.012305462037742965,1.1600242080411027,1.0463438769985876,-0.10773699377340626,0.4445357188457211,0.6357917025280013
2006-07-01,0.4895907809567168,6.400000000000001,49486.0965192027,211.3,1.81806481532316,18.9,1.0843565619518492,0.523560209424101,0.8662183740736573,0.0,0.0,4.846939668196759,0.3399999999999998,-0.0326666666666666,6.528230166503428,0.939289578010032,0,1,0,0,0,0,0,0,0,0,1,0,0,0,0,1,-0.011106666666666638,11.635614818068227,0.0,0.0,-0.0,0.0,0.0,-0.0,0.0,2.097217107476368,2.4309722889494623,3.7234139927888705,-0.6675103629461887,1.6496984449059655,0.10729379851243169,0.4633333333333336,-0.02666666666666684,0.13333333333333375,0.8538009292483606,655475.6854370404,13.245653457081387,-0.003733931926744538,-0.04351023228618509,-34.61530770117262,0.15626763245500386,21.818978407392766,-6.400000000000001,-0.09439750771849068,0.5371438741494505,-0.1481422731677156,0.09820136442108142,-0.003733931926744538,1.673917147468381,0.5689214323908539,-0.10773699377340626,-0.1279110708650094,0.5017976288052047
2006-10-01,-1.2786082525114262,6.3,50133.52415502897,210.45016666666663,2.9784874576350058,18.9,-0.4021927748856457,-1.5625000000000222,1.308302091628999,0.0,0.0,4.378843056091153,0.0,-0.3188333333333313,6.216243351785522,-0.5261896486209614,0,1,0,0,0,0,0,0,0,0,1,0,0,0,0,1,-0.0,18.764470983100537,0.0,0.0,-0.0,0.0,0.0,-0.0,-0.0,0.4895907809567168,1.2934039442165424,2.3934079427221975,-1.607626326519651,1.548572300083622,-0.3433967469069259,0.395,-0.11000000000000038,0.0333333333333341,-0.3881353474332716,647094.7192298366,12.907425323398606,-0.025535028134226034,-0.31481140558447485,-329.2253952488183,0.15626763245500386,14.44620483367656,-6.3,0.15565097086418064,0.6011123908300506,0.0840432099736208,0.28026885722261735,-0.025535028134226034,1.4822476323687008,0.05773883591481867,-0.10773699377340626,-0.9059933078734156,0.13156404165917443
2007-01-01,-1.056650847095686,6.066666666666666,51208.85910660483,212.778,1.31335992464869,18.9,1.1061209264901397,-3.703703703703709,2.144941872130479,0.6523784741387928,-16.326530612244916,5.271295016548905,0.0099999999999997,-0.0246666666666683,6.186597087378641,2.37256509086846,0,1,1,1,0,0,0,0,0,0,1,0,0,0,0,1,-0.0002466666666666756,7.9677168762020525,0.0,0.0,-0.0,0.0,0.0,-0.0,0.0,-1.2786082525114262,-0.3945087357773547,1.0182317765860538,-1.768199033468143,1.8045675358554663,-0.44148380567914375,0.1699999999999999,-0.3399999999999998,-0.10000000000000142,-1.486549336837495,640257.1873975832,12.502859828701082,-0.03134362466262941,-0.035727875931569696,-24.67231006197177,0.15626763245500386,8.811427594178781,-6.066666666666666,-0.20315158183321325,0.7503722630847821,0.5234523172015526,0.35689099948437386,-0.03134362466262941,1.967448396171343,-0.7007488544108826,-0.10773699377340626,-1.1133024146122033,0.011415033343712688
2007-04-01,-0.7906087542964957,5.900000000000001,52668.8166693778,216.00683333333336,2.547233307156661,19.6,1.5174657781036327,-2.7472527472527264,2.850986310266501,0.0,0.0,7.353473750269135,-0.0066666666666668,0.1469999999999993,6.33313929197895,4.326274159671361,0,1,1,1,0,0,0,0,0,0,1,0,0,0,0,1,-0.000980000000000015,15.028676512224303,0.0,-0.0,0.0,0.0,-0.0,0.0,0.0,-1.056650847095686,-1.167629549803556,0.06288719720649316,0.22195740541574027,1.5677531275105927,-0.7764526431764517,0.00499999999999985,0.0099999999999997,-0.2333333333333334,1.5083137013757855,635195.2580240053,12.06017712551561,-0.03540651572924669,0.13182534221896297,141.8276829960629,0.1630946185346982,6.8748137896768275,-5.900000000000001,0.06272410070699382,0.8569864575524465,0.8942718305154397,0.6046607962582934,-0.03540651572924669,1.5186020281443602,-1.048161743432831,-0.09149654714801912,-1.2583072042681558,-0.21984086667616143
2007-07-01,-1.7867551756982405,5.900000000000001,54170.54245254051,217.8275,2.6815443162781527,19.6,0.842874569554497,0.0,2.8512616727078166,0.0,0.0,9.466185985229302,-0.1766666666666667,0.1833333333333335,6.5189412367881365,2.403255955070836,0,0,0,0,0,0,0,0,0,0,1,0,0,0,0,1,-0.03238888888888892,15.821111466041105,0.0,-0.0,0.0,0.0,-0.0,0.0,0.0,-0.7906087542964957,-0.9236298006960908,-0.6590692682367227,0.2660420927991902,0.7913326754890637,-28.41206565195366,0.0016666666666664502,-0.0166666666666665,-0.1666666666666652,0.411344851613493,623845.8738754716,11.516330566968769,-0.04509440888693328,0.17490458763778852,168.90618164887542,0.1630946185346982,6.874149850085862,-5.900000000000001,0.09166550728005436,0.8569864575524465,0.8944164528096725,0.6143561392140579,-0.04509440888693328,0.0470129369763114,-0.9385169683599636,-0.09149654714801912,-1.604068605818432,-0.6467672960875258
2007-10-01,-2.373704672958965,5.933333333333334,55262.74595178171,218.728,0.941514170783304,19.6,0.41340051187293,0.5649717514124131,2.0162314235603107,0.0,0.0,10.231121556289423,-0.5766666666666662,-0.323833333333333,6.186666064254324,0.8335111025541189,0,0,0,0,0,0,0,1,0,0,1,0,0,0,0,1,0.18674388888888854,5.586317413314271,0.0,-0.0,-0.0,0.0,-0.0,-0.0,0.0,-1.7867551756982405,-1.2886819649973682,-1.228155757400462,-0.9961464214017448,0.42246896476523355,3.601601208488429,-0.09166666666666674,-0.1699999999999999,0.0,-0.6745912085491357,609037.6152152278,11.020762807310193,-0.04303174147153843,-0.3279673384520623,-285.5112284613825,0.1630946185346982,9.721106303060113,-5.933333333333334,-0.2832770995809783,0.835663618658914,0.45585268278872987,0.33607973395555524,-0.04303174147153843,-0.6521131762213144,-1.1025583765625937,-0.09149654714801912,-1.530451900424324,-0.8441550000890627
2008-01-01,-3.0248917546621734,6.1000000000000005,55529.10763037779,221.5705,-0.7617567680213432,19.6,1.2995592699608594,2.80898876404494,0.4819913922273766,1.0153132638352158,4.878048780487809,8.436525630807768,-1.3200000000000007,-0.3441666666666672,5.840510922181804,0.6263763818104278,0,0,0,1,1,0,0,1,0,0,1,0,0,0,0,0,0.4543000000000009,-4.646716284930194,0.0,-0.0,-0.0,6.1000000000000005,-1.3200000000000007,-0.0,0.0,-2.373704672958965,-2.080229924328603,-1.5019298625123467,-0.5869494972607245,0.7177204422625172,2.46295450429245,-0.3766666666666665,-0.3999999999999995,0.03333333333333233,-0.42947405768156705,590614.8866097913,10.636131423921698,-0.034900613515914225,-0.35716225936627577,-292.8481518719779,0.1630946185346982,27.327837019959063,-6.1000000000000005,-0.6502988133366516,0.7290494241912485,-0.3499409910875818,-0.09039679341099498,-0.034900613515914225,-0.09250806496362758,-1.4582517667309414,-0.09149654714801912,-1.2402515284383255,-0.7206269768202285
2008-04-01,-4.039397458397021,6.433333333333334,54934.44761109061,224.9286666666667,2.106228371788458,16.4,1.515619934362511,5.464480874316924,-1.0708978491883123,0.0,0.0,4.3016552962164445,-1.09,0.2093333333333333,6.0498631893846975,-1.6230741278957443,0,0,0,1,1,0,0,1,0,0,1,0,0,0,0,0,-0.2281733333333333,13.55006919183908,0.0,-0.0,0.0,6.433333333333334,-1.09,0.0,0.0,-3.0248917546621734,-2.6992982138105694,-1.9939900894039684,-0.6511870817032084,0.9483343917170634,2.6894714322013256,-0.9483333333333335,-0.7433333333333345,0.16666666666666696,0.8861587580879293,566757.603891161,10.316980119715256,-0.030006333269692487,0.19417713398970818,172.7750270714981,0.25382831595880395,-15.314252440072028,-6.433333333333334,-0.032303873683938784,0.515821035255918,-1.165529361491541,-0.22733739997318722,-0.030006333269692487,0.34458625861439135,-1.7364389517722654,0.12434624979616189,-1.0655744165039533,-0.5832702149664164
2008-07-01,-4.661598243832932,7.0,53980.169637772255,228.8945,-4.941677871198171,16.4,1.7631515769443773,8.808290155440401,-1.7371212687423032,0.0,0.0,-0.3514323581585765,-0.1466666666666665,0.2225000000000001,6.262860409421828,-3.062808104326609,0,0,0,1,1,0,0,1,0,0,1,0,0,0,0,0,-0.032633333333333306,-34.59174509838719,0.0,-0.0,0.0,7.0,-0.1466666666666665,0.0,0.0,-4.039397458397021,-3.5321446065295974,-2.8061872654290996,-1.0145057037348475,0.9652153493760439,2.3378241790691896,-1.2050000000000005,0.23000000000000065,0.33333333333333304,0.21606066440165161,540337.6413813811,10.009928553527248,-0.029761767748417656,0.2048684842305563,178.1767282527851,0.25382831595880395,-9.440906800867044,-7.0,-1.550990401327995,0.15333277406585613,-1.5154345952889205,-0.971030740850353,-0.029761767748417656,0.37658159448524076,-2.1106903833165984,0.12434624979616189,-1.056845860559902,-0.6666520998987744
2008-10-01,-4.296349363347495,7.866666666666667,53252.678623265005,224.1628333333333,-8.071934455669401,16.4,-2.0671823336369743,12.38095238095238,-1.3477004970325113,0.0,0.0,-3.637291802818754,-1.4333333333333331,-0.4558333333333335,5.832985882008704,2.7859426584993767,0,0,1,0,1,0,0,1,0,0,1,0,0,0,0,0,0.6533611111111112,-63.49921771793263,0.0,-0.0,-0.0,7.866666666666667,-1.4333333333333331,-0.0,-0.0,-4.661598243832932,-4.3504978511149766,-3.5248980324627723,-0.6222007854359113,1.0217712494521898,1.5310273181966465,-0.6183333333333333,0.9433333333333336,0.5666666666666664,0.24753164258186633,517122.8485659652,9.710738725921006,-0.029889307002177845,-0.43516150999696374,-354.1182722052528,0.25382831595880395,-12.168875826721887,-7.866666666666667,-2.2254997292062058,-0.4010610371660039,-1.3109080623401217,-1.3124896095707772,-0.029889307002177845,0.48377486248398055,-2.478429111577323,0.12434624979616189,-1.0613977430399242,-0.7329264355842762
2009-01-01,-3.559675358116998,9.033333333333331,53312.78523888485,222.23,-2.9524114856114774,16.4,-0.8622452279853032,14.83050847457623,0.1128705957592624,2.0667452553788435,6.976744186046502,-3.991280404226194,-0.3233333333333334,-0.7978333333333332,5.0570235207304215,-0.0973221325732822,0,0,1,1,1,0,0,0,1,0,1,0,0,0,0,0,0.2579661111111111,-26.67011708669034,0.0,-0.0,-0.0,9.033333333333331,-0.3233333333333334,-0.0,-0.0,-4.296349363347495,-4.478973803590214,-4.005559205059905,0.3652488804854368,0.701854641220818,1.009866193386005,-0.7899999999999998,-1.2866666666666666,0.8666666666666671,-3.8303339105813516,498714.9539543698,9.354509461843332,-0.03668405402843211,-0.7892108810534801,-597.0671572512535,0.25382831595880395,27.327837019959063,-9.033333333333331,-1.1223422389475766,-1.1473603984396596,-0.5438058340168743,-0.9378361571347034,-0.03668405402843211,-0.12257932297185921,-2.5361616172989403,0.12434624979616189,-1.303902611408875,-0.9595743254708781
2009-04-01,-2.7707488071088027,9.9,54262.56521109067,223.841,-0.0569818663740229,17.2,0.7249246276380461,9.594095940959434,1.7815238276335243,0.0,0.0,-1.2230620843892814,-0.0033333333333332,-0.0308333333333328,5.034002273807301,1.291470497375539,0,0,1,1,1,0,0,0,1,0,1,0,0,0,0,0,0.00010277777777777188,-0.5641204771028268,0.0,-0.0,-0.0,9.9,-0.0033333333333332,-0.0,0.0,-3.559675358116998,-3.9280123607322466,-4.139255105923612,0.7366740052304972,0.4631073285512386,0.6917258403292943,-0.8783333333333333,1.1099999999999997,1.1666666666666643,1.2049371056516711,484896.8153168059,8.936120388530735,-0.044725923365537046,-0.03808257960971326,-22.042430291708765,0.5166863138447109,9.654656161881094,-9.9,-0.4984335484973899,-1.7017542096715208,0.33258259978599974,-0.6225350527943038,-0.044725923365537046,-0.5750892226730822,-2.288579217329431,0.7496487236681061,-1.5909173387415592,-0.9262342637689915
2009-07-01,-1.4462908242649952,10.466666666666669,55586.81076073167,226.6325,2.710712946865507,17.2,1.2470905687519185,5.723905723905731,2.440440374481856,0.0,0.0,2.976354342234555,-0.0233333333333334,0.1281666666666661,5.167215615345351,3.0434501746177225,0,0,1,1,0,0,0,0,1,0,0,1,0,0,1,0,-0.002990555555555551,28.372128843858977,0.0,-0.0,0.0,0.0,-0.0,0.0,0.0,-2.7707488071088027,-3.1652120826129004,-3.822092943101557,0.7889265510081955,0.8374317451382735,0.3494084774323851,-0.1633333333333333,0.32000000000000023,0.8666666666666689,1.5871698556233493,477883.79716972576,8.597071690742121,-0.03794137534491748,0.11569576097914691,88.14864173574216,0.5166863138447109,7.047908311897123,-10.466666666666669,0.09795077907221562,-2.064242470861584,0.678650212558119,-0.42921382641041655,-0.03794137534491748,0.13438684351386362,-1.94580400864231,0.7496487236681061,-1.3487764734045653,-0.6026362287162265
2009-10-01,-0.94023591221164,10.6,56642.28861183379,226.79216666666665,3.765498196999057,17.2,0.0704517960427697,1.2738853503184489,1.8987918836454345,0.0,0.0,6.365144582770221,-0.0366666666666666,-0.2383333333333332,4.907270431390276,0.1337732985142547,0,0,1,0,0,0,0,0,1,0,0,1,0,0,1,0,0.008738888888888867,39.91428088819001,0.0,-0.0,-0.0,0.0,-0.0,-0.0,0.0,-1.4462908242649952,-2.1085198156868987,-3.0182660882095727,1.3244579828438074,1.219151602635492,0.24600027424991297,-0.0133333333333333,-0.0200000000000002,0.5666666666666682,0.5221659411138724,473390.56209009537,8.35754652030769,-0.027861250789890213,-0.2390378512937609,-159.35055365386654,0.5166863138447109,9.058391363553875,-10.6,0.32523645707474685,-2.149533826435715,0.39417260901035484,-0.47670825345020446,-0.027861250789890213,0.8578798642252151,-1.4709642337976596,0.7496487236681061,-0.9890163132522773,-0.21311298978915394
2010-01-01,0.8507901865896228,10.333333333333334,56820.72525581703,227.96,2.2053924452108684,17.2,0.5149354805758399,-2.51572327044024,0.3150237187731886,2.204218645521672,4.347826086956519,6.579922623088885,0.0133333333333333,0.0768333333333339,4.970049235776748,0.1622168900192601,0,0,1,1,0,0,0,0,1,0,0,1,0,0,1,0,0.0010244444444444496,22.789055267178973,0.0,0.0,0.0,0.0,0.0,0.0,0.0,-0.94023591221164,-1.1932633682383176,-2.179237725425609,0.5060549120533552,1.201087017465572,-0.28188044450855865,-0.03,-0.013333333333333197,0.13333333333333108,-1.1766387727091487,477418.12253659935,8.402182837110542,0.005340839766119432,0.0716839785275755,51.64541717210652,0.5166863138447109,27.327837019959063,-10.333333333333334,-0.010935947218858192,-1.9789511152874508,-0.43763358954907683,-0.8091735506851286,0.005340839766119432,0.8236411390559901,-1.059680666164593,0.7496487236681061,0.19596799429415712,0.17739429771341508
2010-04-01,1.1151228619140197,9.833333333333334,56069.12518830504,228.57066666666665,3.9565205880274887,18.4,0.2678832543721032,-4.838709677419351,-1.3227569062664202,0.0,0.0,3.3292933538739744,0.06,-0.0881666666666669,4.886537085103563,-0.3543444247938238,0,1,1,0,0,0,0,0,1,0,0,1,0,0,1,0,-0.005290000000000014,38.90578578227031,0.0,0.0,-0.0,0.0,0.0,-0.0,0.0,0.8507901865896228,-0.044722862811008623,-1.0766213392489536,1.7910260988012627,1.498915116581849,-0.5117031744190433,-0.011666666666666648,0.0499999999999999,-0.2666666666666657,0.44448368453307024,482741.92116792564,8.609763743355433,0.024705592614344463,-0.09084549921038794,-60.727533603133836,0.551054661380418,-13.910341282537974,-9.833333333333334,0.3663980619161727,-1.659108531884455,-1.2978075127308055,-0.8635059942330292,0.024705592614344463,1.388129852048673,-0.5435675724409158,0.8314062235722801,0.8870970123887223,0.6407663788921899
2010-07-01,-0.1819001160805133,9.733333333333333,55100.24942176289,229.522,2.9342676566421746,18.4,0.4162097206990678,-1.0169491525423902,-1.7280022887609436,0.0,0.0,-0.8753179617789875,-0.0066666666666667,-0.4618333333333329,4.433083617383503,-0.7192113499725423,0,1,0,1,0,0,0,0,1,0,0,1,0,0,1,0,0.0030788888888889014,28.560205191317163,0.0,-0.0,-0.0,0.0,-0.0,-0.0,0.0,1.1151228619140197,0.9829565242518212,-0.10515342199324795,0.26433267532439686,1.2778777574685398,0.1689545891849088,0.03666666666666665,0.0466666666666667,-0.5,-0.24705222620373674,481863.81305295194,8.74522017794407,0.015732886363249543,-0.46599543054032355,-323.10673484110663,0.551054661380418,-10.6481340445409,-9.733333333333333,0.14612246499199472,-1.5951400152038548,-1.5106452427553407,-0.9865542643224003,0.015732886363249543,0.9691865262194339,-0.08176514988228177,0.8314062235722801,0.5668606680586882,0.5714220669920301
2010-10-01,-1.134582199191514,9.9,54767.86647508096,230.91766666666663,0.7980836066330499,18.4,0.6080753333739919,1.7123287671233056,-0.603233107236445,0.0,0.0,-3.3092274035714464,0.0,-0.0328333333333334,4.394809336448276,-0.3668111727850303,0,0,0,1,0,0,0,0,1,0,0,1,0,0,1,0,-0.0,7.901027705667194,0.0,0.0,-0.0,0.0,0.0,-0.0,0.0,-0.1819001160805133,0.4666113729167532,0.21094425505287254,-1.297022977994533,0.9498217809399425,10.78977914065761,0.026666666666666648,-0.0666666666666667,-0.10000000000000142,0.1483264663269646,476396.6720057077,8.69847052052804,-0.005345738182091164,-0.03891408666707332,-22.847982567253702,0.551054661380418,-30.502304630285956,-9.9,-0.3141835926467929,-1.7017542096715208,-0.9199085441071736,-0.9786154488084957,-0.005345738182091164,0.34740538290331363,-0.31379222443949556,0.8314062235722801,-0.18543651843190143,0.16989571590104918
2011-01-01,-0.4392365242265938,10.033333333333331,55879.853360022935,233.976,0.1124047517898875,18.4,1.324425877621627,1.3468013468013185,2.030363708704841,2.479505420613859,-2.604166666666663,-1.6558604128302123,-0.03,0.4348333333333327,4.821442738492133,2.6890662367925096,0,0,1,1,0,0,0,0,1,0,0,1,0,0,1,0,-0.01304499999999998,1.1277943429585378,0.0,-0.0,0.0,0.0,-0.0,0.0,0.0,-1.134582199191514,-0.6582411576360137,0.16235768330790407,-0.9526820831110007,1.0299299795611314,-2.082239803669934,-0.00333333333333335,0.0066666666666667,0.16666666666666785,0.19186561267492408,474304.16382205865,8.487927854180468,-0.024204561692851678,0.4215890745571164,295.2667169540908,0.551054661380418,9.062415724391206,-10.033333333333331,-0.4619340313216751,-1.7870455652456516,0.4632750585150268,-0.5952348460174332,-0.024204561692851678,0.49923851776874617,-0.8192607880497134,0.8314062235722801,-0.8585088926349782,-0.08678123483591632
2011-04-01,-0.0058545358804895,10.4,58491.43172944897,237.1275,1.9624451079464549,19.2,1.346933018771157,3.6544850498339,4.673559811619654,0.0,0.0,4.320214615456797,-0.0633333333333333,-0.1853333333333324,4.625063729379098,6.294972025472421,0,0,1,1,0,0,0,0,1,0,0,1,0,0,1,0,0.011737777777777712,20.409429122643132,0.0,-0.0,-0.0,0.0,-0.0,-0.0,0.0,-0.4392365242265938,-0.7869093617090539,-0.1601489943961501,0.6953456749649201,0.9406028809059784,-0.036059493836128685,-0.015,-0.03,0.13333333333333108,0.716350544247635,474276.39551460504,8.10847642964805,-0.04470483621577093,-0.19880266352104398,-120.2216771969145,0.6198763551534647,4.108217456052222,-10.4,-0.06328636666401107,-2.021596793074517,1.8515002742870754,-0.07779429515048412,-0.04470483621577093,0.32993233374904674,-0.8770796847749096,0.9951234234233665,-1.5901647372895036,-0.285547166223
2011-07-01,-0.7342724927607569,10.4,61688.02183932505,238.458,0.9885823371511672,19.2,0.5610905525508469,0.0,5.465057044016031,0.0,0.0,11.95597567469484,-0.0099999999999999,-0.3555000000000001,4.268066912975662,3.066391876548853,0,0,0,0,0,0,0,0,1,0,0,1,0,0,1,0,0.0035549999999999653,10.28125630637214,0.0,-0.0,-0.0,0.0,-0.0,-0.0,0.0,-0.0058545358804895,-0.22254553005354166,-0.44039334384477735,0.4333819883461043,0.4958300211249134,4.584933520996298,-0.04666666666666665,-0.0333333333333333,0.3666666666666689,0.02250714114953012,470793.9144026841,7.6318529977980445,-0.05878088639528711,-0.36111090552550856,-217.04989925737644,0.6198763551534647,3.5132295683945434,-10.4,-0.2731348264463273,-2.021596793074517,2.2672001972003812,-0.009177140773487599,-0.05878088639528711,-0.5130682425460281,-0.6234747298211379,0.9951234234233665,-2.092539687048315,-0.5584898089980287
2011-10-01,-0.7559611999165661,9.933333333333334,64302.84973975597,238.40316666666664,4.953571873325849,19.2,-0.0229949648715366,-4.487179487179493,4.238793565534649,0.0,0.0,17.40981323238757,-0.0099999999999999,-0.3010000000000001,3.973583684228001,-0.0974709091371647,0,0,0,0,0,0,0,0,1,0,0,1,0,0,1,0,0.0030099999999999706,49.2054806083701,0.0,-0.0,-0.0,0.0,-0.0,-0.0,-0.0,-0.7342724927607569,-0.37006351432062323,-0.5784864380148382,-0.7284179568802674,0.4763785694465919,1.7165590953686505,-0.0366666666666666,0.0533333333333334,0.0,-0.7858424662203101,467234.8950782314,7.266161561566969,-0.04791646751275025,-0.30077005035128473,-174.96917040253268,0.6198763551534647,4.529590720367685,-9.933333333333334,0.5812431949455172,-1.7230770485650537,1.623157978716881,0.16044137503244818,-0.04791646751275025,-0.5499355662012358,-0.6897640447213887,0.9951234234233665,-1.704788022293967,-0.4873410524483063
2012-01-01,0.2307421565466816,9.466666666666669,65234.582243198645,240.6145,2.70518469344824,19.2,0.9275603861526038,-4.69798657718119,1.4489754454328985,2.490286801334851,-2.67379679144385,16.740789963969704,0.03,-0.086333333333334,3.891294098540021,1.3440122236913803,0,1,1,1,0,0,0,0,1,0,0,1,0,0,0,1,-0.00259000000000002,25.609081764643346,0.0,0.0,-0.0,0.0,0.0,-0.0,0.0,-0.7559611999165661,-0.7451168463386615,-0.48383118819610127,-0.021688707155809173,0.349869477817258,-0.3988721971400184,-0.0099999999999999,0.0,-0.4666666666666668,-0.5840855174223836,468313.0029512736,7.1789070589181225,-0.01200833506240262,-0.09560893719486004,-49.582318086928225,0.6198763551534647,13.250742143710912,-9.466666666666669,0.09675954813117413,-1.4245573040555919,0.15792584649931865,-0.3899573031416997,-0.01200833506240262,-0.7897146687359339,-0.8582996205974754,0.9951234234233665,-0.4232249413433581,-0.26902895181335024
2012-04-01,1.395073499166788,9.1,64240.82878633269,242.2938333333333,1.4257310195086024,18.7,0.6979352172596931,-3.8732394366197465,-1.5233537530158103,0.0,0.0,9.829468841654364,0.0499999999999999,-0.1253333333333333,3.7725461794463593,-1.0632022325744583,0,1,1,0,0,0,0,0,1,0,0,1,0,0,0,1,-0.006266666666666652,12.974152277528281,0.0,0.0,-0.0,0.0,0.0,-0.0,0.0,0.2307421565466816,-0.2626095216849423,-0.31633651800278245,0.9867033564632477,0.504524355974358,-2.883388944743578,0.01000000000000005,0.0399999999999999,-0.466666666666665,0.9505553510241405,474846.31354859896,7.39165920676327,0.02963572951969784,-0.13231268550593023,-74.11370297981304,0.6225717003337128,-12.275546610877006,-9.1,-0.17893779947335547,-1.1900060762267268,-1.4031623899397931,-0.9240354218799585,0.02963572951969784,-0.49658942841111914,-0.641478057148378,1.0015352732537053,1.0630538503186717,0.23163040950321995
2012-07-01,1.7929213045371206,8.700000000000001,62302.35681945996,243.232,0.141326884519971,18.7,0.3872020404976695,-4.39560439560438,-3.0175077182147847,0.0,0.0,0.9958740154369484,-0.0099999999999999,-0.2444999999999995,3.5298130362579574,-1.1683851457102312,0,1,1,0,0,0,0,0,1,0,0,1,0,0,0,1,0.00244499999999997,1.2295438953237479,0.0,-0.0,-0.0,0.0,-0.0,-0.0,0.0,1.395073499166788,0.8129078278567348,0.03389549075903686,1.1643313426201063,1.0174330155042848,-5.667765820578927,0.03999999999999995,0.0199999999999999,-0.3666666666666689,-0.22962516889291074,483359.9342680209,7.758292927323816,0.049601004362468615,-0.2483720204049762,-151.75220965845358,0.6225717003337128,-6.197167247367731,-8.700000000000001,-0.45570187501686904,-0.934132009504331,-2.187902579457944,-1.1925788213263813,0.049601004362468615,0.4755523874885706,-0.15817896233854692,1.0015352732537053,1.7756155290667208,0.7736310568676125
2012-10-01,2.1903015433144546,8.633333333333333,60584.97329681778,243.49816666666663,1.8141298092389764,18.7,0.109429132131722,-0.7662835249042321,-2.7565305877895185,0.0,0.0,-5.78182220225859,0.0166666666666666,-0.1900000000000004,3.3384619729137635,-0.3016447499163525,0,1,1,0,0,0,0,0,1,0,0,1,0,0,0,1,-0.0031666666666666605,15.661987353096496,0.0,0.0,-0.0,0.0,0.0,-0.0,0.0,1.7929213045371206,1.5939974018519543,0.6656939400835062,0.3978478053703327,1.1565642313150317,64.61926038732746,0.02,-0.0599999999999998,-0.3999999999999986,-0.3107331767620236,493946.9743680571,8.152961823522032,0.05087058453390414,-0.1910942913213176,-123.92501971753515,0.6225717003337128,-6.783889895085714,-8.633333333333333,-0.09524542488994764,-0.8914863317172638,-2.0508355518557693,-1.0125224361543268,0.05087058453390414,0.7392548426402357,0.19281480288351546,1.0015352732537053,1.8209269102216312,0.9386329572497719
2013-01-01,1.8638289713655665,8.7,60214.6360479471,244.475,3.392923450629045,18.7,0.4011666070038888,0.7722007722007707,-0.6112691459915776,2.488765008171612,3.846153846153833,-7.695222415216629,-0.0166666666666666,0.1440000000000001,3.487788996853196,-0.2452207692636059,0,0,0,1,0,0,0,0,1,0,0,1,0,0,0,1,-0.002399999999999992,29.51843402047269,0.0,-0.0,0.0,0.0,-0.0,0.0,0.0,2.1903015433144546,1.9916114239257876,1.4022596258912614,0.39738023877733397,0.8457997068209442,2.7998286586952608,0.0033333333333333513,0.0266666666666665,-0.0666666666666682,-0.2777729083659475,503153.30117951264,8.355996717789125,0.02490320679306013,0.1399883339299612,96.26108218893079,0.6225717003337128,-30.592088808385004,-8.7,0.24495385564037186,-0.9341320095043297,-0.9241291282789247,-0.5377690940476275,0.02490320679306013,0.1502470660201984,0.3714883473259831,1.0015352732537053,0.894149872519072,0.6043551397797398
2013-04-01,1.8951862101837855,8.533333333333333,61567.548754222335,245.6085,1.2871157095630064,18.2,0.4636465896308506,-1.9157088122605304,2.2468170449422957,0.0,0.0,-4.16134113244675,-0.0266666666666667,0.1798333333333337,3.6699863074884513,1.041729060411961,0,0,1,1,0,0,0,0,1,0,0,1,0,0,0,1,-0.004795555555555571,10.983387388270987,0.0,-0.0,0.0,0.0,-0.0,0.0,0.0,1.8638289713655665,2.0270652573400105,1.8105313295959826,-0.3264725719488881,0.3265891280561409,1.3515230526438535,0.0,-0.0333333333333332,0.06666666666666643,0.2917374748721668,512688.99315955123,8.327260115652903,-0.0034390394236326616,0.1751968674370252,119.80151553052669,0.622191252042903,8.100348019421148,-8.533333333333333,-0.20880669904180016,-0.8275178150366648,0.5769578757193411,-0.1531222127863746,-0.0034390394236326616,-0.83383909726926,0.38742003415924,1.0006302398922058,-0.11738634236903789,0.10920620860328697
2013-07-01,2.0800482967781697,8.4,64008.20860963295,247.008,4.362279071273131,18.2,0.5698092696303281,-1.5625,3.964198518205975,0.0,0.0,2.738021284036196,-0.0333333333333333,0.7550000000000003,4.42314239354471,2.2588370623285754,0,0,1,1,0,0,0,0,1,0,0,1,0,0,0,1,-0.02516666666666665,36.64314419869431,0.0,-0.0,0.0,0.0,-0.0,0.0,0.0,1.8951862101837855,1.879507590774676,1.935559507350232,0.03135723881821906,0.17513274461164183,1.1488607033617746,-0.02166666666666665,-0.010000000000000099,-0.16666666666666607,0.062479982626961805,523353.1718295356,8.176344615755632,-0.018123067827987338,0.7493019073036971,493.8512147916403,0.622191252042903,4.591091973929836,-8.4,0.45383111234808565,-0.7422264594625329,1.4789387252126058,0.39684779269938625,-0.018123067827987338,-1.1209020682206094,0.32111288745103755,1.0006302398922058,-0.6414600660212645,-0.11015475172465763
2013-10-01,2.0377881622120064,8.1,66703.64256368113,247.4288333333333,1.4529237692193964,18.2,0.1703723496135012,-3.571428571428581,4.211075442662104,0.0,0.0,10.099318253202473,0.0033333333333332,-0.1371666666666673,4.285357510220816,0.7174508175660576,0,0,0,0,0,0,0,0,1,0,0,1,0,0,0,1,-0.00045722222222220604,11.76868253067711,0.0,0.0,-0.0,0.0,0.0,-0.0,0.0,2.0800482967781697,1.9876172534809777,2.0073412554104944,0.1848620865943842,0.1548497235557409,1.0528160743565693,-0.03,-0.006666666666666599,-0.13333333333333286,0.10616267999947748,534018.0008116389,8.005829671173034,-0.02085466704204464,-0.1388703901628023,-87.85063759167251,0.622191252042903,4.321936343295373,-8.1,-0.1730782915270807,-0.5503209094207349,1.6086002252974125,0.2950670081165323,-0.02085466704204464,-1.1593455075247663,0.36969350974264203,1.0006302398922058,-0.7389509814714119,-0.1319931848403326
2014-01-01,1.4865338005086717,7.866666666666667,68842.66671679867,248.635,0.0072982428809042,18.2,0.4874802384254639,-2.8806584362139787,3.20675763857341,1.8484895458431128,-6.349206349206349,14.328793189053467,-0.0133333333333332,0.0575000000000009,4.34198394518867,1.5632309782244436,0,0,0,1,0,0,0,0,1,0,0,0,1,0,0,1,-0.000766666666666671,0.057412843996446375,0.0,-0.0,0.0,0.0,-0.0,0.0,0.0,2.0377881622120064,2.058918229495088,1.9692129101348823,-0.04226013456616329,0.10578716838684969,0.7405486219654668,-0.01500000000000005,0.0366666666666665,-0.3000000000000007,-0.39943692001682685,541956.3588945046,7.872390549947404,-0.016667744219704073,0.05262519761574626,36.212996529758634,0.622191252042903,5.675514663495628,-7.866666666666667,-0.4845824368969641,-0.4010610371660039,1.0811254387133797,0.0651606548834706,-0.016667744219704073,-1.2523362585841793,0.401733622513823,1.0006302398922058,-0.5895194921194992,-0.1098729720744124
2014-04-01,1.2201916259853007,7.8,70015.11717835604,250.2815,6.342136052172138,18.9,0.6622156977095006,-0.8474576271186529,1.703086933544462,0.0,0.0,13.720813310038382,0.0199999999999999,-0.1283333333333338,4.211640452183048,1.12781090195708,0,1,0,1,0,0,0,0,1,0,0,0,1,0,0,1,-0.0025666666666666633,49.46866120694267,0.0,0.0,-0.0,0.0,0.0,-0.0,0.0,1.4865338005086717,1.762160981360339,1.8748891174206586,-0.5512543617033347,0.2707140014954014,0.6196341795777294,-0.005,-0.0166666666666664,-0.2333333333333325,0.3171078888119627,548569.2650022302,7.835011739033565,-0.004748088992369559,-0.1349554903104288,-80.43945385407824,0.4621223864607782,11.097495745954287,-7.8,0.8804517312794746,-0.3584153593789373,0.2913869903867576,0.27114112076243163,-0.004748088992369559,-0.9397420606705104,0.2683815111202699,0.6198487592319792,-0.16410638832930288,-0.053904544661891006
2014-07-01,0.4264140546889949,7.666666666666667,70426.43468462182,250.48,3.664293579725959,18.9,0.0793106961561207,-1.709401709401703,0.5874695677763331,0.0,0.0,10.02719215926151,-0.0033333333333332,-0.0948333333333337,4.121777108433735,0.0465926203908763,0,1,0,0,0,0,0,0,1,0,0,0,1,0,0,1,0.0003161111111110997,28.092917444565686,0.0,-0.0,-0.0,0.0,-0.0,-0.0,0.0,1.2201916259853007,1.353362713246986,1.7061404713710373,-0.26634217452337094,0.42196785934466274,0.22743427903385857,0.0033333333333333496,0.033333333333333104,-0.06666666666666732,0.17473545928403672,550908.4414479039,7.822466718852646,-0.0016011488685357955,-0.09562644029489491,-59.34644750702898,0.4621223864607782,27.327837019959063,-7.666666666666667,0.3034288331522561,-0.2731240038048054,-0.29454311014745116,-0.08807942693333348,-0.0016011488685357955,-0.6530629467593227,0.0846821658487095,0.6198487592319792,-0.051791934598127434,-8.098906919036877e-05
2014-10-01,0.4547812957937047,7.5,70310.70484894906,249.60816666666665,2.3040209185619265,18.9,-0.3480650484403269,-2.1739130434782594,-0.1643272674401674,0.0,0.0,5.407594168225982,0.0099999999999998,-0.1700000000000003,3.957025413480285,0.0571965783016284,0,1,1,0,0,0,0,0,1,0,0,0,1,0,0,1,-0.0016999999999999691,17.28015688921445,0.0,0.0,-0.0,0.0,0.0,-0.0,-0.0,0.4264140546889949,0.8233028403371478,1.2927319108487436,-0.7937775712963058,0.6704318784585706,0.2665555992750392,0.00833333333333335,-0.0233333333333331,-0.13333333333333286,-0.5829050015533799,553413.8699965575,7.870975994131702,0.006201276019768276,-0.16651934951559702,-107.04527352019133,0.4621223864607782,-31.794684985652403,-7.5,0.010316567862397957,-0.16650980933713985,-0.6893921047544948,-0.2818617820764122,0.006201276019768276,-0.18213648014731534,-0.15350781489079868,0.6198487592319792,0.22667700812863006,0.12772036808062381
2015-01-01,0.5054765784839432,7.3,69927.47357226106,248.556,3.5422684861402414,18.9,-0.4215273405183573,-2.6666666666666727,-0.5450539537490084,2.020937216980645,-2.259887005649708,1.575776923234273,0.0100000000000001,-0.2491666666666661,3.71698440149885,0.2297551435628352,0,1,1,0,0,0,0,0,1,0,0,0,1,0,0,1,-0.002491666666666686,25.85855994882376,0.0,0.0,-0.0,0.0,0.0,-0.0,-0.0,0.4547812957937047,0.4405976752413498,0.8969801942441682,0.028367241104709784,0.5382104426567214,0.3910142344610898,0.0033333333333333,0.013333333333333001,-0.16666666666666696,-0.42737574459644756,556211.2474914717,7.954116158889951,0.010562878710370205,-0.24495139326148252,-158.55204876720597,0.4621223864607782,-31.794684985652403,-7.3,0.2771348020919615,-0.03857277597594135,-0.8893524427969203,-0.21693013889363336,0.010562878710370205,-0.43274247853127146,-0.3254818513381566,0.6198487592319792,0.3823428308995428,0.06099181506552351
2015-04-01,0.3882882311909474,7.033333333333334,69560.32804733106,251.3795,2.1400503443636785,17.7,1.1359613125412338,-3.652968036529669,-0.5250375942019492,0.0,0.0,-0.6495584801585852,0.0133333333333332,0.1148333333333333,3.827112939829752,-0.5964223946431378,0,1,0,1,0,0,0,0,1,0,0,0,1,0,0,1,0.0015311111111110955,15.051687422024541,0.0,0.0,0.0,0.0,0.0,0.0,0.0,0.5054765784839432,0.480128937138824,0.6517158887379861,0.05069528269023854,0.3803922317934309,0.4328838403373385,0.00999999999999995,3.0010716134398763e-16,-0.20000000000000018,-0.0734622920780304,558370.9503060414,8.027146593186105,0.00918146439369405,0.10347372020792096,73.74272003606966,0.5052343042451612,-31.794684985652403,-7.033333333333334,-0.02501589732366195,0.13200993517232257,-0.8788397097384293,-0.2572818906299229,0.00918146439369405,-0.7318633438940985,-0.30771791373186763,0.7224059918851765,0.33304008338971974,0.0039662044122325685
2015-10-01,0.9665933560468076,6.566666666666666,70106.21432562068,251.41516666666664,1.2013613781970394,17.7,-0.1068138353385039,-2.9556650246305494,0.8551307138411568,0.0,0.0,-0.2908383919172697,0.0233333333333333,-0.046166666666668,3.8935939868643006,-0.0913397912611266,0,1,1,0,0,0,0,0,1,0,0,0,1,0,0,1,-0.0010772222222222517,7.888939716827225,0.0,0.0,-0.0,0.0,0.0,-0.0,-0.0,0.3849165291199163,0.38660238015543186,0.4333656586471281,-0.003371702071031102,0.057844351185040235,2.1782874404594814,0.01333333333333325,9.8879238130678e-17,-0.2666666666666675,-1.01482971668716,565938.1635198111,8.072581995245265,0.0011051757249902483,-0.04509852831328296,-29.814736169106702,0.5052343042451612,20.698589950644468,-6.566666666666666,-0.227285087266986,0.4305296796817861,-0.15396559043944444,0.016426333991785225,0.0011051757249902483,-1.3432047134405054,-0.34974540901124707,0.7224059918851765,0.04479692835450613,-0.23143680055301746
2016-01-01,0.945237620802386,6.3,71649.01269645499,251.7625,2.071468634653559,17.7,0.138151304847045,-4.060913705583758,2.2006585089140662,1.560085906643005,7.514450867052025,2.461892352531425,0.1999999999999999,-0.1586666666666674,3.729266153301469,0.3040238445292308,0,1,0,1,0,0,1,0,0,0,0,0,1,0,0,1,-0.03173333333333347,13.05025239831742,0.0,0.0,-0.0,0.0,0.0,-0.0,0.0,0.9665933560468076,0.675754942583362,0.5613186737104039,0.5816768269268913,0.2759366825902235,2.181154879122654,0.0183333333333333,0.01,-0.20000000000000018,-0.2279454311925776,571287.6239518785,7.973419345946471,-0.012283882574026572,-0.16004817971513785,-101.20926956454768,0.5052343042451612,8.043047082636287,-6.3,-0.03979392004256487,0.6011123908300506,0.5527150873893917,0.37134451939229246,-0.012283882574026572,-0.9298432481060306,-0.21981057184389322,0.7224059918851765,-0.4330592461051934,-0.21507676854248517
2016-04-01,0.1676681350076592,6.099999999999999,74099.48719412104,254.40383333333327,1.6789785100636716,17.3,1.0491369180609889,-3.1746031746031966,3.420109231717716,0.0,0.0,6.5254999138322,0.0133333333333333,-0.1511666666666653,3.5789690534298413,3.5881628587962613,0,1,0,1,0,0,1,0,0,0,0,0,1,0,0,1,-0.002015555555555532,10.241768911388395,0.0,0.0,-0.0,0.0,0.0,-0.0,0.0,0.945237620802386,0.9559154884245968,0.6712589342900146,-0.02135573524442158,0.3288115636391039,0.2987040033771667,0.1116666666666666,0.1766666666666666,-0.2666666666666666,0.24496514018554888,572245.4912564881,7.722664662406589,-0.03144882674048255,-0.1616580358472752,-93.39275798403618,0.39002147666075127,5.058317974046474,-6.099999999999999,-0.12436789760379414,0.7290494241912497,1.1931791985919786,0.5992869083931448,-0.03144882674048255,-0.8296268023056268,-0.09391642586456785,0.44833076233258956,-1.117057082143362,-0.3980673869952418
2016-07-01,0.1131380447426,6.233333333333333,76993.66499675933,253.909,2.915620224331439,17.3,-0.1945070272132754,2.1857923497268006,3.905800042929175,0.0,0.0,10.763449746679932,0.0233333333333333,-0.1459999999999999,3.4361595492760766,-0.7597055552396372,0,1,0,0,0,0,1,0,0,0,0,0,1,0,0,1,-0.0034066666666666594,18.174032731665967,0.0,0.0,-0.0,0.0,0.0,-0.0,-0.0,0.1676681350076592,0.5564528779050226,0.6161039102441925,-0.7775694857947268,0.4023738314668164,0.1685460542320606,0.1066666666666666,-0.1866666666666666,-0.20000000000000107,0.9109856132139439,572892.9186164235,7.440779947811767,-0.03650096526488045,-0.14405492972786715,-86.90830979044138,0.39002147666075127,4.429310207858407,-6.233333333333333,0.14210430651356012,0.6437580686171166,1.4482674345533568,0.7447099365613444,-0.03650096526488045,-0.6902005023221711,-0.27342065994945103,0.44833076233258956,-1.297368164087529,-0.4531646410066404
2016-10-01,0.8092627682199538,6.3,79751.98351613987,253.994,1.9956854697722688,17.3,0.0334765605000342,1.0695187165775444,3.5825265877350354,0.0,0.0,13.758793401277837,0.0533333333333334,0.3676666666666666,3.802409396321666,0.119930668057293,0,1,1,1,0,0,1,0,0,0,0,0,1,0,0,1,0.01960888888888891,12.572818459565292,0.0,0.0,0.0,0.0,0.0,0.0,0.0,0.1131380447426,0.14040308987512962,0.5481592891498634,-0.0545300902650592,0.47144291675448,1.3135166889286627,0.0183333333333333,0.01,0.13333333333333464,-1.2436439452742643,577529.1277085548,7.241564438227131,-0.026773471461580045,0.36733190106166624,212.99854867638732,0.39002147666075127,4.828994168313347,-6.3,-0.056123716092557785,0.6011123908300506,1.27848193827657,0.6078235376713542,-0.026773471461580045,-0.5592903592654771,-0.46037857935108273,0.44833076233258956,-0.9501934134729249,-0.38038289743922377
2017-01-01,1.4718260242875036,6.233333333333333,81823.62103866675,254.965,2.068981729008408,17.3,0.3822924950983131,-1.058201058201058,2.5975999983845366,1.382101760387222,-10.752688172043012,14.2006260230229,0.25,0.3585000000000002,4.158446344934877,0.9930429846497986,0,1,1,1,0,0,1,0,0,0,0,0,1,0,0,1,0.08962500000000005,12.896652777485743,0.0,0.0,0.0,0.0,0.0,0.0,0.0,0.8092627682199538,0.4612004064812769,0.50882664219315,0.6961247234773538,0.4296025299622966,2.6850334445123583,0.038333333333333344,0.0300000000000001,0.06666666666666643,0.2279835877133096,586029.35170801,7.162104833163942,-0.010972712559697007,0.3546770750490171,205.409166615142,0.39002147666075127,6.659993844610016,-6.233333333333333,-0.04032979977316872,0.6437580686171166,0.7611915542929832,0.454873274378977,-0.010972712559697007,-0.6385925680279035,-0.31622371955338324,0.44833076233258956,-0.3862635213334367,-0.22318726164553349
2017-04-01,0.9705871641110032,6.166666666666667,83053.760407842,255.4935,2.48868273162061,18.6,0.2072833526170381,-1.0695187165775333,1.5034037281165258,0.0,0.0,12.084123052381091,0.2499999999999999,-0.184833333333334,3.98205011695098,0.3116305651009475,0,1,0,0,0,0,1,0,0,0,0,0,1,0,0,1,-0.046208333333333476,15.346876844993764,0.0,0.0,-0.0,0.0,0.0,-0.0,0.0,1.4718260242875036,1.1405443962537287,0.6404737430644294,0.6625632560675498,0.6380345947366288,1.9075006763159414,0.1516666666666667,0.1966666666666666,-0.06666666666666643,0.34881593459827887,591717.2773736108,7.124509166929188,-0.005249248246223415,-0.18690616685950437,-105.3477422149933,0.3455254400968055,12.371926217917661,-6.166666666666667,0.05010759203239417,0.6864037464041826,0.18651196403681705,0.3076744341577979,-0.005249248246223415,-0.24354069636103723,-0.010950786986150648,0.3424809043685626,-0.18199278769312272,-0.023500841667936992
2017-07-01,0.2269844584014801,6.066666666666666,83898.86753230788,256.667,3.787964526854098,18.6,0.4593071839400942,-1.6216216216216273,1.01754227661206,0.0,0.0,8.968533366789577,0.2033333333333331,-0.1021666666666667,3.87330450738913,0.4673644776106777,0,1,0,1,0,0,1,0,0,0,0,0,1,0,0,1,-0.02077388888888887,22.980318129581526,0.0,0.0,-0.0,0.0,0.0,-0.0,0.0,0.9705871641110032,1.2212065941992534,0.8412035003402654,-0.5012388601765004,0.5614043160276078,0.3544008803787078,0.24999999999999994,-1.1102230246251565e-16,-0.06666666666666643,-0.175009142481275,593060.3836309252,7.068753143807916,-0.007825945874290086,-0.10675973850606764,-57.77527569539006,0.3455254400968055,18.279338782786798,-6.066666666666666,0.3300775135956689,0.7503722630847821,-0.06866589340868681,0.33726129442392144,-0.007825945874290086,-0.388781953089596,0.02529592467224908,0.3424809043685626,-0.27395525762857265,-0.07374009541933925
2017-10-01,0.9324369387955888,5.933333333333334,84843.53975175181,258.2538333333334,4.443947809105219,18.6,0.6182459503299542,-2.19780219780219,1.1259654000456587,0.0,0.0,6.384237746991639,0.0500000000000002,0.0381666666666666,3.905561939783354,0.6961235487898754,0,1,1,1,0,0,1,0,0,0,0,0,1,0,0,1,0.0019083333333333374,26.367423667357635,0.0,0.0,0.0,0.0,0.0,0.0,0.0,0.2269844584014801,0.5987858112562416,0.8696651037549854,-0.7436027057095231,0.512987943501305,1.1084558473881998,0.2266666666666665,-0.0466666666666668,-0.10000000000000053,0.25202383132305606,598590.2977172629,7.055225412196495,-0.0019137366005306244,0.03198420716336706,21.541954925239924,0.3455254400968055,16.519157692808108,-5.933333333333334,0.4714291347393039,0.835663618658914,-0.011721305091042113,0.4317904827690586,-0.0019137366005306244,-0.48054796138848593,-0.2543977512274228,0.3424809043685626,-0.06294820671661178,-0.11385325374098947
2018-01-01,1.2408733270745875,5.833333333333333,86369.00929032177,260.1225,2.726843016679755,18.6,0.7235775138542566,-1.6853932584269704,1.79797960225776,1.0139453347468574,-2.4096385542168752,5.555105229951929,0.2433333333333329,0.3465000000000002,4.248605066708502,1.300977610562335,0,1,1,1,0,0,1,0,0,0,0,0,1,0,0,1,0.0843149999999999,15.906584263965238,0.0,0.0,0.0,0.0,0.0,0.0,0.0,0.9324369387955888,0.5797106985985344,0.9004586463988942,0.7054524803941087,0.5118491908740059,1.4268404259488194,0.12666666666666665,-0.15333333333333288,-0.13333333333333286,0.15893876638986004,606018.0450600927,7.016614524580417,-0.005472665345224947,0.33926422486145763,194.50055462136925,0.3455254400968055,10.344944946340657,-5.833333333333333,0.10142649496177264,0.8996321353395136,0.3412252885570804,0.44742797295278885,-0.005472665345224947,-0.4827062970422019,-0.26296942576600096,0.3424809043685626,-0.18996655536620813,-0.1482903434514621
2018-04-01,0.9328489178700884,5.7,88519.76006200048,261.5203333333333,2.308529373851471,16.6,0.5373750188212512,-2.28571428571428,2.490188077125155,0.0,0.0,6.581278953917646,0.2900000000000002,0.2723333333333331,4.5175776777752334,1.338164864813585,0,1,0,0,0,0,1,0,0,0,0,0,1,0,0,1,0.07897666666666665,13.158617430953386,0.0,0.0,0.0,0.0,0.0,0.0,0.0,1.2408733270745875,1.0866551329350882,0.8427204720956651,0.3084363882789988,0.4328415683256684,1.0359708595177903,0.14666666666666656,0.1933333333333327,-0.10000000000000053,0.1053315635243024,611671.2778355333,6.90999701543599,-0.01519500733165935,0.2669595831451206,150.5458016429653,0.25348633368671436,6.666163151485404,-5.7,0.011288052168894015,0.9849234909136456,0.7047780564816175,0.5669965331880524,-0.01519500733165935,-0.6324534542152749,-0.03516669776896257,0.12353272172215295,-0.536957437373766,-0.27026121690896265
2018-07-01,0.6952112216702444,5.5,90795.85049531916,262.536,1.8449875220665783,16.6,0.3883700566303938,-3.508771929824561,2.57127948801994,0.0,0.0,8.220591249763153,0.1866666666666663,0.0271666666666661,4.545467129263468,0.998607960374874,0,1,0,0,0,0,1,0,0,0,0,0,1,0,0,1,0.005071111111110995,10.147431371366181,0.0,0.0,0.0,0.0,0.0,0.0,0.0,0.9328489178700884,1.086861122472338,0.8332859105354364,-0.30802440920449914,0.4295240279717793,0.824960641980612,0.26666666666666655,0.0466666666666673,-0.13333333333333286,-0.18620249503300546,615923.6851987796,6.7836105046511195,-0.018290385727018466,0.02328296610036216,14.743046830108126,0.25348633368671436,6.455929850233095,-5.5,-0.08859618877222518,1.1128605242748442,0.747367836809506,0.590544057437375,-0.018290385727018466,-0.6387413568350241,-0.035074133425918266,0.12353272172215295,-0.6474316503824679,-0.2994286047303143
2018-10-01,0.7213156853151492,5.7,92523.6525205635,261.64000000000004,0.9240981049863392,16.6,-0.3412865283237143,3.6363636363636376,1.902952630344501,0.0,0.0,9.052089046830591,0.2966666666666673,0.2095000000000011,4.764721556354225,-0.6494520967747552,0,1,1,0,0,0,1,0,0,0,0,0,1,0,0,1,0.062151666666667126,5.267359198422134,0.0,0.0,0.0,0.0,0.0,0.0,-0.0,0.6952112216702444,0.8140300697701663,0.9503426013526275,-0.23763769619984398,0.22370126299784637,0.865628082984939,0.23833333333333323,-0.10333333333333392,-0.20000000000000018,-0.14900496219085735,620366.4393496895,6.704949733926817,-0.011595708608324373,0.21291286528323825,112.37495754061406,0.25348633368671436,8.723285979533195,-5.7,-0.2870299225582609,0.9849234909136456,0.3963578624910613,0.3647504769488153,-0.011595708608324373,-1.0288476901510433,-0.15767466689305712,0.12353272172215295,-0.40849828212482436,-0.36787197936169297
2019-01-01,0.8186077941142456,5.866666666666667,93079.28010557014,263.2805,2.863073576842426,16.6,0.6270065739183428,2.923976608187129,0.6005249143003155,0.5831168775837892,-4.320987654320985,7.769303909336722,0.1833333333333331,-0.4115000000000002,4.3541928994992745,0.3765330690680472,0,1,1,1,0,0,0,0,0,0,0,0,1,0,0,1,-0.0754416666666666,16.796698317475567,0.0,0.0,-0.0,0.0,0.0,-0.0,0.0,0.7213156853151492,0.7082634534926968,0.8975622879825176,0.02610446364490482,0.2523994418910487,0.8613817721620781,0.24166666666666678,0.11000000000000101,0.20000000000000018,-0.7296565849541081,625444.807374275,6.719484794735178,0.0021678105556577343,-0.4177700657391836,-221.20543944268215,0.25348633368671436,27.327837019959063,-5.866666666666667,0.13078152739829646,0.8783092964459801,-0.2876863501721893,0.24046815789069576,0.0021678105556577343,-0.9744545750731645,-0.20520240777960144,0.12353272172215295,0.0827224197288833,-0.24335046035043242
2019-04-01,1.177798234693661,5.566666666666666,92327.9387833752,265.5491666666667,4.066725595085123,16.2,0.8616918710905974,-5.113636363636376,-0.807205772694819,0.0,0.0,4.302066249058312,-0.0066666666666668,-0.3606666666666669,3.990261236113784,-0.69556265262853,0,1,1,1,0,0,0,0,0,0,0,0,1,0,0,1,0.002404444444444494,22.638105812640518,0.0,-0.0,-0.0,0.0,-0.0,-0.0,0.0,0.8186077941142456,0.7699617397146974,0.7919959047424321,0.09729210879909633,0.10787451391730839,1.3122189406386935,0.2400000000000002,-0.1133333333333342,0.16666666666666696,0.9682931022420571,632811.2852745125,6.853952266380045,0.020011574659745346,-0.3692835853775729,-197.75936939261902,0.1457792193959473,-20.069232094211927,-5.566666666666666,0.3901450945421947,1.070214846487778,-1.0270364250863009,0.14444117198122397,0.020011574659745346,-1.2483800066537674,-0.17747740093046252,-0.13268746393435435,0.7195672718695859,-0.20974439991224955
2019-07-01,0.4571635104277716,5.3,90794.21836781916,265.335,4.098633621696128,16.2,-0.0806504759005788,-4.790419161676651,-1.6611660952970395,0.0,0.0,-0.0017975793949687,-0.2066666666666665,-0.3436666666666665,3.651338604991316,0.1339738361356125,0,0,0,0,0,0,0,1,0,0,0,0,1,0,0,1,0.07102444444444435,21.722758194989478,0.0,-0.0,-0.0,0.0,-0.0,-0.0,-0.0,1.177798234693661,0.9982030144039533,0.8532332339483253,0.3591904405794155,0.22279628721791273,0.577229639307854,0.08833333333333315,-0.1899999999999999,-0.3000000000000007,0.23468529717225461,635704.2675606565,7.001594143201234,0.021541130005442444,-0.3428601619076607,-192.49716164374587,0.1457792193959473,-9.752185555595037,-5.3,0.3970206528239272,1.2407975576360426,-1.4755424030566546,0.054091935801105016,0.021541130005442444,-1.0305629366802325,-0.07491392159415372,-0.13268746393435435,0.7741571802706024,-0.11600178548453449
2019-10-01,0.7641179863549841,5.266666666666667,89125.39170205394,265.3395,3.068124769002324,16.2,0.001695969246418,-0.6289308176100628,-1.83803186564655,0.0,0.0,-3.672856319365792,-0.5466666666666669,0.0390000000000001,3.686860342455282,-0.0031172455180728,0,0,1,1,0,0,0,1,0,0,0,0,1,0,0,1,-0.02132000000000006,16.158790450078907,0.0,-0.0,0.0,0.0,-0.0,0.0,0.0,0.4571635104277716,0.8174808725607163,0.7937213061377071,-0.7206347242658895,0.29813204463377696,0.8955558175096373,-0.10666666666666665,-0.1999999999999997,-0.2666666666666666,-0.9423423469911762,640561.7982091137,7.187197564870299,0.026508737563615048,0.03898304030753592,22.424056402395394,0.1457792193959473,-8.813775377230172,-5.266666666666667,0.17496606565325304,1.2621203965295755,-1.5684335517441765,-0.043782363187116,0.026508737563615048,-0.8877752518640757,-0.15612399933223092,-0.13268746393435435,0.9514513477132643,-0.05628384185434912
2020-01-01,1.662804601724721,5.666666666666667,87954.29052690418,265.909,-17.789609810197856,16.2,0.214630690115869,7.594936708860756,-1.313992738528147,-5.271562563095388,-12.903225806451612,-5.506047718518259,-0.3833333333333331,-0.1879999999999997,3.503016351381892,-0.2820231682775367,0,0,1,1,0,1,0,1,0,0,0,0,0,0,0,0,0.0720666666666665,-100.80778892445453,5.666666666666667,-0.3833333333333331,-0.1879999999999997,0.0,-0.0,-0.0,0.0,0.7641179863549841,0.6106407483913778,0.8044218813976658,0.3069544759272125,0.29542281647633506,2.0949476710106505,-0.3766666666666667,-0.34000000000000036,-0.033333333333333215,0.08234644514699681,651213.0892666255,7.403994567694535,0.030164330515123128,-0.19014630690115839,-111.35607829812561,0.1457792193959473,-12.328835255319778,-5.666666666666667,-4.319469502942459,1.0062463298071787,-1.2932045100871083,-1.535475894407463,0.030164330515123128,-0.8929101895020479,-0.24907056576743897,-0.13268746393435435,1.0819196468406023,-0.048187143090809736
2020-04-01,1.3640782968455945,9.533333333333331,87647.40846619982,265.934,-8.543304630365558,15.5,0.0094017126159862,68.23529411764702,-0.3489108477436775,0.0,0.0,-5.069462590470142,-1.2,-0.2793333333333336,3.2322174686211067,-0.0032803595190861,0,0,0,0,1,1,0,0,1,0,0,0,0,0,0,0,0.33520000000000033,-81.44617080948497,9.533333333333331,-1.2,-0.2793333333333336,9.533333333333331,-1.2,-0.0,0.0,1.662804601724721,1.2134612940398526,1.0154710833002847,0.898686615369737,0.5229010465425793,1.6957250025018435,-0.46499999999999997,0.16333333333333377,0.40000000000000036,0.212934720869451,660096.1456835292,7.531268262633087,0.017189868762718774,-0.27942735045949346,-168.29874144230754,-1.317890640773847,-31.794684985652403,-9.533333333333331,-2.327070821267289,-1.4672029818426557,-0.786336701605346,-1.52687016823843,0.017189868762718774,-0.4617591540390893,0.021815463331793707,-3.6145536877394666,0.6188604443025937,-0.8589092335360422
2020-07-01,0.8760362964334911,8.466666666666667,88168.53383873789,268.0375,32.97368930935817,15.5,0.7909857333022519,-11.188811188811163,0.5945702008280485,0.0,0.0,-2.891907189997811,0.0333333333333333,-0.2866666666666662,2.9368147624700853,0.4702965463016411,0,0,0,1,0,1,0,0,1,1,0,0,0,0,1,0,-0.009555555555555529,279.17723615256585,8.466666666666667,0.0333333333333333,-0.2866666666666662,0.0,0.0,-0.0,0.0,1.3640782968455945,1.5134414492851578,1.062041098838268,-0.29872630487912666,0.5497812696256209,0.8626895544739394,-0.7916666666666665,-0.8166666666666669,3.8666666666666645,-0.20522897749988278,665878.8275110754,7.55234093751612,0.002798024734769644,-0.2945765239996887,-173.2003521670361,-1.317890640773847,26.069251332161276,-8.466666666666667,6.619032771878646,-0.7848721372495988,-0.2908138076414943,1.8477822756625175,0.002798024734769644,-0.410811702881439,0.15661583410475308,-3.6145536877394666,0.10521479596588805,-0.9408836901375661
2020-10-01,3.310040302644679,7.899999999999999,89436.91535735836,269.0205,-0.6048965023145221,15.5,0.3667397285827656,-6.6929133858267935,1.4385875134777404,0.0,0.0,0.3495341219322156,-0.0033333333333332,-0.1859999999999995,2.7471272068425554,0.5275871942353821,0,1,1,0,0,1,0,0,1,1,0,0,0,0,1,0,0.0006199999999999735,-4.7786823682847235,7.899999999999999,-0.0033333333333332,-0.1859999999999995,0.0,-0.0,-0.0,0.0,0.8760362964334911,1.1200572966395428,1.166759295339698,-0.4880420004121033,0.4209654063917732,3.1166781645883797,-0.5833333333333334,1.2333333333333332,-1.0666666666666647,0.7815840206862656,687919.6850684698,7.691674990352535,0.018449121138622848,-0.18966739728582716,-114.45212385644541,-1.317890640773847,10.774457483319338,-7.899999999999999,-0.6164984811474046,-0.42238387605953576,0.15247003144875468,-0.2954707752527285,0.018449121138622848,-0.654962946722024,-0.020156958047021306,-3.6145536877394666,0.6638032259075551,-0.9064675916502393
2021-01-01,3.5339114446016677,7.133333333333333,91359.5850539729,271.441,7.574316659017612,15.5,0.8997455584239589,-9.704641350210965,2.149749562506975,-0.2475716072181888,22.222222222222232,3.8716639139134257,-0.0099999999999999,0.114833333333332,2.8550292236567145,1.9342276205895,1,0,1,1,0,1,0,0,1,1,0,0,0,0,1,0,-0.0011483333333333085,54.03012550099229,7.133333333333333,-0.0099999999999999,0.114833333333332,0.0,-0.0,0.114833333333332,0.8997455584239589,3.310040302644679,2.093038299539085,1.8032398744121216,2.434004006211188,1.0555786663506148,3.02882647579232,0.01500000000000005,-0.0366666666666665,-0.5666666666666682,-0.42424600471948626,712230.1575487723,7.795899654404133,0.013550320857592668,0.10583587774909241,71.61833149179179,-1.317890640773847,7.210142181363839,-7.133333333333333,1.1459626536335603,0.06804141849172417,0.5259773500596582,0.579993807394981,0.013550320857592668,0.5478517756806375,0.41706596371142335,-3.6145536877394666,0.4889647937000353,-0.5401677886618427
2021-04-01,3.876246659339677,7.166666666666667,93793.17752418928,275.789,4.731624193669861,13.5,1.6018213902837086,0.4672897196261738,2.6637516674125283,0.0,0.0,7.011923302169842,-0.0099999999999999,0.1233333333333339,2.962108599627477,4.266854399265283,1,0,1,1,0,1,0,0,1,1,0,0,0,0,1,0,-0.0012333333333333267,33.909973387967334,7.166666666666667,-0.0099999999999999,0.1233333333333339,0.0,-0.0,0.1233333333333339,1.6018213902837086,3.5339114446016677,3.4219758736231736,2.2710165851313584,0.22387114195698876,1.3469695339595915,2.1496012340584367,-0.00666666666666655,-0.006666666666666699,-0.7666666666666657,0.5330058298411933,739837.9552375663,7.887971969461872,0.011810351484671022,0.10731511943049682,77.82799009869085,-0.0618929018045472,5.068039999807268,-7.166666666666667,0.5334177927176108,0.04671857959819061,0.7959348769351415,0.458690416416981,0.011810351484671022,1.1001396770656373,1.0142430588901417,-0.6267104428252915,0.42686519792170974,0.47863437276304927
2021-07-01,2.06289301455731,6.9,96628.99961949444,280.016,5.115481012579353,13.5,1.532693472183455,-3.72093023255814,3.023484404901211,0.0,0.0,9.59578821649787,0.0199999999999999,-0.1290000000000004,2.8254770243591536,4.6340748106405645,1,1,0,0,0,1,0,0,1,1,0,0,0,0,1,0,-0.002579999999999995,35.29681898679753,6.9,0.0199999999999999,-0.1290000000000004,0.0,0.0,-0.1290000000000004,1.532693472183455,3.876246659339677,3.7050790519706727,2.899058675754879,0.34233521473800943,1.3686319006281464,0.9083566487639674,-0.0099999999999999,0.0,0.0333333333333341,0.7020758318597498,755100.0207352056,7.814424486527208,-0.009324004093752114,-0.14432693472183494,-80.64486070096103,-0.0618929018045472,4.465047009376288,-6.9,0.6161314610502807,0.2173012907464551,0.9848690451452825,0.6061005989806728,-0.009324004093752114,1.1411974601203319,1.1414595188490988,-0.6267104428252915,-0.3274210319857282,0.3321313760396027
2021-10-01,0.2281407457183526,6.3,99654.70532187104,284.09516666666667,5.304387169290903,13.5,1.456761994552691,-8.695652173913048,3.131260505946676,0.0,0.0,11.424577786125557,-0.0099999999999999,0.2075000000000004,3.0216312839851738,4.561501300106948,0,1,0,0,0,0,0,0,1,1,0,0,0,0,1,0,-0.002074999999999983,33.41763916653269,0.0,-0.0,0.0,0.0,-0.0,0.0,0.0,2.06289301455731,2.9695698369484935,3.195772855285834,-1.8133536447823673,0.7903282201387232,0.07869476655519833,0.005,0.029999999999999798,-0.2666666666666666,-0.06912791810025354,756822.7115534304,7.594450348420547,-0.02814975542804421,0.1929323800544735,126.06787578378132,-0.0618929018045472,4.311362780056697,-6.3,0.6568370586130082,0.6011123908300506,1.0414738127461116,0.7664744207297235,-0.02814975542804421,0.04510914176808632,0.8109479394719835,-0.6267104428252915,-0.9993130585216793,-0.19249160502672524
2022-01-01,2.4285200665680406,5.6000000000000005,102680.01081658756,289.4525,-1.734435639974487,13.5,1.8857530721806184,-11.111111111111104,3.035787908804899,1.1160153962011643,-19.393939393939373,12.391065213274375,0.0399999999999999,0.7154999999999996,3.726811547137929,5.724746375517612,0,1,1,1,0,0,0,0,1,1,0,0,0,0,0,1,0.02861999999999991,-9.712839583857127,0.0,0.0,0.0,0.0,0.0,0.0,0.0,0.2281407457183526,1.1455168801378313,2.425297966054252,-1.8347522688389573,1.6626397841091225,0.7599163571814088,0.005,-0.029999999999999798,-0.6000000000000005,-0.07593147763076402,775202.3029718498,7.54969050749865,-0.005893756475898959,0.6966424692781934,432.1442846492226,-0.0618929018045472,4.446950974686026,-5.6000000000000005,-0.8598921659765528,1.0488920075942445,0.9913309320792917,0.3934435912323278,-0.005893756475898959,1.6984455245183239,-0.008716330274534294,-0.6267104428252915,-0.20499531932472856,0.21450585802344238
2022-04-01,3.997760232542524,4.666666666666667,105505.87172657148,296.40000000000003,1.4029708973638868,16.5,2.400221107090128,-16.666666666666675,2.752104219224938,0.0,0.0,12.487789103169566,0.65,1.4516666666666669,5.170098662987526,6.605658635895493,1,1,1,1,0,0,1,0,0,0,0,0,0,1,0,1,0.9435833333333336,6.547197521031472,0.0,0.0,0.0,0.0,0.0,1.4516666666666669,2.400221107090128,2.4285200665680406,1.3283304061431966,2.1489501215458455,2.200379320849688,1.5009582680812321,1.648358382556404,0.015,0.049999999999999795,-0.6999999999999993,0.4289910776279273,806193.0323618122,7.641214836375536,0.012122924613397146,1.4276644555957656,887.3997496644124,0.2790038490502911,5.995412486467107,-4.666666666666667,-0.18384216251069138,1.6459314966131706,0.8423382596310135,0.7681425312444975,0.012122924613397146,1.3920023407888489,0.07343354083171776,0.18423532773848428,0.4380209488487882,0.5219230395519597
2022-07-01,0.1687711419318782,4.133333333333334,108026.90776656847,299.6025,3.086229908096529,16.5,1.0804655870445323,-11.428571428571422,2.3894746318295024,0.0,0.0,11.79553570041778,1.42,0.3375000000000003,5.512385544635545,2.581745110807681,0,1,0,0,0,0,1,0,0,0,0,0,0,1,0,1,0.4792500000000004,12.756416953465655,0.0,0.0,0.0,0.0,0.0,0.0,0.0,3.997760232542524,3.213140149555282,2.179328514846557,1.5692401659744832,1.5480612905066233,0.0785365561721241,0.345,0.6100000000000001,-0.9333333333333336,0.5144680349095097,807553.6535487045,7.475486156594601,-0.021688786839494822,0.326695344129555,201.83812622805442,0.2790038490502911,6.905283605110621,-4.133333333333334,0.17886737050543547,1.9870969189096994,0.6518826454402182,0.939282311618451,-0.021688786839494822,1.4812790899803134,0.9203997411147675,0.18423532773848428,-0.7687207596401957,0.4542983497983425
2022-10-01,-1.5920618245248597,4.6000000000000005,110020.66114595393,299.79283333333336,3.326863859086296,16.5,0.0635286198657603,11.290322580645174,1.845608118019704,0.0,0.0,10.401872937762713,1.463333333333333,1.107333333333333,6.6344117080876455,0.117248936550835,0,1,0,0,0,0,1,0,0,0,0,0,0,1,0,1,1.620397777777777,15.303573751796963,0.0,0.0,0.0,0.0,0.0,0.0,0.0,0.1687711419318782,2.083265687237201,1.7057980466901992,-3.8289890906106456,1.8548441609705426,-0.730528607173735,1.035,0.7699999999999999,-0.5333333333333332,-1.3197555200455957,794696.9001179999,7.223160557667902,-0.0337537377022773,1.1066980471346755,639.8757166019404,0.2790038490502911,8.940142730681163,-4.6000000000000005,0.2307193002647985,1.6885771744002365,0.3662401205998536,0.7618455317549628,-0.0337537377022773,2.0627402356218068,0.4126745006806868,0.18423532773848428,-1.1993194720796538,0.365082647990331
2023-01-01,-0.3599516486340826,4.966666666666667,111000.0,301.03950000000003,2.474071136710404,16.5,0.4158427180547486,7.971014492753614,0.890140855222521,1.5662196608666743,5.263157894736814,8.102832398677906,0.8633333333333337,-0.331666666666667,6.317969252295281,0.3701585926873115,0,1,1,1,0,0,1,0,0,0,0,0,0,1,0,1,-0.2863388888888893,12.287886645661672,0.0,0.0,-0.0,0.0,0.0,-0.0,0.0,-1.5920618245248597,-0.7116453412964907,1.2507474041293962,-1.760832966456738,2.4620766889176267,-0.21101656748435454,1.4416666666666664,0.043333333333333,0.4666666666666668,-1.016936967178772,791836.3755243812,7.133661040760191,-0.012390630970081529,-0.3358250938472145,-189.27980628150397,0.2790038490502911,18.536392193654862,-4.966666666666667,0.04695907791025973,1.454025946571373,-0.13557801752355,0.4551356689860276,-0.012390630970081529,3.213658866890098,-0.8432587213542438,0.18423532773848428,-0.4368691018119444,0.5294415928655984
