Date,ZHVI_pct_change,Unemployment_Rate,Median_Household_Income,CPI,GDP_Growth,Poverty_Rate_lag5,CPI_pct_change,Unemployment_Rate_pct_change,Median_Household_Income_pct_change,Population_pct_change,Poverty_Rate_pct_change,Income_yoy_pct,Interest_Rate_diff1,Mortgage_Rate_diff1,real_mortgage_rate,Income_CPI_interaction,hot_market,rising_rates,accelerating_prices,accelerating_inflation,recession_period,pandemic_period,lag_1,lag_2,lag_3,lag_4,lag_5,lag_6,lag_7,lag_8,ma_2,ma_4,ma_8,std_2,std_4,std_8,momentum_2,momentum_4,momentum_8,trend_strength_2,trend_strength_4,trend_strength_8
2003-07-01,3.835799966766906,7.366666666666667,44579.54079333356,190.5,6.6484025309919055,17.5,0.8114305874051819,0.454545454545463,-1.2952634078081893,0.0,0.0,4.432936232079232,-0.2300000000000002,0.5058333333333342,5.984936936936937,-1.0510163478422367,1,0,1,1,0,0,3.3920945830221427,3.000883181574343,3.854242698587784,4.170840275328436,3.0993846210591425,2.769883566884768,3.261312294157137,3.41683632814751,3.196488882298243,3.6045151846281764,3.370684693595158,0.27662823484123383,0.5139980696080992,0.4566878989254713,-0.46214811556564106,0.29270996196300025,0.6914811843685253,1.2000041633209138,1.0641652955507213,1.137988366000398
2003-10-01,3.7270764986827576,7.3,43841.68980292292,190.51666666666665,3.632645364144345,17.5,0.0087489063866907,-0.9049773755656187,-1.6551336718142684,0.0,0.0,-1.0417324281279503,-0.0199999999999997,-0.0945,5.893768175151896,-0.0144806095521628,1,0,0,0,0,0,3.835799966766906,3.3920945830221427,3.000883181574343,3.854242698587784,4.170840275328436,3.0993846210591425,2.769883566884768,3.261312294157137,3.6139472748945245,3.520755107487794,3.4230551484225824,0.31374708569490284,0.4071394464982107,0.48582886270047454,0.8349167851925627,-0.3350403085615299,0.4189636386193958,1.0313035069919594,1.0586014604526648,1.0888157908879368
2004-01-01,3.2586032329368964,7.6,43358.48144332345,191.75,2.320480717670294,17.5,0.6473624354824681,4.109589041095885,-1.102166366697055,-0.1315738555009327,13.7142857142857,-4.044509309825672,0.0066666666666663,-0.3226666666666666,5.57510597174087,-0.7135011034518685,1,0,0,1,0,0,3.7270764986827576,3.835799966766906,3.3920945830221427,3.000883181574343,3.854242698587784,4.170840275328436,3.0993846210591425,2.769883566884768,3.781438232724832,3.4889635575115374,3.4812756739882853,0.07687910155642584,0.3762088600462904,0.4915513315094176,0.33498191566061486,-0.1271661999050262,0.4657642045256205,0.8617364696682641,0.9339745684420554,0.9360371134308112
2004-04-01,4.5207885558619765,8.066666666666666,43345.41124972695,194.1,3.45307643082959,17.5,1.2255541069100315,6.140350877192979,-0.0301444911385617,0.0,0.0,-4.0277821676368735,0.0066666666666668,0.5316666666666663,6.102001381783971,-0.0369437049155774,1,1,1,1,0,0,3.2586032329368964,3.7270764986827576,3.835799966766906,3.3920945830221427,3.000883181574343,3.854242698587784,4.170840275328436,3.0993846210591425,3.492839865809827,3.5533935703521755,3.542365632244801,0.33126062301350784,0.27254225279550703,0.41490229530011186,-0.5771967338300095,0.25772005136255327,0.48871966605212824,1.2943016941928474,1.2722453807485004,1.2762060795506158
2004-07-01,6.453658291478281,8.366666666666667,43734.555517465305,195.95,3.842246871242885,17.5,0.9531169500257564,3.7190082644628086,0.8977750043628996,0.0,0.0,-1.8954553161180443,0.4233333333333331,-0.2366666666666672,5.863891076115484,0.855684573967727,1,1,1,0,0,0,4.5207885558619765,3.2586032329368964,3.7270764986827576,3.835799966766906,3.3920945830221427,3.000883181574343,3.854242698587784,4.170840275328436,3.8896958943994364,3.835567063562134,3.720041124095155,0.8924998009544568,0.520956176106693,0.4947637243417304,0.7937120571792189,1.1286939728398337,1.421403934802834,1.6591678287165217,1.6825825711113227,1.734835201061934
2004-10-01,5.634328170082248,8.299999999999999,44421.11123096842,197.25,4.45954366075684,17.5,0.6634345496300043,-0.7968127490040056,1.5698243765823516,0.0,0.0,1.3216220238090992,0.5166666666666668,-0.1576666666666666,5.699490843612399,1.041475728276115,1,1,0,0,0,0,6.453658291478281,4.5207885558619765,3.2586032329368964,3.7270764986827576,3.835799966766906,3.3920945830221427,3.000883181574343,3.854242698587784,5.4872234236701285,4.490031644739978,4.0053933761138865,1.3667452972045375,1.4089348321401693,1.0909742488563217,3.195055058541385,2.6178583247113756,2.2828180161498457,1.0268085942660101,1.2548526638298418,1.4066853467333555
2005-01-01,4.572401526512016,7.899999999999999,45296.47651208357,199.3,3.703069780658831,17.5,1.0392902408111526,-4.81927710843374,1.9706064455787156,-0.1088499596656356,-5.025125628140703,4.469702360986494,0.5200000000000002,0.0203333333333342,5.715792481529769,2.0480320473695124,1,1,0,1,0,0,5.634328170082248,6.453658291478281,4.5207885558619765,3.2586032329368964,3.7270764986827576,3.835799966766906,3.3920945830221427,3.000883181574343,6.043993230780265,4.96684456258985,4.227904060050694,0.5793538848695293,1.3872279111180332,1.228591974673752,1.1135396142202714,1.9072516713994903,1.780085471494464,0.7565199615423346,0.9205847835366605,1.0814818552096455
2005-04-01,5.455903312462218,7.233333333333333,46248.25163996994,201.7333333333333,2.240804762461953,19.9,1.220939956514444,-8.43881856540083,2.101212282223464,0.0,0.0,6.696995844655351,0.4733333333333331,-0.0361666666666664,5.679673192512452,2.5654540324855315,1,1,1,1,0,0,4.572401526512016,5.634328170082248,6.453658291478281,4.5207885558619765,3.2586032329368964,3.7270764986827576,3.835799966766906,3.3920945830221427,5.103364848297132,5.295294135983631,4.424343853167903,0.7508955307911781,0.9272152233939167,1.125703412554072,-1.881256764966265,1.31379829357512,1.5715183449376733,1.0690796121078272,1.0303305486634224,1.233155354450062
2005-07-01,5.80961498122341,6.566666666666666,47198.41768945148,204.2,2.769544343635219,19.9,1.2227362855254498,-9.216589861751157,2.054490744597937,0.0,0.0,7.920195211776848,0.5166666666666662,0.0440000000000004,5.720897422811943,2.5121003816960963,1,1,1,1,0,0,5.455903312462218,4.572401526512016,5.634328170082248,6.453658291478281,4.5207885558619765,3.2586032329368964,3.7270764986827576,3.835799966766906,5.014152419487117,5.5290728251336905,4.682319944347912,0.6247301040358103,0.7716887808365411,1.0913046101295572,-0.1784248576200298,0.9351147566002416,2.0638087294400753,1.1586434745471217,1.0507394575840003,1.2407556617817777
2005-10-01,4.222096412033149,6.266666666666667,48030.35048787444,204.7333333333333,3.3331525251349383,19.9,0.261181847861569,-4.5685279187817285,1.7626285777137207,0.0,0.0,8.125053959455709,0.5200000000000005,0.4593333333333333,6.18439501478665,0.4603665890208788,1,1,0,0,0,0,5.80961498122341,5.455903312462218,4.572401526512016,5.634328170082248,6.453658291478281,4.5207885558619765,3.2586032329368964,3.7270764986827576,5.6327591468428135,5.368061997569973,4.929046821154976,0.25011191956584167,0.549744908663334,1.095694501116517,1.2372134547113935,-0.6440433102548715,1.973815014456504,0.7495609703815673,0.7865215442639107,0.8565746208602307
2006-01-01,2.7647274704225566,6.233333333333333,48644.65579012273,206.0,4.674884633576658,19.9,0.6186909801367602,-0.5319148936170248,1.2789940027678304,0.6250705298200154,3.70370370370372,7.391699169241073,0.476666666666667,0.0181666666666657,6.206882338183643,0.7913020531614671,1,1,0,1,0,0,4.222096412033149,5.80961498122341,5.455903312462218,4.572401526512016,5.634328170082248,6.453658291478281,4.5207885558619765,3.2586032329368964,5.015855696628279,5.015004058057698,4.990924310323774,1.1225451455339972,0.7417093338596503,1.0301345760881149,-1.2338069004290695,-1.4122317580490993,0.49501991335039097,0.5511975697947293,0.551291173130841,0.5539509915435287
2006-04-01,2.097217107476368,6.366666666666667,49061.12008252156,209.03333333333333,0.0052692071612249,18.9,1.4724919093851208,2.1390374331550888,0.8561357576372997,0.0,0.0,6.082107631763112,0.4500000000000002,0.3551666666666664,6.5594802820004405,1.2606529764562244,0,1,0,1,0,0,2.7647274704225566,4.222096412033149,5.80961498122341,5.455903312462218,4.572401526512016,5.634328170082248,6.453658291478281,4.5207885558619765,3.4934119412278526,4.563085544035333,4.929189840009482,1.0305154613035077,1.3785650213739233,1.155902097324431,-3.0448875108008533,-1.8076740560894597,-0.49387576251433973,0.6003348997368014,0.4596050385725858,0.4254689260400516
2006-07-01,0.4895907809567168,6.400000000000001,49486.0965192027,211.3,1.81806481532316,18.9,1.0843565619518492,0.523560209424101,0.8662183740736573,0.0,0.0,4.846939668196759,0.3399999999999998,-0.0326666666666666,6.528230166503428,0.939289578010032,0,1,0,0,0,0,2.097217107476368,2.7647274704225566,4.222096412033149,5.80961498122341,5.455903312462218,4.572401526512016,5.634328170082248,6.453658291478281,2.4309722889494623,3.7234139927888705,4.6262434089612805,0.4720011041515338,1.6496984449059655,1.533987951081016,-2.1248793045567806,-3.35868620498585,-2.4235714483856086,0.20139710484659293,0.1314897515841393,0.10582901453225599
2006-10-01,-1.2786082525114262,6.3,50133.52415502897,210.45016666666663,2.9784874576350058,18.9,-0.4021927748856457,-1.5625000000000222,1.308302091628999,0.0,0.0,4.378843056091153,0.0,-0.3188333333333313,6.216243351785522,-0.5261896486209614,0,1,0,0,0,0,0.4895907809567168,2.097217107476368,2.7647274704225566,4.222096412033149,5.80961498122341,5.455903312462218,4.572401526512016,5.634328170082248,1.2934039442165424,2.3934079427221975,3.8807349701460856,1.136763477096059,1.548572300083622,1.9197477658576187,-2.27513668946584,-5.320024200266693,-5.964067510521565,-0.9885606567296511,-0.5342207776987535,-0.32947579835973556
2007-01-01,-1.056650847095686,6.066666666666666,51208.85910660483,212.778,1.31335992464869,18.9,1.1061209264901397,-3.703703703703709,2.144941872130479,0.6523784741387928,-16.326530612244916,5.271295016548905,0.0099999999999997,-0.0246666666666683,6.186597087378641,2.37256509086846,0,1,1,1,0,0,-1.2786082525114262,0.4895907809567168,2.097217107476368,2.7647274704225566,4.222096412033149,5.80961498122341,5.455903312462218,4.572401526512016,-0.3945087357773547,1.0182317765860538,3.016617917321876,1.2503055270528174,1.8045675358554663,2.489066592751879,-3.375825359987794,-5.500704664544575,-6.912936422593674,2.6783965759683923,-1.0377311643508556,-0.35027665950939196
2007-04-01,-0.7906087542964957,5.900000000000001,52668.8166693778,216.00683333333336,2.547233307156661,19.6,1.5174657781036327,-2.7472527472527264,2.850986310266501,0.0,0.0,7.353473750269135,-0.0066666666666668,0.1469999999999993,6.33313929197895,4.326274159671361,0,1,1,1,0,0,-1.056650847095686,-1.2786082525114262,0.4895907809567168,2.097217107476368,2.7647274704225566,4.222096412033149,5.80961498122341,5.455903312462218,-1.167629549803556,0.06288719720649316,2.312986370620913,0.15694758650399207,1.5677531275105927,2.7665978199774255,-1.5462416280524027,-3.8213783175182425,-5.629052373607703,0.6771058118814388,-12.57185547163906,-0.34181297578690856
2007-07-01,-1.7867551756982405,5.900000000000001,54170.54245254051,217.8275,2.6815443162781527,19.6,0.842874569554497,0.0,2.8512616727078166,0.0,0.0,9.466185985229302,-0.1766666666666667,0.1833333333333335,6.5189412367881365,2.403255955070836,0,0,0,0,0,0,-0.7906087542964957,-1.056650847095686,-1.2786082525114262,0.4895907809567168,2.097217107476368,2.7647274704225566,4.222096412033149,5.80961498122341,-0.9236298006960908,-0.6590692682367227,1.5321723622760741,0.18812016789932795,0.7913326754890637,2.6310089361200433,0.4879994982149305,-2.8878258617728636,-6.246512066758713,1.9344927744337157,2.711027902239372,-1.1661580770481843
2007-10-01,-2.373704672958965,5.933333333333334,55262.74595178171,218.728,0.941514170783304,19.6,0.41340051187293,0.5649717514124131,2.0162314235603107,0.0,0.0,10.231121556289423,-0.5766666666666662,-0.323833333333333,6.186666064254324,0.8335111025541189,0,0,0,0,0,0,-1.7867551756982405,-0.7906087542964957,-1.056650847095686,-1.2786082525114262,0.4895907809567168,2.097217107476368,2.7647274704225566,4.222096412033149,-1.2886819649973682,-1.228155757400462,0.5826260926608677,0.7043818896278746,0.42246896476523355,2.2026320570892532,-0.7301043286025546,-2.276345956654957,-7.59637015692165,1.841963135538886,1.932739116073676,-4.074147558545134
2008-01-01,-3.0248917546621734,6.1000000000000005,55529.10763037779,221.5705,-0.7617567680213432,19.6,1.2995592699608594,2.80898876404494,0.4819913922273766,1.0153132638352158,4.878048780487809,8.436525630807768,-1.3200000000000007,-0.3441666666666672,5.840510922181804,0.6263763818104278,0,0,0,1,1,0,-2.373704672958965,-1.7867551756982405,-0.7906087542964957,-1.056650847095686,-1.2786082525114262,0.4895907809567168,2.097217107476368,2.7647274704225566,-2.080229924328603,-1.5019298625123467,-0.24184904296314647,0.41503596972707213,0.7177204422625172,1.852303170514302,-1.5830959186624693,-1.0950964204475389,-6.595801084992114,1.4541141434827023,2.014003336748561,12.507354660581036
2008-04-01,-4.039397458397021,6.433333333333334,54934.44761109061,224.9286666666667,2.106228371788458,16.4,1.515619934362511,5.464480874316924,-1.0708978491883123,0.0,0.0,4.3016552962164445,-1.09,0.2093333333333333,6.0498631893846975,-1.6230741278957443,0,0,0,1,1,0,-3.0248917546621734,-2.373704672958965,-1.7867551756982405,-0.7906087542964957,-1.056650847095686,-1.2786082525114262,0.4895907809567168,2.097217107476368,-2.6992982138105694,-1.9939900894039684,-0.9655514460987378,0.4604588012933967,0.9483343917170634,1.627138255006802,-1.238136578963933,-1.9682409075664875,-5.78961922508473,1.4964620943806903,2.025786125950332,4.183513446868113
2008-07-01,-4.661598243832932,7.0,53980.169637772255,228.8945,-4.941677871198171,16.4,1.7631515769443773,8.808290155440401,-1.7371212687423032,0.0,0.0,-0.3514323581585765,-0.1466666666666665,0.2225000000000001,6.262860409421828,-3.062808104326609,0,0,0,1,1,0,-4.039397458397021,-3.0248917546621734,-2.373704672958965,-1.7867551756982405,-0.7906087542964957,-1.056650847095686,-1.2786082525114262,0.4895907809567168,-3.5321446065295974,-2.8061872654290996,-1.7326282668329114,0.7173638626633266,0.9652153493760439,1.4088382047244468,-1.6656927854380559,-3.2487887041005252,-6.136614565873389,1.3197642687718398,1.6611857309957958,2.6904780056220106
2008-10-01,-4.296349363347495,7.866666666666667,53252.678623265005,224.1628333333333,-8.071934455669401,16.4,-2.0671823336369743,12.38095238095238,-1.3477004970325113,0.0,0.0,-3.637291802818754,-1.4333333333333331,-0.4558333333333335,5.832985882008704,2.7859426584993767,0,0,1,0,1,0,-4.661598243832932,-4.039397458397021,-3.0248917546621734,-2.373704672958965,-1.7867551756982405,-0.7906087542964957,-1.056650847095686,-1.2786082525114262,-4.3504978511149766,-3.5248980324627723,-2.376526894931618,0.4399623946413022,1.0217712494521898,1.4251586224150492,-1.6367064891707588,-2.874843068134692,-5.151189024789649,0.9875534962616741,1.2188577722759617,1.8078269480182418
2009-01-01,-3.559675358116998,9.033333333333331,53312.78523888485,222.23,-2.9524114856114774,16.4,-0.8622452279853032,14.83050847457623,0.1128705957592624,2.0667452553788435,6.976744186046502,-3.991280404226194,-0.3233333333333334,-0.7978333333333332,5.0570235207304215,-0.0973221325732822,0,0,1,1,1,0,-4.296349363347495,-4.661598243832932,-4.039397458397021,-3.0248917546621734,-2.373704672958965,-1.7867551756982405,-0.7906087542964957,-1.056650847095686,-4.478973803590214,-4.005559205059905,-2.7537445337861266,0.25826996021200077,0.701854641220818,1.4909003742544595,-0.2569519049504745,-1.9226446903885304,-3.017741110836069,0.7947524397806629,0.8886837457352629,1.292667244344121
2009-04-01,-2.7707488071088027,9.9,54262.56521109067,223.841,-0.0569818663740229,17.2,0.7249246276380461,9.594095940959434,1.7815238276335243,0.0,0.0,-1.2230620843892814,-0.0033333333333332,-0.0308333333333328,5.034002273807301,1.291470497375539,0,0,1,1,1,0,-3.559675358116998,-4.296349363347495,-4.661598243832932,-4.039397458397021,-3.0248917546621734,-2.373704672958965,-1.7867551756982405,-0.7906087542964957,-3.9280123607322466,-4.139255105923612,-3.06662259766379,0.5209071846223174,0.4631073285512386,1.3387490712825925,1.101922885715934,-0.5347836034548248,-2.5030245110213123,0.7053818961486896,0.6693834364409276,0.9035180296459077
2009-07-01,-1.4462908242649952,10.466666666666669,55586.81076073167,226.6325,2.710712946865507,17.2,1.2470905687519185,5.723905723905731,2.440440374481856,0.0,0.0,2.976354342234555,-0.0233333333333334,0.1281666666666661,5.167215615345351,3.0434501746177225,0,0,1,1,0,0,-2.7707488071088027,-3.559675358116998,-4.296349363347495,-4.661598243832932,-4.039397458397021,-3.0248917546621734,-2.373704672958965,-1.7867551756982405,-3.1652120826129004,-3.822092943101557,-3.314140104265329,0.5578553140759915,0.8374317451382735,0.9973483763863848,1.5256005562386927,1.2686486512882182,-1.980140052812307,0.4569333070001028,0.3784028399611228,0.4364000249728747
2009-10-01,-0.94023591221164,10.6,56642.28861183379,226.79216666666665,3.765498196999057,17.2,0.0704517960427697,1.2738853503184489,1.8987918836454345,0.0,0.0,6.365144582770221,-0.0366666666666666,-0.2383333333333332,4.907270431390276,0.1337732985142547,0,0,1,0,0,0,-1.4462908242649952,-2.7707488071088027,-3.559675358116998,-4.296349363347495,-4.661598243832932,-4.039397458397021,-3.0248917546621734,-2.373704672958965,-2.1085198156868987,-3.0182660882095727,-3.271582060336173,0.9365332210655026,1.219151602635492,1.0759974245271338,2.113384533852003,3.215307419567937,0.34046435143324527,0.44592225561102283,0.31151524906453343,0.2873948734500108
2010-01-01,0.8507901865896228,10.333333333333334,56820.72525581703,227.96,2.2053924452108684,17.2,0.5149354805758399,-2.51572327044024,0.3150237187731886,2.204218645521672,4.347826086956519,6.579922623088885,0.0133333333333333,0.0768333333333339,4.970049235776748,0.1622168900192601,0,0,1,1,0,0,-0.94023591221164,-1.4462908242649952,-2.7707488071088027,-3.559675358116998,-4.296349363347495,-4.661598243832932,-4.039397458397021,-3.0248917546621734,-1.1932633682383176,-2.179237725425609,-3.0923984652427574,0.35783485996566744,1.201087017465572,1.3350511053209129,1.8305128948971627,3.3561134511358555,1.433468760747325,-0.7129944731695674,-0.390407240414059,-0.27512307878565534
2010-04-01,1.1151228619140197,9.833333333333334,56069.12518830504,228.57066666666665,3.9565205880274887,18.4,0.2678832543721032,-4.838709677419351,-1.3227569062664202,0.0,0.0,3.3292933538739744,0.06,-0.0881666666666669,4.886537085103563,-0.3543444247938238,0,1,1,0,0,0,0.8507901865896228,-0.94023591221164,-1.4462908242649952,-2.7707488071088027,-3.559675358116998,-4.296349363347495,-4.661598243832932,-4.039397458397021,-0.044722862811008623,-1.0766213392489536,-2.607938222586283,1.2664466997444555,1.498915116581849,1.9325444349346506,2.297081010854618,4.410465544706621,3.875681941251796,-24.9340670928501,-1.0357614337199785,-0.4275879130327544
2010-07-01,-0.1819001160805133,9.733333333333333,55100.24942176289,229.522,2.9342676566421746,18.4,0.4162097206990678,-1.0169491525423902,-1.7280022887609436,0.0,0.0,-0.8753179617789875,-0.0066666666666667,-0.4618333333333329,4.433083617383503,-0.7192113499725423,0,1,0,1,0,0,1.1151228619140197,0.8507901865896228,-0.94023591221164,-1.4462908242649952,-2.7707488071088027,-3.559675358116998,-4.296349363347495,-4.661598243832932,0.9829565242518212,-0.10515342199324795,-1.9636231825474026,0.18691142721103537,1.2778777574685398,2.224348035446036,2.0553587741256596,3.8858716690228223,5.154520320311041,-0.18505408081905436,1.7298544605823036,0.09263494019485694
2010-10-01,-1.134582199191514,9.9,54767.86647508096,230.91766666666663,0.7980836066330499,18.4,0.6080753333739919,1.7123287671233056,-0.603233107236445,0.0,0.0,-3.3092274035714464,0.0,-0.0328333333333334,4.394809336448276,-0.3668111727850303,0,0,0,1,0,0,-0.1819001160805133,1.1151228619140197,0.8507901865896228,-0.94023591221164,-1.4462908242649952,-2.7707488071088027,-3.559675358116998,-4.296349363347495,0.4666113729167532,0.21094425505287254,-1.4036609165783502,0.9171337430946981,0.9498217809399425,2.000752537683773,-1.0326903026701362,1.2643907081844818,4.479698127752419,-2.4315356741078222,-5.378587811775838,0.8083021944909893
2011-01-01,-0.4392365242265938,10.033333333333331,55879.853360022935,233.976,0.1124047517898875,18.4,1.324425877621627,1.3468013468013185,2.030363708704841,2.479505420613859,-2.604166666666663,-1.6558604128302123,-0.03,0.4348333333333327,4.821442738492133,2.6890662367925096,0,0,1,1,0,0,-1.134582199191514,-0.1819001160805133,1.1151228619140197,0.8507901865896228,-0.94023591221164,-1.4462908242649952,-2.7707488071088027,-3.559675358116998,-0.6582411576360137,0.16235768330790407,-1.0084400210588527,0.6736479612827035,1.0299299795611314,1.6246421793021457,-2.2497050611055336,-0.19434628697987388,3.1617671641559815,0.6672881498386608,-2.705363339002574,0.43556038540140396
2011-04-01,-0.0058545358804895,10.4,58491.43172944897,237.1275,1.9624451079464549,19.2,1.346933018771157,3.6544850498339,4.673559811619654,0.0,0.0,4.320214615456797,-0.0633333333333333,-0.1853333333333324,4.625063729379098,6.294972025472421,0,0,1,1,0,0,-0.4392365242265938,-1.134582199191514,-0.1819001160805133,1.1151228619140197,0.8507901865896228,-0.94023591221164,-1.4462908242649952,-2.7707488071088027,-0.7869093617090539,-0.1601489943961501,-0.6183851668225521,0.4916836420364163,0.9406028809059784,1.2577919449017925,-0.2573364081460805,-1.2900267108162167,3.1204388338904043,0.007439911335880273,0.036556807006902066,0.009467458462129447
2011-07-01,-0.7342724927607569,10.4,61688.02183932505,238.458,0.9885823371511672,19.2,0.5610905525508469,0.0,5.465057044016031,0.0,0.0,11.95597567469484,-0.0099999999999999,-0.3555000000000001,4.268066912975662,3.066391876548853,0,0,0,0,0,0,-0.0058545358804895,-0.4392365242265938,-1.134582199191514,-0.1819001160805133,1.1151228619140197,0.8507901865896228,-0.94023591221164,-1.4462908242649952,-0.22254553005354166,-0.44039334384477735,-0.27277338291901293,0.3064473428036171,0.4958300211249134,0.9150510156778091,1.1287276633110244,-1.1209773977945092,2.764894271228313,3.2994259313323444,1.6673106054472095,2.6918773558590363
2011-10-01,-0.7559611999165661,9.933333333333334,64302.84973975597,238.40316666666664,4.953571873325849,19.2,-0.0229949648715366,-4.487179487179493,4.238793565534649,0.0,0.0,17.40981323238757,-0.0099999999999999,-0.3010000000000001,3.973583684228001,-0.0974709091371647,0,0,0,0,0,0,-0.7342724927607569,-0.0058545358804895,-0.4392365242265938,-1.134582199191514,-0.1819001160805133,1.1151228619140197,0.8507901865896228,-0.94023591221164,-0.37006351432062323,-0.5784864380148382,-0.18377109148098314,0.5150692768480735,0.4763785694465919,0.8136070927175973,-0.2950359685341631,-0.5523723766802436,0.7120183315042383,2.042787712548179,1.3067915688927103,4.113602383402037
2012-01-01,0.2307421565466816,9.466666666666669,65234.582243198645,240.6145,2.70518469344824,19.2,0.9275603861526038,-4.69798657718119,1.4489754454328985,2.490286801334851,-2.67379679144385,16.740789963969704,0.03,-0.086333333333334,3.891294098540021,1.3440122236913803,0,1,1,1,0,0,-0.7559611999165661,-0.7342724927607569,-0.0058545358804895,-0.4392365242265938,-1.134582199191514,-0.1819001160805133,1.1151228619140197,0.8507901865896228,-0.7451168463386615,-0.48383118819610127,-0.16073675244409888,0.015336231904545037,0.349869477817258,0.7914375129410496,-0.7501066640360766,0.37862099927494786,0.18427471229507397,-0.30967244624852763,-0.4769063305054234,-1.4355282972817884
2012-04-01,1.395073499166788,9.1,64240.82878633269,242.2938333333333,1.4257310195086024,18.7,0.6979352172596931,-3.8732394366197465,-1.5233537530158103,0.0,0.0,9.829468841654364,0.0499999999999999,-0.1253333333333333,3.7725461794463593,-1.0632022325744583,0,1,1,0,0,0,0.2307421565466816,-0.7559611999165661,-0.7342724927607569,-0.0058545358804895,-0.4392365242265938,-1.134582199191514,-0.1819001160805133,1.1151228619140197,-0.2626095216849423,-0.31633651800278245,-0.23824275619946655,0.6977046343746797,0.504524355974358,0.7037273113400089,0.9650146493074385,0.6699786807732754,-0.6200480300429412,-5.312349263712092,-4.410093112153802,-5.85568065708061
2012-07-01,1.7929213045371206,8.700000000000001,62302.35681945996,243.232,0.141326884519971,18.7,0.3872020404976695,-4.39560439560438,-3.0175077182147847,0.0,0.0,0.9958740154369484,-0.0099999999999999,-0.2444999999999995,3.5298130362579574,-1.1683851457102312,0,1,1,0,0,0,1.395073499166788,0.2307421565466816,-0.7559611999165661,-0.7342724927607569,-0.0058545358804895,-0.4392365242265938,-1.134582199191514,-0.1819001160805133,0.8129078278567348,0.03389549075903686,-0.20324892654287052,0.8233065879147079,1.0174330155042848,0.7831212139272775,2.151034699083354,1.4009280350472775,0.27995063725276825,2.2055653090021683,52.89557001204093,-8.821307620332973
2012-10-01,2.1903015433144546,8.633333333333333,60584.97329681778,243.49816666666663,1.8141298092389764,18.7,0.109429132131722,-0.7662835249042321,-2.7565305877895185,0.0,0.0,-5.78182220225859,0.0166666666666666,-0.1900000000000004,3.3384619729137635,-0.3016447499163525,0,1,1,0,0,0,1.7929213045371206,1.395073499166788,0.2307421565466816,-0.7559611999165661,-0.7342724927607569,-0.0058545358804895,-0.4392365242265938,-1.134582199191514,1.5939974018519543,0.6656939400835062,0.043603751034333754,0.28132088105753217,1.1565642313150317,1.0549002467563344,1.562179147990439,2.5271937972978775,1.974821420617634,1.3740935466831352,3.290253089940548,50.23195232882151
2013-01-01,1.8638289713655665,8.7,60214.6360479471,244.475,3.392923450629045,18.7,0.4011666070038888,0.7722007722007707,-0.6112691459915776,2.488765008171612,3.846153846153833,-7.695222415216629,-0.0166666666666666,0.1440000000000001,3.487788996853196,-0.2452207692636059,0,0,0,1,0,0,2.1903015433144546,1.7929213045371206,1.395073499166788,0.2307421565466816,-0.7559611999165661,-0.7342724927607569,-0.0058545358804895,-0.4392365242265938,1.9916114239257876,1.4022596258912614,0.45921421884757985,0.28099026154896833,0.8457997068209442,1.1727887706944633,0.7952280441476667,2.9462627432310207,3.3248837425059685,0.9358396668018999,1.329161117493443,4.058735324099795
2013-04-01,1.8951862101837855,8.533333333333333,61567.548754222335,245.6085,1.2871157095630064,18.2,0.4636465896308506,-1.9157088122605304,2.2468170449422957,0.0,0.0,-4.16134113244675,-0.0266666666666667,0.1798333333333337,3.6699863074884513,1.041729060411961,0,0,1,1,0,0,1.8638289713655665,2.1903015433144546,1.7929213045371206,1.395073499166788,0.2307421565466816,-0.7559611999165661,-0.7342724927607569,-0.0058545358804895,2.0270652573400105,1.8105313295959826,0.7470974057965999,0.2308509694964552,0.3265891280561409,1.2030170130198514,0.07090766682844585,1.6330868148188848,2.3030654955921603,0.9349408971029963,1.0467569266568248,2.536732420002215
2013-07-01,2.0800482967781697,8.4,64008.20860963295,247.008,4.362279071273131,18.2,0.5698092696303281,-1.5625,3.964198518205975,0.0,0.0,2.738021284036196,-0.0333333333333333,0.7550000000000003,4.42314239354471,2.2588370623285754,0,0,1,1,0,0,1.8951862101837855,1.8638289713655665,2.1903015433144546,1.7929213045371206,1.395073499166788,0.2307421565466816,-0.7559611999165661,-0.7342724927607569,1.879507590774676,1.935559507350232,0.9847274990546343,0.022172916207469657,0.17513274461164183,1.2206658792768896,-0.29511533313066907,0.5001127110169976,1.901040746064275,1.1066985347586902,1.0746496239868863,2.1123085308118985
2013-10-01,2.0377881622120064,8.1,66703.64256368113,247.4288333333333,1.4529237692193964,18.2,0.1703723496135012,-3.571428571428581,4.211075442662104,0.0,0.0,10.099318253202473,0.0033333333333332,-0.1371666666666673,4.285357510220816,0.7174508175660576,0,0,0,0,0,0,2.0800482967781697,1.8951862101837855,1.8638289713655665,2.1903015433144546,1.7929213045371206,1.395073499166788,0.2307421565466816,-0.7559611999165661,1.9876172534809777,2.0073412554104944,1.336517597747,0.130717235015154,0.1548497235557409,1.0477794759514913,0.21621932541260325,0.2871269922410491,2.8143207895389266,1.0252417353709136,1.01516777813411,1.5246998360868238
2014-01-01,1.4865338005086717,7.866666666666667,68842.66671679867,248.635,0.0072982428809042,18.2,0.4874802384254639,-2.8806584362139787,3.20675763857341,1.8484895458431128,-6.349206349206349,14.328793189053467,-0.0133333333333332,0.0575000000000009,4.34198394518867,1.5632309782244436,0,0,0,1,0,0,2.0377881622120064,2.0800482967781697,1.8951862101837855,1.8638289713655665,2.1903015433144546,1.7929213045371206,1.395073499166788,0.2307421565466816,2.058918229495088,1.9692129101348823,1.6857362680130716,0.029882427725461385,0.10578716838684969,0.6350001417537011,0.1426019520282209,-0.15251338110244816,2.7937493621285725,0.7219974932531521,0.7548872916981083,0.8818305856709163
2014-04-01,1.2201916259853007,7.8,70015.11717835604,250.2815,6.342136052172138,18.9,0.6622156977095006,-0.8474576271186529,1.703086933544462,0.0,0.0,13.720813310038382,0.0199999999999999,-0.1283333333333338,4.211640452183048,1.12781090195708,0,1,0,1,0,0,1.4865338005086717,2.0377881622120064,2.0800482967781697,1.8951862101837855,1.8638289713655665,2.1903015433144546,1.7929213045371206,1.395073499166788,1.762160981360339,1.8748891174206586,1.8427102235083206,0.38979569731907926,0.2707140014954014,0.2798273542275451,-0.593514496269498,-0.3772951708568948,1.25579164396199,0.6924404971464906,0.6508073542311426,0.6621722777779938
2014-07-01,0.4264140546889949,7.666666666666667,70426.43468462182,250.48,3.664293579725959,18.9,0.0793106961561207,-1.709401709401703,0.5874695677763331,0.0,0.0,10.02719215926151,-0.0033333333333332,-0.0948333333333337,4.121777108433735,0.0465926203908763,0,1,0,0,0,0,1.2201916259853007,1.4865338005086717,2.0377881622120064,2.0800482967781697,1.8951862101837855,1.8638289713655665,2.1903015433144546,1.7929213045371206,1.353362713246986,1.7061404713710373,1.8208499893606347,0.18833235772142215,0.42196785934466274,0.3232538245944981,-0.8175965362267057,-0.6749945841984848,-0.17488187318148718,0.3150774367545141,0.24992904268095398,0.23418406633196845
2014-10-01,0.4547812957937047,7.5,70310.70484894906,249.60816666666665,2.3040209185619265,18.9,-0.3480650484403269,-2.1739130434782594,-0.1643272674401674,0.0,0.0,5.407594168225982,0.0099999999999998,-0.1700000000000003,3.957025413480285,0.0571965783016284,0,1,1,0,0,0,0.4264140546889949,1.2201916259853007,1.4865338005086717,2.0377881622120064,2.0800482967781697,1.8951862101837855,1.8638289713655665,2.1903015433144546,0.8233028403371478,1.2927319108487436,1.6500365831296189,0.5612855034173968,0.6704318784585706,0.5906056276988007,-1.0601197458196767,-1.6536342420891748,-1.3665072498481257,0.5523864045063525,0.3517986149928935,0.27561891684311784
2015-01-01,0.5054765784839432,7.3,69927.47357226106,248.556,3.5422684861402414,18.9,-0.4215273405183573,-2.6666666666666727,-0.5450539537490084,2.020937216980645,-2.259887005649708,1.575776923234273,0.0100000000000001,-0.2491666666666661,3.71698440149885,0.2297551435628352,0,1,1,0,0,0,0.4547812957937047,0.4264140546889949,1.2201916259853007,1.4865338005086717,2.0377881622120064,2.0800482967781697,1.8951862101837855,1.8638289713655665,0.4405976752413498,0.8969801942441682,1.4330965521895251,0.020058668548415332,0.5382104426567214,0.6763294010204847,-0.765410330191596,-1.5830068664183017,-1.7355202475207498,1.1472520326101452,0.5635314823309764,0.35271634539324087
2015-04-01,0.3882882311909474,7.033333333333334,69560.32804733106,251.3795,2.1400503443636785,17.7,1.1359613125412338,-3.652968036529669,-0.5250375942019492,0.0,0.0,-0.6495584801585852,0.0133333333333332,0.1148333333333333,3.827112939829752,-0.5964223946431378,0,1,0,1,0,0,0.5054765784839432,0.4547812957937047,0.4264140546889949,1.2201916259853007,1.4865338005086717,2.0377881622120064,2.0800482967781697,1.8951862101837855,0.480128937138824,0.6517158887379861,1.2633025030793221,0.03584697816428191,0.3803922317934309,0.7217299115493763,0.07906252379494833,-0.9810572220247284,-1.3583523928816232,0.808716578310876,0.5957937160974353,0.30735966266550413
2015-07-01,0.3849165291199163,6.766666666666667,69511.79759464576,251.684,1.128043035457529,17.7,0.1211315958540737,-3.791469194312802,-0.0697674292914118,0.0,0.0,-1.2987127547659072,0.0133333333333333,0.1155000000000008,3.942193229000321,-0.0084510400487049,0,1,0,0,0,0,0.3882882311909474,0.5054765784839432,0.4547812957937047,0.4264140546889949,1.2201916259853007,1.4865338005086717,2.0377881622120064,2.0800482967781697,0.44688240483744535,0.44374004003939777,1.0749402557052175,0.08286467504685416,0.04935720947207838,0.7298521105963058,-0.06649306460275728,-0.8319033947943533,-1.506897978992838,0.8613374009655419,0.8674370000186172,0.3580817883384512
2015-10-01,0.9665933560468076,6.566666666666666,70106.21432562068,251.41516666666664,1.2013613781970394,17.7,-0.1068138353385039,-2.9556650246305494,0.8551307138411568,0.0,0.0,-0.2908383919172697,0.0233333333333333,-0.046166666666668,3.8935939868643006,-0.0913397912611266,0,1,1,0,0,0,0.3849165291199163,0.3882882311909474,0.5054765784839432,0.4547812957937047,0.4264140546889949,1.2201916259853007,1.4865338005086717,2.0377881622120064,0.38660238015543186,0.4333656586471281,0.8630487847479358,0.0023841533961982816,0.057844351185040235,0.6364516959225485,-0.12056004936402692,-0.0414975255690786,-1.6951317676582534,2.50022608670488,2.230433669027441,1.1199753398982113
2016-01-01,0.945237620802386,6.3,71649.01269645499,251.7625,2.071468634653559,17.7,0.138151304847045,-4.060913705583758,2.2006585089140662,1.560085906643005,7.514450867052025,2.461892352531425,0.1999999999999999,-0.1586666666666674,3.729266153301469,0.3040238445292308,0,1,0,1,0,0,0.9665933560468076,0.3849165291199163,0.3882882311909474,0.5054765784839432,0.4547812957937047,0.4264140546889949,1.2201916259853007,1.4865338005086717,0.675754942583362,0.5613186737104039,0.7291494339772859,0.41130762877906557,0.2759366825902235,0.43470382575548794,0.5783051248558602,0.5118120602531029,-1.0711948061651988,1.3987875799898872,1.6839589792269303,1.296356517273017
2016-04-01,0.1676681350076592,6.099999999999999,74099.48719412104,254.40383333333327,1.6789785100636716,17.3,1.0491369180609889,-3.1746031746031966,3.420109231717716,0.0,0.0,6.5254999138322,0.0133333333333333,-0.1511666666666653,3.5789690534298413,3.5881628587962613,0,1,0,1,0,0,0.945237620802386,0.9665933560468076,0.3849165291199163,0.3882882311909474,0.5054765784839432,0.4547812957937047,0.4264140546889949,1.2201916259853007,0.9559154884245968,0.6712589342900146,0.6614874115140003,0.015100785208215308,0.3288115636391039,0.3293304342436633,0.5603210916824697,0.4397610423184428,-0.5412961797062856,0.1754005840871831,0.24978160653459383,0.25347139203133656
2016-07-01,0.1131380447426,6.233333333333333,76993.66499675933,253.909,2.915620224331439,17.3,-0.1945070272132754,2.1857923497268006,3.905800042929175,0.0,0.0,10.763449746679932,0.0233333333333333,-0.1459999999999999,3.4361595492760766,-0.7597055552396372,0,1,0,0,0,0,0.1676681350076592,0.945237620802386,0.9665933560468076,0.3849165291199163,0.3882882311909474,0.5054765784839432,0.4547812957937047,0.4264140546889949,0.5564528779050226,0.6161039102441925,0.5299219751417951,0.5498246562491782,0.4023738314668164,0.28092731918025304,-0.7989252210391484,-0.2206200961832882,-1.0525234909776415,0.20332008196013107,0.1836346805488668,0.21349943963415904
2016-10-01,0.8092627682199538,6.3,79751.98351613987,253.994,1.9956854697722688,17.3,0.0334765605000342,1.0695187165775444,3.5825265877350354,0.0,0.0,13.758793401277837,0.0533333333333334,0.3676666666666666,3.802409396321666,0.119930668057293,0,1,1,1,0,0,0.1131380447426,0.1676681350076592,0.945237620802386,0.9665933560468076,0.3849165291199163,0.3882882311909474,0.5054765784839432,0.4547812957937047,0.14040308987512962,0.5481592891498634,0.4907624738984957,0.03855859660498612,0.47144291675448,0.3169426116088737,-0.832099576059786,-0.27177848437731633,-0.31327600994639493,5.763852981723467,1.4763277467668823,1.6489907261885175
2017-01-01,1.4718260242875036,6.233333333333333,81823.62103866675,254.965,2.068981729008408,17.3,0.3822924950983131,-1.058201058201058,2.5975999983845366,1.382101760387222,-10.752688172043012,14.2006260230229,0.25,0.3585000000000002,4.158446344934877,0.9930429846497986,0,1,1,1,0,0,0.8092627682199538,0.1131380447426,0.1676681350076592,0.945237620802386,0.9665933560468076,0.3849165291199163,0.3882882311909474,0.5054765784839432,0.4612004064812769,0.50882664219315,0.5350726579517768,0.4922345125224358,0.4296025299622966,0.3354334054393624,0.6415946332122946,-0.15733058782685383,0.3544814724262491,3.191293857515831,2.8925883635802236,2.7507031099693218
2017-04-01,0.9705871641110032,6.166666666666667,83053.760407842,255.4935,2.48868273162061,18.6,0.2072833526170381,-1.0695187165775333,1.5034037281165258,0.0,0.0,12.084123052381091,0.2499999999999999,-0.184833333333334,3.98205011695098,0.3116305651009475,0,1,0,0,0,0,1.4718260242875036,0.8092627682199538,0.1131380447426,0.1676681350076592,0.945237620802386,0.9665933560468076,0.3849165291199163,0.3882882311909474,1.1405443962537287,0.6404737430644294,0.6558663386772219,0.4685029713303928,0.6380345947366288,0.470184009782853,1.3586879795449036,0.5265884034851176,0.9663494458035604,0.8509858689403298,1.5154206938556192,1.4798551272939593
2017-07-01,0.2269844584014801,6.066666666666666,83898.86753230788,256.667,3.787964526854098,18.6,0.4593071839400942,-1.6216216216216273,1.01754227661206,0.0,0.0,8.968533366789577,0.2033333333333331,-0.1021666666666667,3.87330450738913,0.4673644776106777,0,1,0,1,0,0,0.9705871641110032,1.4718260242875036,0.8092627682199538,0.1131380447426,0.1676681350076592,0.945237620802386,0.9665933560468076,0.3849165291199163,1.2212065941992534,0.8412035003402654,0.7286537052922288,0.35442939702500537,0.5614043160276078,0.46790996842099813,0.1613243958910494,0.802919029103344,0.5822989329200559,0.18586900814297852,0.2698329932170578,0.311512117145479
2017-10-01,0.9324369387955888,5.933333333333334,84843.53975175181,258.2538333333334,4.443947809105219,18.6,0.6182459503299542,-2.19780219780219,1.1259654000456587,0.0,0.0,6.384237746991639,0.0500000000000002,0.0381666666666666,3.905561939783354,0.6961235487898754,0,1,1,1,0,0,0.2269844584014801,0.9705871641110032,1.4718260242875036,0.8092627682199538,0.1131380447426,0.1676681350076592,0.945237620802386,0.9665933560468076,0.5987858112562416,0.8696651037549854,0.7089121964524243,0.525806515715858,0.512987943501305,0.48740964575967693,-1.2448415658860235,0.1138464136588801,-0.1579320707184362,1.5572128151122238,1.0721793191075175,1.315306667682879
2018-01-01,1.2408733270745875,5.833333333333333,86369.00929032177,260.1225,2.726843016679755,18.6,0.7235775138542566,-1.6853932584269704,1.79797960225776,1.0139453347468574,-2.4096385542168752,5.555105229951929,0.2433333333333329,0.3465000000000002,4.248605066708502,1.300977610562335,0,1,1,1,0,0,0.9324369387955888,0.2269844584014801,0.9705871641110032,1.4718260242875036,0.8092627682199538,0.1131380447426,0.1676681350076592,0.945237620802386,0.5797106985985344,0.9004586463988942,0.704642644296022,0.49883023269153315,0.5118491908740059,0.48497349519355304,-0.038150225315414454,0.12317417057563496,-0.034156417251218874,2.140504444845387,1.3780458792161934,1.7609966372590045
2018-04-01,0.9328489178700884,5.7,88519.76006200048,261.5203333333333,2.308529373851471,16.6,0.5373750188212512,-2.28571428571428,2.490188077125155,0.0,0.0,6.581278953917646,0.2900000000000002,0.2723333333333331,4.5175776777752334,1.338164864813585,0,1,0,0,0,0,1.2408733270745875,0.9324369387955888,0.2269844584014801,0.9705871641110032,1.4718260242875036,0.8092627682199538,0.1131380447426,0.1676681350076592,1.0866551329350882,0.8427204720956651,0.7415971075800472,0.21809746171674374,0.4328415683256684,0.5161848202868458,1.0138888686731073,-0.2309526972129161,0.2956357062722015,0.8584590359872828,1.1069493963405126,1.257891796415074
2018-07-01,0.6952112216702444,5.5,90795.85049531916,262.536,1.8449875220665783,16.6,0.3883700566303938,-3.508771929824561,2.57127948801994,0.0,0.0,8.220591249763153,0.1866666666666663,0.0271666666666661,4.545467129263468,0.998607960374874,0,1,0,0,0,0,0.9328489178700884,1.2408733270745875,0.9324369387955888,0.2269844584014801,0.9705871641110032,1.4718260242875036,0.8092627682199538,0.1131380447426,1.086861122472338,0.8332859105354364,0.8372447054378508,0.21780614851945798,0.4295240279717793,0.4627746237078223,0.00041197907449963544,-0.03773824624091482,0.7651807828624292,0.6396504643471029,0.8343009438663487,0.8303560681302515
2018-10-01,0.7213156853151492,5.7,92523.6525205635,261.64000000000004,0.9240981049863392,16.6,-0.3412865283237143,3.6363636363636376,1.902952630344501,0.0,0.0,9.052089046830591,0.2966666666666673,0.2095000000000011,4.764721556354225,-0.6494520967747552,0,1,1,0,0,0,0.6952112216702444,0.9328489178700884,1.2408733270745875,0.9324369387955888,0.2269844584014801,0.9705871641110032,1.4718260242875036,0.8092627682199538,0.8140300697701663,0.9503426013526275,0.9100038525538063,0.16803522644842644,0.22370126299784637,0.368900755715258,-0.5456621054043431,0.46822676326876433,0.5820731769276444,0.8861044721834488,0.7590059461593082,0.792651243498444
2019-01-01,0.8186077941142456,5.866666666666667,93079.28010557014,263.2805,2.863073576842426,16.6,0.6270065739183428,2.923976608187129,0.6005249143003155,0.5831168775837892,-4.320987654320985,7.769303909336722,0.1833333333333331,-0.4115000000000002,4.3541928994992745,0.3765330690680472,0,1,1,1,0,0,0.7213156853151492,0.6952112216702444,0.9328489178700884,1.2408733270745875,0.9324369387955888,0.2269844584014801,0.9705871641110032,1.4718260242875036,0.7082634534926968,0.8975622879825176,0.8990104671907058,0.018458643262253684,0.2523994418910487,0.3736120973837149,-0.21153323255493917,-0.21112125348043953,-0.08794708290480457,1.1557956154272848,0.9120345240376121,0.9105653649086997
2019-04-01,1.177798234693661,5.566666666666666,92327.9387833752,265.5491666666667,4.066725595085123,16.2,0.8616918710905974,-5.113636363636376,-0.807205772694819,0.0,0.0,4.302066249058312,-0.0066666666666668,-0.3606666666666669,3.990261236113784,-0.69556265262853,0,1,1,1,0,0,0.8186077941142456,0.7213156853151492,0.6952112216702444,0.9328489178700884,1.2408733270745875,0.9324369387955888,0.2269844584014801,0.9705871641110032,0.7699617397146974,0.7919959047424321,0.8173581884190485,0.0687959098877017,0.10787451391730839,0.2932848847931946,0.12339657244400115,-0.42226553296034197,-0.6532182301732581,1.529684104992131,1.4871266728035635,1.4409817524086757
2019-07-01,0.4571635104277716,5.3,90794.21836781916,265.335,4.098633621696128,16.2,-0.0806504759005788,-4.790419161676651,-1.6611660952970395,0.0,0.0,-0.0017975793949687,-0.2066666666666665,-0.3436666666666665,3.651338604991316,0.1339738361356125,0,0,0,0,0,0,1.177798234693661,0.8186077941142456,0.7213156853151492,0.6952112216702444,0.9328489178700884,1.2408733270745875,0.9324369387955888,0.2269844584014801,0.9982030144039533,0.8532332339483253,0.8432595722418808,0.2539859962710678,0.22279628721791273,0.31694592148739076,0.45648254937851185,0.24494931682357268,0.20721107058265786,0.4579865055814853,0.5358013404051944,0.5421385365509243
2019-10-01,0.7641179863549841,5.266666666666667,89125.39170205394,265.3395,3.068124769002324,16.2,0.001695969246418,-0.6289308176100628,-1.83803186564655,0.0,0.0,-3.672856319365792,-0.5466666666666669,0.0390000000000001,3.686860342455282,-0.0031172455180728,0,0,1,1,0,0,0.4571635104277716,1.177798234693661,0.8186077941142456,0.7213156853151492,0.6952112216702444,0.9328489178700884,1.2408733270745875,0.9324369387955888,0.8174808725607163,0.7937213061377071,0.8720319537451672,0.5095657002868978,0.29813204463377696,0.2579688169258442,-0.36144428368647397,-0.23804771124247281,0.2301790520262915,0.9347227708966745,0.962703130741476,0.8762499849613095
2020-01-01,1.662804601724721,5.666666666666667,87954.29052690418,265.909,-17.789609810197856,16.2,0.214630690115869,7.594936708860756,-1.313992738528147,-5.271562563095388,-12.903225806451612,-5.506047718518259,-0.3833333333333331,-0.1879999999999997,3.503016351381892,-0.2820231682775367,0,0,1,1,0,1,0.7641179863549841,0.4571635104277716,1.177798234693661,0.8186077941142456,0.7213156853151492,0.6952112216702444,0.9328489178700884,1.2408733270745875,0.6106407483913778,0.8044218813976658,0.8509920846900916,0.21704959144366923,0.29542281647633506,0.2591994893521615,-0.413680248338677,0.042802301039834845,-0.16831895244060469,2.72304887301589,2.067080272400887,1.953960126821003
2020-04-01,1.3640782968455945,9.533333333333331,87647.40846619982,265.934,-8.543304630365558,15.5,0.0094017126159862,68.23529411764702,-0.3489108477436775,0.0,0.0,-5.069462590470142,-1.2,-0.2793333333333336,3.2322174686211067,-0.0032803595190861,0,0,0,0,1,1,1.662804601724721,0.7641179863549841,0.4571635104277716,1.177798234693661,0.8186077941142456,0.7213156853151492,0.6952112216702444,0.9328489178700884,1.2134612940398526,1.0154710833002847,0.9037334940213583,0.6354673998895197,0.5229010465425793,0.3693758358071828,1.2056410912969495,0.8441968076104756,0.4219312746501336,1.1241218022738146,1.3432960517323005,1.5093811459569038
2020-07-01,0.8760362964334911,8.466666666666667,88168.53383873789,268.0375,32.97368930935817,15.5,0.7909857333022519,-11.188811188811163,0.5945702008280485,0.0,0.0,-2.891907189997811,0.0333333333333333,-0.2866666666666662,2.9368147624700853,0.4702965463016411,0,0,0,1,0,1,1.3640782968455945,1.662804601724721,0.7641179863549841,0.4571635104277716,1.177798234693661,0.8186077941142456,0.7213156853151492,0.6952112216702444,1.5134414492851578,1.062041098838268,0.9576371663932965,0.21123139589880804,0.5497812696256209,0.40406759317289015,0.5999603104906104,0.18628006215193338,0.43122937897550606,0.5788372565369267,0.8248610128099172,0.9147893661363051
2020-10-01,3.310040302644679,7.899999999999999,89436.91535735836,269.0205,-0.6048965023145221,15.5,0.3667397285827656,-6.6929133858267935,1.4385875134777404,0.0,0.0,0.3495341219322156,-0.0033333333333332,-0.1859999999999995,2.7471272068425554,0.5275871942353821,0,1,1,0,0,1,0.8760362964334911,1.3640782968455945,1.662804601724721,0.7641179863549841,0.4571635104277716,1.177798234693661,0.8186077941142456,0.7213156853151492,1.1200572966395428,1.166759295339698,0.9802403007387024,0.3450978079952314,0.4209654063917732,0.39217314889949967,-0.78676830529123,0.41887278600571953,0.18082507476324672,2.9552419439395137,2.8369521595977276,3.376764146658993
2021-01-01,3.5339114446016677,7.133333333333333,91359.5850539729,271.441,7.574316659017612,15.5,0.8997455584239589,-9.704641350210965,2.149749562506975,-0.2475716072181888,22.222222222222232,3.8716639139134257,-0.0099999999999999,0.114833333333332,2.8550292236567145,1.9342276205895,1,0,1,1,0,1,3.310040302644679,0.8760362964334911,1.3640782968455945,1.662804601724721,0.7641179863549841,0.4571635104277716,1.177798234693661,0.8186077941142456,2.093038299539085,1.8032398744121216,1.3038308779048937,1.721100738227152,1.0555786663506148,0.8944142257355685,1.9459620057990845,2.545922316289695,2.5887246173295297,1.6884122213052108,1.959756710545105,2.7104063145676203
2021-04-01,3.876246659339677,7.166666666666667,93793.17752418928,275.789,4.731624193669861,13.5,1.6018213902837086,0.4672897196261738,2.6637516674125283,0.0,0.0,7.011923302169842,-0.0099999999999999,0.1233333333333339,2.962108599627477,4.266854399265283,1,0,1,1,0,1,3.5339114446016677,3.310040302644679,0.8760362964334911,1.3640782968455945,1.662804601724721,0.7641179863549841,0.4571635104277716,1.177798234693661,3.4219758736231736,2.2710165851313584,1.6432438342158213,0.1583008025897441,1.3469695339595915,1.1598057906396346,2.6578751481681766,1.8711068428769466,2.715303650487422,1.13275101943823,1.7068332678492835,2.3588992568406475
2021-07-01,2.06289301455731,6.9,96628.99961949444,280.016,5.115481012579353,13.5,1.532693472183455,-3.72093023255814,3.023484404901211,0.0,0.0,9.59578821649787,0.0199999999999999,-0.1290000000000004,2.8254770243591536,4.6340748106405645,1,1,0,0,0,1,3.876246659339677,3.5339114446016677,3.310040302644679,0.8760362964334911,1.3640782968455945,1.662804601724721,0.7641179863549841,0.4571635104277716,3.7050790519706727,2.899058675754879,1.9805498872965732,0.2420675517801886,1.3686319006281464,1.3771349828718338,0.5662063566949982,2.5121683624940827,2.698448424646016,0.5567743590950077,0.7115733916700249,1.041575891518256
2021-10-01,0.2281407457183526,6.3,99654.70532187104,284.09516666666667,5.304387169290903,13.5,1.456761994552691,-8.695652173913048,3.131260505946676,0.0,0.0,11.424577786125557,-0.0099999999999999,0.2075000000000004,3.0216312839851738,4.561501300106948,0,1,0,0,0,0,2.06289301455731,3.876246659339677,3.5339114446016677,3.310040302644679,0.8760362964334911,1.3640782968455945,1.662804601724721,0.7641179863549841,2.9695698369484935,3.195772855285834,2.1812660753127657,1.282234658914951,0.7903282201387232,1.2328413036367567,-1.4710184300443578,1.1868567181238188,1.6057295041295383,0.07682619310034083,0.07138828572907051,0.10459097507654591
2022-01-01,2.4285200665680406,5.6000000000000005,102680.01081658756,289.4525,-1.734435639974487,13.5,1.8857530721806184,-11.111111111111104,3.035787908804899,1.1160153962011643,-19.393939393939373,12.391065213274375,0.0399999999999999,0.7154999999999996,3.726811547137929,5.724746375517612,0,1,1,1,0,0,0.2281407457183526,2.06289301455731,3.876246659339677,3.5339114446016677,3.310040302644679,0.8760362964334911,1.3640782968455945,1.662804601724721,1.1455168801378313,2.425297966054252,2.114268920233187,1.2973657710934248,1.6626397841091225,1.3314741913933474,-3.6481059136213245,-3.0818995569263263,-0.5359772406366314,2.1200211962619315,1.0013285380018813,1.1486334795576498
2022-04-01,3.997760232542524,4.666666666666667,105505.87172657148,296.40000000000003,1.4029708973638868,16.5,2.400221107090128,-16.666666666666675,2.752104219224938,0.0,0.0,12.487789103169566,0.65,1.4516666666666669,5.170098662987526,6.605658635895493,1,1,1,1,0,0,2.4285200665680406,0.2281407457183526,2.06289301455731,3.876246659339677,3.5339114446016677,3.310040302644679,0.8760362964334911,1.3640782968455945,1.3283304061431966,2.1489501215458455,2.2099833533386017,1.55590313895546,1.5009582680812321,1.321871421609471,0.36562705201073076,-1.105391378033627,0.7657154648433195,3.0096128298003872,1.8603317929346532,1.8089549075123774
2022-07-01,0.1687711419318782,4.133333333333334,108026.90776656847,299.6025,3.086229908096529,16.5,1.0804655870445323,-11.428571428571422,2.3894746318295024,0.0,0.0,11.79553570041778,1.42,0.3375000000000003,5.512385544635545,2.581745110807681,0,1,0,0,0,0,3.997760232542524,2.4285200665680406,0.2281407457183526,2.06289301455731,3.876246659339677,3.5339114446016677,3.310040302644679,0.8760362964334911,3.213140149555282,2.179328514846557,2.539193595300718,1.1096203626708576,1.5480612905066233,1.4063612686031044,3.7696194868241713,0.12151357320284673,2.6336819356969294,0.052525297396454104,0.07744180869572163,0.06646643337641632
2022-10-01,-1.5920618245248597,4.6000000000000005,110020.66114595393,299.79283333333336,3.326863859086296,16.5,0.0635286198657603,11.290322580645174,1.845608118019704,0.0,0.0,10.401872937762713,1.463333333333333,1.107333333333333,6.6344117080876455,0.117248936550835,0,1,0,0,0,0,0.1687711419318782,3.997760232542524,2.4285200665680406,0.2281407457183526,2.06289301455731,3.876246659339677,3.5339114446016677,3.310040302644679,2.083265687237201,1.7057980466901992,2.4507854509880165,2.7075041510600975,1.8548441609705426,1.5415783438504942,-2.2597489246361624,-1.8941218726254316,-0.7072651545016129,-0.7642144899128209,-0.9333237469781228,-0.6496128920151013
2023-01-01,-0.3599516486340826,4.966666666666667,111000.0,301.03950000000003,2.474071136710404,16.5,0.4158427180547486,7.971014492753614,0.890140855222521,1.5662196608666743,5.263157894736814,8.102832398677906,0.8633333333333337,-0.331666666666667,6.317969252295281,0.3701585926873115,0,1,1,1,0,0,-1.5920618245248597,0.1687711419318782,3.997760232542524,2.4285200665680406,0.2281407457183526,2.06289301455731,3.876246659339677,3.5339114446016677,-0.7116453412964907,1.2507474041293962,1.838022685091824,1.2450969311183746,2.4620766889176267,2.0437261511576,-5.5898220570673836,-1.8202025702432123,-4.902102127169538,0.5058020164627439,-0.28778924301236747,-0.195836347153735
2023-04-01,0.8406690315088783,4.833333333333333,111000.0,305.1098333333333,3.0411195252729,13.300000000000002,1.352092776307856,-2.684563758389269,0.0,0.0,0.0,5.207414699787583,0.4733333333333327,0.1358333333333341,6.464447930724247,0.0,0,1,1,1,0,0,-0.3599516486340826,-1.5920618245248597,0.1687711419318782,3.997760232542524,2.4285200665680406,0.2281407457183526,2.06289301455731,3.876246659339677,-0.9760067365794711,0.5536294753288652,1.3512897984373553,0.8712334605413041,2.4116919533735057,2.0458144494118544,-0.5287227905659608,-2.7884717152021232,-3.8938630932357503,-0.8613352756714574,1.5184687032956596,0.6221234205135243
