Date,ZHVI_pct_change,prev_qtr_change,CPI,Median_Household_Income,ma2q_price_change,ma2q_price_change_std,population_momentum,population_momentum_std,real_mortgage_rate,affordability_pressure_std,affordability_pressure,affordability_change,ma4q_price_change,zhvi_approx,price_to_income,hot_market,pca_component_1,pca_component_2,pca_component_3,pca_component_4,pca_component_5
2002-07-01,4.170840275328436,3.0993846210591425,185.0,42687.24255178015,2.9346340939719555,0.7952490639826528,-0.05857226407474935,-0.6188111093297348,6.261674303434231,-0.08713769606826868,-0.0025915022138325305,-0.0025915022138325305,3.1368542025621395,353604.8780249739,8.283619575474964,1,0.7292786576053629,2.7909587968135465,-0.8210225176388637,0.00018229881764379838,3.517648282244424
2002-10-01,3.854242698587784,4.170840275328436,185.61666666666667,44303.2107156497,3.635112448193789,1.1100190253166644,-0.05857226407474935,-0.6188111093297348,6.043744925386969,0.02895824542878839,0.0006613914643560648,0.0006613914643560648,3.325355189357371,367233.6682181017,8.289098290756156,1,0.8754055174267211,2.785188728974642,-0.6516520220043776,-0.5561065815641888,3.3473571456886106
2003-01-01,3.000883181574343,3.854242698587784,187.55000000000004,45186.03482871177,4.01254148695811,1.2796221589783148,-0.05857226407474935,-0.6188111093297348,5.798025835866261,0.3581489353957809,0.00988498964103579,0.00988498964103579,3.4735877904650327,378253.92160473723,8.371035941493808,1,1.1785330145097808,3.5895460302409252,-0.4117063519328786,-0.6659354168135815,3.5742422653324017
2003-07-01,3.835799966766906,3.3920945830221427,190.5,44579.54079333356,3.196488882298243,0.9129172561542107,-0.20308536215145057,-0.9625875911603644,5.984936936936937,1.8606634444063774,0.051983962996371424,0.051983962996371424,3.6045151846281764,406085.87735594955,9.10924316691651,1,2.226358542654789,4.957349380285815,-0.3024050919488304,-1.1836229892586156,1.160454427005317
2003-10-01,3.7270764986827576,3.835799966766906,190.51666666666665,43841.68980292292,3.6139472748945245,1.1005081521527988,-0.20308536215145057,-0.9625875911603644,5.893768175151896,1.9585954802843228,0.054727921969369486,0.054727921969369486,3.520755107487794,421221.00865535287,9.60777311615553,1,0.8956303782628572,5.882735519793225,-0.7419061953078192,-2.1717652685922757,0.5051392504922922
2004-01-01,3.2586032329368964,3.7270764986827576,191.75,43358.48144332345,3.781438232724832,1.1757726082238373,-0.20308536215145057,-0.9625875911603644,5.57510597174087,1.579058902922735,0.0440936817261639,0.0440936817261639,3.4889635575115374,434946.93006120564,10.031415206036485,1,0.7523589554969681,5.714753687202334,-0.8288252264067888,-2.9471138762784865,0.4737174475028205
2004-07-01,6.453658291478281,4.5207885558619765,195.95,43734.555517465305,3.8896958943994364,1.2244197359673938,-0.032893463875233175,-0.5577248292090503,5.863891076115484,1.9706071734110877,0.055064477753598906,0.055064477753598906,3.835567063562134,483948.93454786873,11.065596273285657,1,2.7653137889392005,5.236128583352019,-1.497346869673056,-2.005861443674124,1.0521359713541083
2004-10-01,5.634328170082248,6.453658291478281,197.25,44421.11123096842,5.4872234236701285,1.9422915668210092,-0.032893463875233175,-0.5577248292090503,5.699490843612399,1.43355634795271,0.040016843766808696,0.040016843766808696,4.490031644739978,511216.2056959122,11.50840651054031,1,4.146982544450206,4.744623587720885,-1.568890135478296,-1.9783571505947959,1.884798265267178
2005-01-01,4.572401526512016,5.634328170082248,199.3,45296.47651208357,6.043993230780265,2.19248403829387,-0.032893463875233175,-0.5577248292090503,5.715792481529769,0.9159900734845696,0.025515147664850524,0.025515147664850524,4.96684456258985,534591.0632889289,11.802045202043873,1,5.122268290388433,3.2385600997909356,-1.1630266139059646,-1.9344216192560248,2.685903478892464
2005-04-01,5.455903312462218,4.572401526512016,201.7333333333333,46248.25163996994,5.103364848297132,1.7697992289783722,-0.0272124899164089,-0.54421058540051,5.679673192512452,1.178004204220712,0.03285652496432556,0.03285652496432556,5.295294135983631,563757.8348190367,12.189819394854926,1,5.025762594840393,3.01527032668598,-1.394256964256711,-2.2623882803097306,2.397661099809395
2005-07-01,5.80961498122341,5.455903312462218,204.2,47198.41768945148,5.014152419487117,1.7297103488612449,-0.0272124899164089,-0.54421058540051,5.720897422811943,1.318578808448212,0.036795286608436006,0.036795286608436006,5.5290728251336905,596509.9944485041,12.638347293193684,1,5.642933816935351,2.999781420762173,-1.126798407067983,-2.3375426204676173,2.1479696623759783
2005-10-01,4.222096412033149,5.80961498122341,204.7333333333333,48030.35048787444,5.6327591468428135,2.0076901243634113,-0.0272124899164089,-0.54421058540051,6.18439501478665,0.8679343732452575,0.024168674381688016,0.024168674381688016,5.368061997569973,621695.2215215334,12.94379939364557,1,5.932632366074663,1.668869073451527,-0.6307395364722455,-2.7075079637424087,1.7563661585125092
2006-01-01,2.7647274704225566,4.222096412033149,206.0,48644.65579012273,5.015855696628279,1.7304757407918208,-0.0272124899164089,-0.54421058540051,6.206882338183643,0.5289158481403645,0.014669709965860589,0.014669709965860589,5.015004058057698,638883.4000932437,13.133681176606633,1,4.7933011676091395,1.8544924007074757,-0.9127970931300456,-2.3960631307574287,2.4567320574616356
2006-04-01,2.097217107476368,2.7647274704225566,209.03333333333333,49061.12008252156,3.4934119412278526,1.0463438769985876,0.15626763245500386,-0.10773699377340626,6.5594802820004405,0.4445357188457211,0.012305462037742965,0.012305462037742965,4.563085544035333,652282.172056826,13.295297191741186,0,4.113913715313949,0.05158996968438804,-0.5534490615945161,-2.939025618297286,2.375551443490791
2006-07-01,0.4895907809567168,2.097217107476368,211.3,49486.0965192027,2.4309722889494623,0.5689214323908539,0.15626763245500386,-0.10773699377340626,6.528230166503428,-0.1279110708650094,-0.003733931926744538,-0.003733931926744538,3.7234139927888705,655475.6854370404,13.245653457081387,0,1.8849536727349614,-0.5192088060297182,-0.828722964630235,-2.554193899600563,2.7957044406671483
2006-10-01,-1.2786082525114262,0.4895907809567168,210.45016666666663,50133.52415502897,1.2934039442165424,0.05773883591481867,0.15626763245500386,-0.10773699377340626,6.216243351785522,-0.9059933078734156,-0.025535028134226034,-0.025535028134226034,2.3934079427221975,647094.7192298366,12.907425323398606,0,0.16579476085002018,-1.2930016988895727,-0.8835036047528555,-2.186567005352481,2.4823168775068774
2007-01-01,-1.056650847095686,-1.2786082525114262,212.778,51208.85910660483,-0.3945087357773547,-0.7007488544108826,0.15626763245500386,-0.10773699377340626,6.186597087378641,-1.1133024146122033,-0.03134362466262941,-0.03134362466262941,1.0182317765860538,640257.1873975832,12.502859828701082,0,0.2246985171246086,-3.153853268215134,-0.5540677619088145,-1.5849999528186551,3.2072796425264474
2007-04-01,-0.7906087542964957,-1.056650847095686,216.00683333333336,52668.8166693778,-1.167629549803556,-1.048161743432831,0.1630946185346982,-0.09149654714801912,6.33313929197895,-1.2583072042681558,-0.03540651572924669,-0.03540651572924669,0.06288719720649316,635195.2580240053,12.06017712551561,0,0.424387237075962,-3.33202679005122,-0.2638200803239671,-0.4322822026968303,3.6744244651529883
2007-07-01,-1.7867551756982405,-0.7906087542964957,217.8275,54170.54245254051,-0.9236298006960908,-0.9385169683599636,0.1630946185346982,-0.09149654714801912,6.5189412367881365,-1.604068605818432,-0.04509440888693328,-0.04509440888693328,-0.6590692682367227,623845.8738754716,11.516330566968769,0,-0.5735294632303256,-3.6254980620438246,-0.0233573721216524,-0.12154148555659991,3.630564122257233
2007-10-01,-2.373704672958965,-1.7867551756982405,218.728,55262.74595178171,-1.2886819649973682,-1.1025583765625937,0.1630946185346982,-0.09149654714801912,6.186666064254324,-1.530451900424324,-0.04303174147153843,-0.04303174147153843,-1.228155757400462,609037.6152152278,11.020762807310193,0,-2.6719140812978677,-2.8682872065291183,0.14216005395477144,-1.3583631559772802,2.628134266822178
2008-01-01,-3.0248917546621734,-2.373704672958965,221.5705,55529.10763037779,-2.080229924328603,-1.4582517667309414,0.1630946185346982,-0.09149654714801912,5.840510922181804,-1.2402515284383255,-0.034900613515914225,-0.034900613515914225,-1.5019298625123467,590614.8866097913,10.636131423921698,0,-5.812281475703321,-2.5374299258053457,2.3438545373875996,-2.8713648507949117,4.285274537254946
2008-04-01,-4.039397458397021,-3.0248917546621734,224.9286666666667,54934.44761109061,-2.6992982138105694,-1.7364389517722654,0.25382831595880395,0.12434624979616189,6.0498631893846975,-1.0655744165039533,-0.030006333269692487,-0.030006333269692487,-1.9939900894039684,566757.603891161,10.316980119715256,0,-5.877342843891288,-1.9131150651345268,2.6470318593952067,-2.6199224445626212,3.2003866288729976
2008-07-01,-4.661598243832932,-4.039397458397021,228.8945,53980.169637772255,-3.5321446065295974,-2.1106903833165984,0.25382831595880395,0.12434624979616189,6.262860409421828,-1.056845860559902,-0.029761767748417656,-0.029761767748417656,-2.8061872654290996,540337.6413813811,10.009928553527248,0,-6.394725241008166,-2.2094633231612546,2.212505050183409,-3.5447877728796247,2.434444173481887
2008-10-01,-4.296349363347495,-4.661598243832932,224.1628333333333,53252.678623265005,-4.3504978511149766,-2.478429111577323,0.25382831595880395,0.12434624979616189,5.832985882008704,-1.0613977430399242,-0.029889307002177845,-0.029889307002177845,-3.5248980324627723,517122.8485659652,9.710738725921006,0,-9.65915020674563,-1.865233211321356,3.075777647260339,-4.928774270685661,2.113117634062214
2009-01-01,-3.559675358116998,-4.296349363347495,222.23,53312.78523888485,-4.478973803590214,-2.5361616172989403,0.25382831595880395,0.12434624979616189,5.0570235207304215,-1.303902611408875,-0.03668405402843211,-0.03668405402843211,-4.005559205059905,498714.9539543698,9.354509461843332,0,-9.515999651294363,-1.0976892380307817,0.5470094121173069,-1.0320677535490248,1.9642247329139375
2009-04-01,-2.7707488071088027,-3.559675358116998,223.841,54262.56521109067,-3.9280123607322466,-2.288579217329431,0.5166863138447109,0.7496487236681061,5.034002273807301,-1.5909173387415592,-0.044725923365537046,-0.044725923365537046,-4.139255105923612,484896.8153168059,8.936120388530735,0,-7.53888779279863,-2.0235596335909025,0.28628845002690373,0.9427330616327148,2.5671147922158
2009-07-01,-1.4462908242649952,-2.7707488071088027,226.6325,55586.81076073167,-3.1652120826129004,-1.94580400864231,0.5166863138447109,0.7496487236681061,5.167215615345351,-1.3487764734045653,-0.03794137534491748,-0.03794137534491748,-3.822092943101557,477883.79716972576,8.597071690742121,0,-4.406400471231364,-0.9593287098040086,-2.1368672134545172,3.8924997091040603,1.7318339387826487
2009-10-01,-0.94023591221164,-1.4462908242649952,226.79216666666665,56642.28861183379,-2.1085198156868987,-1.4709642337976596,0.5166863138447109,0.7496487236681061,4.907270431390276,-0.9890163132522773,-0.027861250789890213,-0.027861250789890213,-3.0182660882095727,473390.56209009537,8.35754652030769,0,-4.2399597825325674,0.2769917256457017,-2.7631283751908144,3.186375536045202,0.8630429551758303
2010-01-01,0.8507901865896228,-0.94023591221164,227.96,56820.72525581703,-1.1932633682383176,-1.059680666164593,0.5166863138447109,0.7496487236681061,4.970049235776748,0.19596799429415712,0.005340839766119432,0.005340839766119432,-2.179237725425609,477418.12253659935,8.402182837110542,0,-3.025471895977995,0.8833187486124797,-3.0359069920389294,1.9595462884799681,0.3962744964538915
2010-04-01,1.1151228619140197,0.8507901865896228,228.57066666666665,56069.12518830504,-0.044722862811008623,-0.5435675724409158,0.551054661380418,0.8314062235722801,4.886537085103563,0.8870970123887223,0.024705592614344463,0.024705592614344463,-1.0766213392489536,482741.92116792564,8.609763743355433,0,-1.9173081239742145,2.6827237152911385,-3.1706927541564704,0.39446626646617394,-1.1504982424813441
2010-07-01,-0.1819001160805133,1.1151228619140197,229.522,55100.24942176289,0.9829565242518212,-0.08176514988228177,0.551054661380418,0.8314062235722801,4.433083617383503,0.5668606680586882,0.015732886363249543,0.015732886363249543,-0.10515342199324795,481863.81305295194,8.74522017794407,0,-2.3852225317118,2.9919626102949954,-3.1048421540251874,-0.1008549532469932,-1.1532314582539325
2010-10-01,-1.134582199191514,-0.1819001160805133,230.91766666666663,54767.86647508096,0.4666113729167532,-0.31379222443949556,0.551054661380418,0.8314062235722801,4.394809336448276,-0.18543651843190143,-0.005345738182091164,-0.005345738182091164,0.21094425505287254,476396.6720057077,8.69847052052804,0,-3.1359225830094566,1.7986382192539687,-2.6198067665378777,0.40977327260089236,-0.7038376462149767
2011-01-01,-0.4392365242265938,-1.134582199191514,233.976,55879.853360022935,-0.6582411576360137,-0.8192607880497134,0.551054661380418,0.8314062235722801,4.821442738492133,-0.8585088926349782,-0.024204561692851678,-0.024204561692851678,0.16235768330790407,474304.16382205865,8.487927854180468,0,-2.5374270985108267,-0.7172521802599673,-2.6021175002527843,2.404469352708313,1.332790127327696
2011-04-01,-0.0058545358804895,-0.4392365242265938,237.1275,58491.43172944897,-0.7869093617090539,-0.8770796847749096,0.6198763551534647,0.9951234234233665,4.625063729379098,-1.5901647372895036,-0.04470483621577093,-0.04470483621577093,-0.1601489943961501,474276.39551460504,8.10847642964805,0,-3.000618151428102,-0.8052044209039365,-2.738107781380261,4.158056465494862,2.2604493270188457
2011-07-01,-0.7342724927607569,-0.0058545358804895,238.458,61688.02183932505,-0.22254553005354166,-0.6234747298211379,0.6198763551534647,0.9951234234233665,4.268066912975662,-2.092539687048315,-0.05878088639528711,-0.05878088639528711,-0.44039334384477735,470793.9144026841,7.6318529977980445,0,-3.52605569570998,-1.1346637050764155,-2.8718106493579767,4.340295838006305,1.7237284706874823
2011-10-01,-0.7559611999165661,-0.7342724927607569,238.40316666666664,64302.84973975597,-0.37006351432062323,-0.6897640447213887,0.6198763551534647,0.9951234234233665,3.973583684228001,-1.704788022293967,-0.04791646751275025,-0.04791646751275025,-0.5784864380148382,467234.8950782314,7.266161561566969,0,-3.0920231119640027,-1.0594728482978446,-3.0042933935186467,4.222929728510704,0.9039303744965198
2012-01-01,0.2307421565466816,-0.7559611999165661,240.6145,65234.582243198645,-0.7451168463386615,-0.8582996205974754,0.6198763551534647,0.9951234234233665,3.891294098540021,-0.4232249413433581,-0.01200833506240262,-0.01200833506240262,-0.48383118819610127,468313.0029512736,7.1789070589181225,0,-1.8763798735946575,-1.0506367064748472,-3.360330406166624,1.983213741998321,-1.0016226298245676
2012-04-01,1.395073499166788,0.2307421565466816,242.2938333333333,64240.82878633269,-0.2626095216849423,-0.641478057148378,0.6225717003337128,1.0015352732537053,3.7725461794463593,1.0630538503186717,0.02963572951969784,0.02963572951969784,-0.31633651800278245,474846.31354859896,7.39165920676327,0,-1.7395925877037666,1.6072829184332984,-2.912359601878886,-0.47968241101460624,-3.1393715213741977
2012-07-01,1.7929213045371206,1.395073499166788,243.232,62302.35681945996,0.8129078278567348,-0.15817896233854692,0.6225717003337128,1.0015352732537053,3.5298130362579574,1.7756155290667208,0.049601004362468615,0.049601004362468615,0.03389549075903686,483359.9342680209,7.758292927323816,0,-1.3671445230095607,2.8986180616708053,-2.877987596113158,-2.0036818739615363,-3.681096707317817
2012-10-01,2.1903015433144546,1.7929213045371206,243.49816666666663,60584.97329681778,1.5939974018519543,0.19281480288351546,0.6225717003337128,1.0015352732537053,3.3384619729137635,1.8209269102216312,0.05087058453390414,0.05087058453390414,0.6656939400835062,493946.9743680571,8.152961823522032,0,-1.0152822021449481,3.786870976362764,-3.0526328948501997,-2.239945627420573,-4.47638673611882
2013-01-01,1.8638289713655665,2.1903015433144546,244.475,60214.6360479471,1.9916114239257876,0.3714883473259831,0.6225717003337128,1.0015352732537053,3.487788996853196,0.894149872519072,0.02490320679306013,0.02490320679306013,1.4022596258912614,503153.30117951264,8.355996717789125,0,-0.9029976125850143,2.1503878521350015,-2.727506017464533,-0.34408070083105674,-2.306129682817782
2013-04-01,1.8951862101837855,1.8638289713655665,245.6085,61567.548754222335,2.0270652573400105,0.38742003415924,0.622191252042903,1.0006302398922058,3.6699863074884513,-0.11738634236903789,-0.0034390394236326616,-0.0034390394236326616,1.8105313295959826,512688.99315955123,8.327260115652903,0,-0.7981900281823844,0.325844799403125,-2.158808004728574,0.9832492093051687,-1.1502814498431004
2013-07-01,2.0800482967781697,1.8951862101837855,247.008,64008.20860963295,1.879507590774676,0.32111288745103755,0.622191252042903,1.0006302398922058,4.42314239354471,-0.6414600660212645,-0.018123067827987338,-0.018123067827987338,1.935559507350232,523353.1718295356,8.176344615755632,0,0.40169732291171245,-1.242951094873788,-1.9340659300415446,2.3913101447692324,-0.14519761706396056
2013-10-01,2.0377881622120064,2.0800482967781697,247.4288333333333,66703.64256368113,1.9876172534809777,0.36969350974264203,0.622191252042903,1.0006302398922058,4.285357510220816,-0.7389509814714119,-0.02085466704204464,-0.02085466704204464,2.0073412554104944,534018.0008116389,8.005829671173034,0,-0.6808063469991764,-0.6874907848744715,-2.1340175164866744,1.7409609984819137,-0.4932529057210435
2014-01-01,1.4865338005086717,2.0377881622120064,248.635,68842.66671679867,2.058918229495088,0.401733622513823,0.622191252042903,1.0006302398922058,4.34198394518867,-0.5895194921194992,-0.016667744219704073,-0.016667744219704073,1.9692129101348823,541956.3588945046,7.872390549947404,0,-0.07315447617541719,-1.5920079466885522,-1.6547178863009253,1.0534766851063408,-1.0388129532669057
2014-04-01,1.2201916259853007,1.4865338005086717,250.2815,70015.11717835604,1.762160981360339,0.2683815111202699,0.4621223864607782,0.6198487592319792,4.211640452183048,-0.16410638832930288,-0.004748088992369559,-0.004748088992369559,1.8748891174206586,548569.2650022302,7.835011739033565,0,0.49430112571154833,-0.5928839094570917,-1.5030256985171173,1.347485459639395,-1.3548393172626212
2014-07-01,0.4264140546889949,1.2201916259853007,250.48,70426.43468462182,1.353362713246986,0.0846821658487095,0.4621223864607782,0.6198487592319792,4.121777108433735,-0.051791934598127434,-0.0016011488685357955,-0.0016011488685357955,1.7061404713710373,550908.4414479039,7.822466718852646,0,0.012594868105209588,-0.46795252435351403,-1.4025155142964552,0.39357914919811576,-1.8979152196781317
2014-10-01,0.4547812957937047,0.4264140546889949,249.60816666666665,70310.70484894906,0.8233028403371478,-0.15350781489079868,0.4621223864607782,0.6198487592319792,3.957025413480285,0.22667700812863006,0.006201276019768276,0.006201276019768276,1.2927319108487436,553413.8699965575,7.870975994131702,0,-0.7327576843675038,0.08043116713071516,-1.340214803433055,-0.766567887963383,-3.127401782138062
2015-01-01,0.5054765784839432,0.4547812957937047,248.556,69927.47357226106,0.4405976752413498,-0.3254818513381566,0.4621223864607782,0.6198487592319792,3.71698440149885,0.3823428308995428,0.010562878710370205,0.010562878710370205,0.8969801942441682,556211.2474914717,7.954116158889951,0,-0.9471271116303907,0.27479807141067614,-1.5739963577194471,-0.5497496504179997,-3.4670057573796993
2015-04-01,0.3882882311909474,0.5054765784839432,251.3795,69560.32804733106,0.480128937138824,-0.30771791373186763,0.5052343042451612,0.7224059918851765,3.827112939829752,0.33304008338971974,0.00918146439369405,0.00918146439369405,0.6517158887379861,558370.9503060414,8.027146593186105,0,-0.32332000455180776,-0.08142593473280509,-0.7843773338118161,-0.683331662934189,-3.0926372042247054
2015-10-01,0.9665933560468076,0.3849165291199163,251.41516666666664,70106.21432562068,0.38660238015543186,-0.34974540901124707,0.5052343042451612,0.7224059918851765,3.8935939868643006,0.04479692835450613,0.0011051757249902483,0.0011051757249902483,0.4333656586471281,565938.1635198111,8.072581995245265,0,-0.5176638992177949,-0.912998644439723,-0.8111455554450757,-0.24928668669882573,-2.914152642225296
2016-01-01,0.945237620802386,0.9665933560468076,251.7625,71649.01269645499,0.675754942583362,-0.21981057184389322,0.5052343042451612,0.7224059918851765,3.729266153301469,-0.4330592461051934,-0.012283882574026572,-0.012283882574026572,0.5613186737104039,571287.6239518785,7.973419345946471,0,0.4888436628315235,-1.7484058226514598,-0.769295981599821,0.06159882405077479,-1.823434373327003
2016-04-01,0.1676681350076592,0.945237620802386,254.40383333333327,74099.48719412104,0.9559154884245968,-0.09391642586456785,0.39002147666075127,0.44833076233258956,3.5789690534298413,-1.117057082143362,-0.03144882674048255,-0.03144882674048255,0.6712589342900146,572245.4912564881,7.722664662406589,0,0.9676482050766589,-2.8543181479597997,0.040645073849138506,0.9190675412066049,-0.7901811236014363
2016-07-01,0.1131380447426,0.1676681350076592,253.909,76993.66499675933,0.5564528779050226,-0.27342065994945103,0.39002147666075127,0.44833076233258956,3.4361595492760766,-1.297368164087529,-0.03650096526488045,-0.03650096526488045,0.6161039102441925,572892.9186164235,7.440779947811767,0,0.43554445250784285,-3.128093525890202,-0.051065772756874635,0.9506874928687433,-1.31040095394716
2016-10-01,0.8092627682199538,0.1131380447426,253.994,79751.98351613987,0.14040308987512962,-0.46037857935108273,0.39002147666075127,0.44833076233258956,3.802409396321666,-0.9501934134729249,-0.026773471461580045,-0.026773471461580045,0.5481592891498634,577529.1277085548,7.241564438227131,0,0.9542724968526297,-3.5412196744905002,0.09380634170974592,0.8265706657997036,-1.34153213143947
2017-01-01,1.4718260242875036,0.8092627682199538,254.965,81823.62103866675,0.4612004064812769,-0.31622371955338324,0.39002147666075127,0.44833076233258956,4.158446344934877,-0.3862635213334367,-0.010972712559697007,-0.010972712559697007,0.50882664219315,586029.35170801,7.162104833163942,0,1.525243998375531,-3.1114822148879737,-0.09776210818984728,0.5347736010566039,-1.7025339115005278
2017-04-01,0.9705871641110032,1.4718260242875036,255.4935,83053.760407842,1.1405443962537287,-0.010950786986150648,0.3455254400968055,0.3424809043685626,3.98205011695098,-0.18199278769312272,-0.005249248246223415,-0.005249248246223415,0.6404737430644294,591717.2773736108,7.124509166929188,0,1.2560505427402482,-1.6421955159518804,-0.33810158122168765,-0.23471892320632473,-1.973274119824196
2017-07-01,0.2269844584014801,0.9705871641110032,256.667,83898.86753230788,1.2212065941992534,0.02529592467224908,0.3455254400968055,0.3424809043685626,3.87330450738913,-0.27395525762857265,-0.007825945874290086,-0.007825945874290086,0.8412035003402654,593060.3836309252,7.068753143807916,0,1.392956082360157,-1.922605021301776,-0.23330995880361502,-0.08535841882417027,-1.8126333439072537
2017-10-01,0.9324369387955888,0.2269844584014801,258.2538333333334,84843.53975175181,0.5987858112562416,-0.2543977512274228,0.3455254400968055,0.3424809043685626,3.905561939783354,-0.06294820671661178,-0.0019137366005306244,-0.0019137366005306244,0.8696651037549854,598590.2977172629,7.055225412196495,0,1.3972792480768794,-2.056903005831782,-0.07866694459754112,0.03193100655162626,-2.0306153405500087
2018-01-01,1.2408733270745875,0.9324369387955888,260.1225,86369.00929032177,0.5797106985985344,-0.26296942576600096,0.3455254400968055,0.3424809043685626,4.248605066708502,-0.18996655536620813,-0.005472665345224947,-0.005472665345224947,0.9004586463988942,606018.0450600927,7.016614524580417,0,1.812187618229506,-2.6086486233622668,0.037535194491168336,0.1064995153348463,-1.859797843429485
2018-04-01,0.9328489178700884,1.2408733270745875,261.5203333333333,88519.76006200048,1.0866551329350882,-0.03516669776896257,0.25348633368671436,0.12353272172215295,4.5175776777752334,-0.536957437373766,-0.01519500733165935,-0.01519500733165935,0.8427204720956651,611671.2778355333,6.90999701543599,0,1.9514902069922795,-2.7935288121536974,0.7750703332769536,0.2907437536119278,-1.6694364063583607
2018-07-01,0.6952112216702444,0.9328489178700884,262.536,90795.85049531916,1.086861122472338,-0.035074133425918266,0.25348633368671436,0.12353272172215295,4.545467129263468,-0.6474316503824679,-0.018290385727018466,-0.018290385727018466,0.8332859105354364,615923.6851987796,6.7836105046511195,0,1.6564529737544342,-2.8661611391545105,0.7047079972961595,0.18435735370052422,-1.7463706356006503
2018-10-01,0.7213156853151492,0.6952112216702444,261.64000000000004,92523.6525205635,0.8140300697701663,-0.15767466689305712,0.25348633368671436,0.12353272172215295,4.764721556354225,-0.40849828212482436,-0.011595708608324373,-0.011595708608324373,0.9503426013526275,620366.4393496895,6.704949733926817,0,1.2844073654322459,-2.7296659527068985,0.7169428264590548,-0.3789541232631451,-2.5599202886350225
2019-01-01,0.8186077941142456,0.7213156853151492,263.2805,93079.28010557014,0.7082634534926968,-0.20520240777960144,0.25348633368671436,0.12353272172215295,4.3541928994992745,0.0827224197288833,0.0021678105556577343,0.0021678105556577343,0.8975622879825176,625444.807374275,6.719484794735178,0,0.4062081655773125,-1.3212173351591656,0.3295255008630073,0.04463440579901167,-2.552570824542123
2019-04-01,1.177798234693661,0.8186077941142456,265.5491666666667,92327.9387833752,0.7699617397146974,-0.17747740093046252,0.1457792193959473,-0.13268746393435435,3.990261236113784,0.7195672718695859,0.020011574659745346,0.020011574659745346,0.7919959047424321,632811.2852745125,6.853952266380045,0,0.4365567089621303,-0.00018887605567569099,0.7528098672289263,-0.5862793936183366,-3.8042895775442314
2019-07-01,0.4571635104277716,1.177798234693661,265.335,90794.21836781916,0.9982030144039533,-0.07491392159415372,0.1457792193959473,-0.13268746393435435,3.651338604991316,0.7741571802706024,0.021541130005442444,0.021541130005442444,0.8532332339483253,635704.2675606565,7.001594143201234,0,-0.2086340682541713,0.3922800456732248,1.306065419746071,-1.5324288555359562,-3.555829109503749
2019-10-01,0.7641179863549841,0.4571635104277716,265.3395,89125.39170205394,0.8174808725607163,-0.15612399933223092,0.1457792193959473,-0.13268746393435435,3.686860342455282,0.9514513477132643,0.026508737563615048,0.026508737563615048,0.7937213061377071,640561.7982091137,7.187197564870299,0,-0.341290329786997,0.10015819978000795,1.568780429607005,-1.9444613091024294,-3.5840705299036695
2020-01-01,1.662804601724721,0.7641179863549841,265.909,87954.29052690418,0.6106407483913778,-0.24907056576743897,0.1457792193959473,-0.13268746393435435,3.503016351381892,1.0819196468406023,0.030164330515123128,0.030164330515123128,0.8044218813976658,651213.0892666255,7.403994567694535,0,-3.211807335957692,2.3901651026008404,5.962869912459024,-4.352542448099032,-4.177744166055014
2020-04-01,1.3640782968455945,1.662804601724721,265.934,87647.40846619982,1.2134612940398526,0.021815463331793707,-1.317890640773847,-3.6145536877394666,3.2322174686211067,0.6188604443025937,0.017189868762718774,0.017189868762718774,1.0154710833002847,660096.1456835292,7.531268262633087,0,-8.10188974360617,5.447977934294233,11.220298781192474,-2.318226931801873,-2.2631125382625483
2020-07-01,0.8760362964334911,1.3640782968455945,268.0375,88168.53383873789,1.5134414492851578,0.15661583410475308,-1.317890640773847,-3.6145536877394666,2.9368147624700853,0.10521479596588805,0.002798024734769644,0.002798024734769644,1.062041098838268,665878.8275110754,7.55234093751612,0,0.18350218769023605,5.640456530637505,5.447021388891874,10.830893432350122,1.2161076897000287
2020-10-01,3.310040302644679,0.8760362964334911,269.0205,89436.91535735836,1.1200572966395428,-0.020156958047021306,-1.317890640773847,-3.6145536877394666,2.7471272068425554,0.6638032259075551,0.018449121138622848,0.018449121138622848,1.166759295339698,687919.6850684698,7.691674990352535,0,-0.6100621641509315,3.691180714241294,5.795894018357503,2.9039881562278724,-1.73852758410757
2021-01-01,3.5339114446016677,3.310040302644679,271.441,91359.5850539729,2.093038299539085,0.41706596371142335,-1.317890640773847,-3.6145536877394666,2.8550292236567145,0.4889647937000353,0.013550320857592668,0.013550320857592668,1.8032398744121216,712230.1575487723,7.795899654404133,1,2.456700537013607,4.2015191933711575,4.825892535029849,4.390764186242839,0.9672251042474072
2021-04-01,3.876246659339677,3.5339114446016677,275.789,93793.17752418928,3.4219758736231736,1.0142430588901417,-0.0618929018045472,-0.6267104428252915,2.962108599627477,0.42686519792170974,0.011810351484671022,0.011810351484671022,2.2710165851313584,739837.9552375663,7.887971969461872,1,3.373639064473078,2.751497854201701,3.7660719393269484,3.5159767082524107,1.0598338470840132
2021-07-01,2.06289301455731,3.876246659339677,280.016,96628.99961949444,3.7050790519706727,1.1414595188490988,-0.0618929018045472,-0.6267104428252915,2.8254770243591536,-0.3274210319857282,-0.009324004093752114,-0.009324004093752114,2.899058675754879,755100.0207352056,7.814424486527208,1,3.1639640574957775,2.64438531851367,4.618972543298726,4.353055943245529,1.0936916568340103
2021-10-01,0.2281407457183526,2.06289301455731,284.09516666666667,99654.70532187104,2.9695698369484935,0.8109479394719835,-0.0618929018045472,-0.6267104428252915,3.0216312839851738,-0.9993130585216793,-0.02814975542804421,-0.02814975542804421,3.195772855285834,756822.7115534304,7.594450348420547,0,2.5615774308202175,-1.2724223198699975,2.4436843996959605,3.7000106757760034,0.5086269783371717
2022-01-01,2.4285200665680406,0.2281407457183526,289.4525,102680.01081658756,1.1455168801378313,-0.008716330274534294,-0.0618929018045472,-0.6267104428252915,3.726811547137929,-0.20499531932472856,-0.005893756475898959,-0.005893756475898959,2.425297966054252,775202.3029718498,7.54969050749865,0,3.589046234892489,-3.355860764015944,2.6789966143605812,1.217212307793891,-0.049885223566404395
2022-04-01,3.997760232542524,2.4285200665680406,296.40000000000003,105505.87172657148,1.3283304061431966,0.07343354083171776,0.2790038490502911,0.18423532773848428,5.170098662987526,0.4380209488487882,0.012122924613397146,0.012122924613397146,2.1489501215458455,806193.0323618122,7.641214836375536,1,8.567736651885266,-4.637373435347636,3.8690413369955183,-0.013922525398551428,1.1074764571158175
2022-07-01,0.1687711419318782,3.997760232542524,299.6025,108026.90776656847,3.213140149555282,0.9203997411147675,0.2790038490502911,0.18423532773848428,5.512385544635545,-0.7687207596401957,-0.021688786839494822,-0.021688786839494822,2.179328514846557,807553.6535487045,7.475486156594601,0,6.131188043069225,-4.569421396670988,2.2501385192654646,-0.19624918544443587,-0.4690343073191168
2022-10-01,-1.5920618245248597,0.1687711419318782,299.79283333333336,110020.66114595393,2.083265687237201,0.4126745006806868,0.2790038490502911,0.18423532773848428,6.6344117080876455,-1.1993194720796538,-0.0337537377022773,-0.0337537377022773,1.7057980466901992,794696.9001179999,7.223160557667902,0,5.970886480522749,-7.309914521135003,3.2355235389081156,-1.4217339087502237,0.09367908715443073
2023-01-01,-0.3599516486340826,-1.5920618245248597,301.03950000000003,111000.0,-0.7116453412964907,-0.8432587213542438,0.2790038490502911,0.18423532773848428,6.317969252295281,-0.4368691018119444,-0.012390630970081529,-0.012390630970081529,1.2507474041293962,791836.3755243812,7.133661040760191,0,2.9858569232844405,-4.3350756207873085,1.306849392258042,-0.8647345446199041,-0.4684879734483905
