Date,House_Index_diff1,GDP_diff1,CPI_diff1,Interest_Rate_diff1,Mortgage_Rate_diff1,Unemployment_Rate,Median_Household_Income_diff1
1990-01-01,0.2600000000000051,125.46399999999994,1.6999999999999886,-0.6099999999999994,-0.05250000000000021,2.7,-352.5
1990-04-01,0.29999999999999716,87.32700000000023,1.9000000000000057,0.02999999999999936,0.47499999999999964,2.6,770.0
1990-07-01,-0.539999999999992,55.08799999999974,1.799999999999983,-0.10999999999999943,-0.3349999999999991,3.2,770.0
1990-10-01,-1.3400000000000034,-10.38299999999981,2.5,-0.040000000000000924,0.14250000000000007,3.4,770.0
1991-01-01,0.539999999999992,30.44499999999971,0.9000000000000057,-1.1999999999999993,-0.5400000000000009,4.2,770.0
1991-04-01,0.15000000000000568,91.6840000000002,1.0,-1.0,-0.14499999999999957,4.1,-200.0
1991-07-01,-0.8100000000000023,79.07499999999982,0.8000000000000114,-0.08999999999999986,0.08249999999999957,4.5,-200.0
1991-10-01,1.6000000000000085,58.603000000000065,2.049999999999983,-0.6100000000000003,-0.7199999999999989,4.6,-200.0
1992-01-01,0.30999999999998806,98.5619999999999,-0.04999999999998295,-1.1799999999999997,-0.4230000000000018,5.3,-200.0
1992-04-01,-0.8199999999999932,107.66100000000006,0.19999999999998863,-0.30000000000000027,0.42050000000000054,4.8,-1805.0
1992-07-01,0.8199999999999932,95.8779999999997,1.700000000000017,-0.48,-0.724499999999999,5.1,-1805.0
1992-10-01,0.11000000000001364,114.16200000000026,1.6499999999999773,-0.1499999999999999,-0.040000000000000924,4.9,-1805.0
1993-01-01,-0.23000000000000398,48.65599999999995,1.3500000000000227,-0.08000000000000007,-0.09549999999999947,5.1,-1805.0
1993-04-01,0.20000000000000284,79.48000000000047,1.049999999999983,-0.06000000000000005,-0.5205000000000011,4.4,1060.0
1993-07-01,0.01999999999999602,73.15899999999965,0.3499999999999943,0.10000000000000009,-0.26599999999999824,4.8,1060.0
1993-10-01,0.539999999999992,131.64000000000033,1.1000000000000227,-0.06999999999999984,-0.3719999999999999,4.5,1060.0
1994-01-01,0.19000000000001194,101.91399999999976,0.5999999999999943,0.05999999999999961,0.22599999999999998,4.6,1060.0
1994-04-01,-0.9200000000000017,131.27899999999954,0.549999999999983,0.5100000000000002,1.2559999999999985,3.9,-37.5
1994-07-01,-1.0700000000000074,84.14400000000023,0.35000000000002274,0.6999999999999997,0.2980000000000018,4.1,-37.5
1994-10-01,-0.8799999999999955,124.21299999999974,1.549999999999983,0.5,0.31099999999999994,4.0,-37.5
1995-01-01,-0.28000000000000114,67.0010000000002,0.45000000000001705,0.7700000000000005,0.22250000000000014,4.3,-37.5
1995-04-01,0.8900000000000006,58.70800000000054,1.0999999999999943,0.5199999999999996,-0.8275000000000006,4.0,185.0
1995-07-01,1.25,102.1279999999997,1.1999999999999886,-0.20000000000000018,-0.7125000000000004,4.2,185.0
1995-10-01,0.730000000000004,89.46100000000024,-0.4000000000000057,-0.08999999999999986,-0.13250000000000028,4.0,185.0
1996-01-01,1.1700000000000017,95.8819999999996,1.1000000000000227,-0.20000000000000018,-0.4450000000000003,4.0,185.0
1996-04-01,-1.3500000000000085,164.3720000000003,1.8999999999999773,-0.33999999999999986,0.8950000000000014,3.7,-352.5
1996-07-01,-1.009999999999991,98.56800000000021,1.4000000000000057,0.1800000000000006,0.3200000000000003,4.0,-352.5
1996-10-01,0.6899999999999977,128.36300000000028,0.9000000000000057,-0.16000000000000014,-0.33000000000000096,3.7,-352.5
1997-01-01,0.4200000000000017,102.88400000000001,0.5999999999999943,0.009999999999999787,-0.09100000000000019,4.0,-352.5
1997-04-01,-0.4200000000000017,156.17000000000007,0.4000000000000057,0.2599999999999998,0.3185000000000002,3.4,500.0
1997-07-01,0.9599999999999937,143.9979999999996,0.9000000000000057,0.009999999999999787,-0.6450000000000005,3.5,500.0
1997-10-01,0.7800000000000011,103.08399999999892,-0.20000000000001705,-0.019999999999999574,-0.20350000000000001,3.4,500.0
1998-01-01,1.480000000000004,100.57300000000032,-0.19999999999998863,0.05999999999999961,-0.2999999999999998,3.5,500.0
1998-04-01,0.14000000000000057,103.21900000000096,1.0500000000000114,-0.10999999999999943,0.1460000000000008,2.8,1960.0
1998-07-01,0.5499999999999972,151.39799999999923,1.3499999999999943,0.08999999999999986,-0.1880000000000006,3.1,1960.0
1998-10-01,1.1799999999999926,172.89400000000023,-0.05000000000001137,-0.46999999999999975,-0.24200000000000088,2.9,1960.0
1999-01-01,1.230000000000004,117.69100000000071,0.5500000000000114,-0.4400000000000004,0.07500000000000107,2.8,1960.0
1999-04-01,0.8299999999999983,114.52799999999843,1.049999999999983,0.11000000000000032,0.13100000000000023,2.5,507.5
1999-07-01,1.9300000000000068,160.41600000000108,1.8500000000000227,0.25,0.7159999999999993,2.7,507.5
1999-10-01,1.6499999999999915,213.54299999999967,1.1499999999999773,0.20999999999999996,0.21999999999999975,2.4,507.5
2000-01-01,2.5900000000000034,102.01000000000022,0.35000000000002274,0.25,0.35800000000000143,2.9,507.5
2000-04-01,3.6899999999999977,245.54099999999926,3.049999999999983,0.5699999999999994,-0.057500000000000995,2.4,-400.0
2000-07-01,2.930000000000007,70.44500000000153,1.950000000000017,0.5200000000000005,-0.004999999999999005,2.9,-400.0
2000-10-01,2.789999999999992,117.57899999999972,0.3499999999999943,-0.03000000000000025,-0.3525000000000009,2.6,-400.0
2001-01-01,4.099999999999994,34.48699999999917,0.75,-0.5299999999999994,-0.7625000000000002,2.9,-400.0
2001-04-01,3.8500000000000227,128.76900000000023,1.6999999999999886,-1.1800000000000006,0.04499999999999993,2.8,-1052.5
2001-07-01,4.149999999999977,-0.9799999999995634,1.5999999999999943,-1.0299999999999998,0.05000000000000071,3.4,-1052.5
2001-10-01,3.0400000000000205,62.44499999999971,1.0,-1.2799999999999998,-0.5100000000000007,4.0,-1052.5
2002-01-01,3.6699999999999875,123.03499999999985,-0.19999999999998863,-0.7600000000000002,0.3799999999999999,4.4,-1052.5
2002-04-01,5.259999999999991,103.95999999999913,2.75,0.020000000000000018,-0.01249999999999929,4.0,2037.5
2002-07-01,5.070000000000022,96.58000000000175,1.4499999999999886,-0.020000000000000018,-0.5,4.1,2037.5
2002-10-01,2.859999999999985,77.39300000000003,1.4000000000000057,0.020000000000000018,-0.3725000000000005,3.7,2037.5
2003-01-01,2.930000000000007,112.69599999999991,0.700000000000017,-0.51,-0.19649999999999945,4.1,2037.5
2003-04-01,3.1599999999999966,138.6369999999988,2.4499999999999886,0.020000000000000018,-0.10350000000000037,3.7,-1047.5
2003-07-01,5.159999999999997,253.90300000000025,1.4499999999999886,-0.25,-0.17999999999999972,4.0,-1047.5
2003-10-01,8.960000000000008,205.5650000000005,0.4000000000000057,0.0,0.3194999999999997,3.6,-1047.5
2004-01-01,5.530000000000001,151.21299999999974,0.09999999999999432,-0.010000000000000009,-0.2394999999999996,3.9,-1047.5
2004-04-01,9.469999999999999,189.3680000000004,2.75,0.0,0.11749999999999972,3.4,105.0
2004-07-01,17.44999999999999,192.4920000000002,1.950000000000017,0.26,0.22599999999999998,3.9,105.0
2004-10-01,7.689999999999998,221.90699999999924,1.4499999999999886,0.5,-0.3334999999999999,3.5,105.0
2005-01-01,10.04000000000002,240.07200000000012,1.3499999999999943,0.5199999999999998,-0.012500000000000178,3.8,105.0
2005-04-01,17.00999999999999,155.3700000000008,2.9000000000000057,0.5100000000000002,0.14500000000000046,3.4,792.5
2005-07-01,13.279999999999973,219.98599999999897,1.700000000000017,0.46999999999999975,-0.16000000000000014,3.5,792.5
2005-10-01,11.200000000000045,181.5619999999999,2.1499999999999773,0.52,0.3700000000000001,3.1,792.5
2006-01-01,5.310000000000002,274.95600000000013,0.6500000000000057,0.5100000000000002,0.07999999999999918,3.2,792.5
2006-04-01,4.3799999999999955,154.26400000000103,2.1500000000000057,0.5,0.3625000000000007,2.9,375.0
2006-07-01,1.2299999999999613,116.76399999999921,3.6500000000000057,0.4500000000000002,0.2549999999999999,3.5,375.0
2006-10-01,2.0500000000000114,169.3719999999994,-0.75,0.009999999999999787,-0.40500000000000025,2.9,375.0
2007-01-01,-1.839999999999975,176.09100000000035,0.4509999999999934,0.0,-0.13999999999999968,3.3,375.0
2007-04-01,-2.009999999999991,186.4310000000005,4.175000000000011,0.0,-0.03750000000000053,2.7,1007.5
2007-07-01,-6.1299999999999955,162.03499999999985,1.921999999999997,0.009999999999999787,0.5150000000000006,3.1,1007.5
2007-10-01,-6.2900000000000205,150.9410000000007,1.195999999999998,-0.5,-0.3200000000000003,2.9,1007.5
2008-01-01,-7.389999999999986,-8.520000000000437,2.1929999999999836,-0.8199999999999998,-0.617,3.3,1007.5
2008-04-01,-16.28000000000003,159.16299999999865,2.952500000000015,-1.6600000000000001,0.15950000000000042,2.9,-762.5
2008-07-01,-12.349999999999994,33.298000000000684,5.3785000000000025,-0.27,0.5084999999999988,4.0,-762.5
2008-10-01,-4.27000000000001,-290.78999999999905,-2.6980000000000075,-1.0399999999999998,-0.2259999999999991,4.2,-762.5
2009-01-01,0.19000000000002615,-177.3070000000007,-4.389999999999986,-0.82,-1.1525000000000007,5.5,-762.5
2009-04-01,-7.460000000000008,-49.66599999999926,1.2764999999999986,0.0,-0.23749999999999893,5.6,1035.0
2009-07-01,-4.8799999999999955,67.64599999999882,2.977499999999992,0.010000000000000009,0.4119999999999999,6.3,1035.0
2009-10-01,0.6799999999999784,202.3670000000002,0.7729999999999961,-0.04000000000000001,-0.27000000000000046,6.4,1035.0
2010-01-01,-2.1999999999999886,113.36100000000079,0.5829999999999984,-0.009999999999999995,0.07800000000000029,6.9,1035.0
2010-04-01,0.2400000000000091,215.58299999999872,1.1140000000000043,0.09000000000000001,0.0680000000000005,6.1,-1132.5
2010-07-01,2.6999999999999886,161.41400000000067,-0.1220000000000141,-0.020000000000000018,-0.5340000000000007,6.4,-1132.5
2010-10-01,-0.5099999999999909,167.8670000000002,2.139499999999998,0.010000000000000009,-0.3390000000000004,6.0,-1132.5
2011-01-01,-4.710000000000008,41.97400000000016,2.198500000000024,-0.01999999999999999,0.5300000000000002,6.3,-1132.5
2011-04-01,-0.5500000000000114,206.09100000000035,3.494999999999976,-0.07,0.08499999999999996,5.6,2877.5
2011-07-01,2.8200000000000216,90.14099999999962,1.9260000000000161,-0.03,-0.29499999999999993,6.2,2877.5
2011-10-01,2.039999999999992,194.57899999999972,0.25899999999998613,0.0,-0.47750000000000004,5.9,2877.5
2012-01-01,-1.1699999999999875,226.54600000000028,0.5440000000000111,0.009999999999999995,-0.15249999999999986,6.0,2877.5
2012-04-01,-0.46000000000000796,138.3099999999995,3.346499999999992,0.06000000000000001,-0.004999999999999893,5.3,-1905.0
2012-07-01,3.25,112.42599999999948,-0.5964999999999918,0.01999999999999999,-0.3600000000000003,5.9,-1905.0
2012-10-01,1.5199999999999818,100.87800000000243,2.2154999999999916,0.0,-0.16749999999999954,5.4,-1905.0
2013-01-01,1.6200000000000045,227.7699999999968,-0.48649999999997817,-0.01999999999999999,0.03149999999999986,5.9,-1905.0
2013-04-01,4.210000000000008,80.49800000000323,2.0149999999999864,0.009999999999999981,0.03100000000000014,5.1,2312.5
2013-07-01,3.1100000000000136,225.15099999999802,0.6899999999999977,-0.06,0.9249999999999998,5.7,2312.5
2013-10-01,1.5999999999999943,238.1810000000005,1.3729999999999905,0.0,-0.17799999999999994,5.7,2312.5
2014-01-01,1.6599999999999966,5.71900000000096,0.12800000000001432,-0.01999999999999999,0.2400000000000002,5.3,2312.5
2014-04-01,4.799999999999983,320.77000000000044,2.337999999999994,0.01999999999999999,-0.09450000000000003,4.6,580.0
2014-07-01,1.8500000000000227,285.7199999999975,0.3089999999999975,0.0,-0.20750000000000046,5.3,580.0
2014-10-01,3.2099999999999795,107.85100000000239,-0.022999999999996135,0.0,-0.0940000000000003,4.7,580.0
2015-01-01,1.240000000000009,151.4499999999971,-3.1759999999999877,0.020000000000000004,-0.36599999999999966,4.9,580.0
2015-04-01,3.1899999999999977,216.25500000000102,3.7779999999999916,0.009999999999999995,0.002000000000000224,4.1,90.0
2015-07-01,2.25,121.84200000000055,0.08699999999998909,0.010000000000000009,0.3740000000000001,4.5,90.0
2015-10-01,1.0200000000000102,33.5109999999986,0.859499999999997,-0.010000000000000009,-0.25000000000000044,4.2,90.0
2016-01-01,0.9899999999999807,90.7960000000021,-1.0444999999999993,0.22000000000000003,0.07650000000000023,4.1,90.0
2016-04-01,3.7200000000000273,185.76900000000023,2.977000000000004,0.02999999999999997,-0.26750000000000007,3.5,2770.0
2016-07-01,2.549999999999983,180.93699999999808,0.521000000000015,0.020000000000000018,-0.16500000000000004,4.0,2770.0
2016-10-01,1.990000000000009,196.7400000000016,-0.554000000000002,0.010000000000000009,0.03000000000000025,3.9,2770.0
2017-01-01,-1.9800000000000182,190.7049999999981,0.7439999999999998,0.25,0.6800000000000002,4.0,2770.0
2017-04-01,7.099999999999994,158.5590000000011,0.9735000000000014,0.25,-0.10500000000000043,3.3,857.5
2017-07-01,1.1400000000000432,253.95200000000114,0.04949999999999477,0.2499999999999999,-0.07750000000000012,3.8,857.5
2017-10-01,1.2099999999999795,344.4929999999986,2.3259999999999934,0.0,-0.07249999999999979,3.5,857.5
2018-01-01,1.9800000000000182,291.46500000000015,2.375,0.26,0.13750000000000062,3.7,857.5
2018-04-01,2.5600000000000023,252.35900000000038,0.6790000000000305,0.28,0.4349999999999996,3.0,1800.0
2018-07-01,2.7099999999999795,217.8179999999993,1.117999999999995,0.21999999999999997,0.05999999999999961,3.4,1800.0
2018-10-01,-0.09000000000003183,119.1369999999988,0.07200000000000273,0.28,0.3025000000000002,3.1,1800.0
2019-01-01,2.930000000000007,193.73300000000017,0.21599999999995134,0.20999999999999996,-0.36599999999999966,3.7,1800.0
2019-04-01,4.610000000000014,286.33799999999974,2.8080000000000496,0.020000000000000018,-0.32150000000000034,2.7,-1725.0
2019-07-01,2.740000000000009,319.2330000000002,0.057999999999992724,-0.020000000000000018,-0.37749999999999995,3.3,-1725.0
2019-10-01,2.1399999999999864,216.0460000000021,0.09299999999996089,-0.5699999999999998,-0.07699999999999996,2.8,-1725.0
2020-01-01,3.0200000000000387,-205.5600000000013,1.170000000000016,-0.28,-0.06400000000000006,3.1,-1725.0
2020-04-01,2.9399999999999977,-1792.2129999999997,-0.8739999999999668,-1.5,-0.31800000000000006,9.4,-425.0
2020-07-01,4.3799999999999955,1749.107,1.7279999999999518,0.039999999999999994,-0.29000000000000004,8.6,-425.0
2020-10-01,5.430000000000007,384.21600000000035,1.4570000000000505,0.0,-0.18199999999999994,6.3,-425.0
2021-01-01,6.009999999999991,588.0260000000017,1.7909999999999968,0.0,-0.0990000000000002,5.6,-425.0
2021-04-01,13.939999999999998,712.0679999999993,3.5494999999999663,-0.01999999999999999,0.3250000000000002,5.0,1050.0
2021-07-01,11.45999999999998,553.130000000001,5.014499999999998,0.03,-0.19200000000000017,5.1,1050.0
2021-10-01,6.590000000000032,855.0469999999987,3.4875000000000114,-0.020000000000000004,0.1995,3.6,1050.0
2022-01-01,8.909999999999968,438.45300000000134,4.091499999999996,0.0,0.3775000000000004,3.3,1050.0
2022-04-01,16.53000000000003,590.2999999999993,7.714999999999975,0.25,1.5374999999999996,2.5,1325.0
2022-07-01,-1.490000000000009,466.2199999999975,5.54400000000004,1.3499999999999999,0.4299999999999997,3.0,1325.0
2022-10-01,-4.350000000000023,462.2659999999996,-0.2605000000000359,1.4000000000000001,1.4875000000000007,2.7,1325.0
2023-01-01,1.160000000000025,430.08200000000215,-0.527499999999975,1.25,-0.6275000000000004,2.7,1325.0
