Date,House_Index,CPI,Poverty_Rate,Unemployment_Rate,Median_Household_Income,Population,Interest_Rate,Mortgage_Rate,GDP,House_Index_pct_change,CPI_pct_change,Poverty_Rate_pct_change,Median_Household_Income_pct_change,Population_pct_change,Interest_Rate_pct_change,Mortgage_Rate_pct_change,GDP_pct_change
1990-04-01,102.41,133.9,13.675,3.8,59160.0,4105.955,8.26,10.37,5960.028,0.002938008030555217,0.014393939393939403,0.012962962962963065,0.013187189587258175,0.004265823115331635,0.0036452004860265674,0.04800404244567957,0.014869989124254746
1990-07-01,101.87,135.7,13.85,4.7,59930.0,4123.39587804878,8.15,10.035,6015.116,-0.005272922566155525,0.013442867811799708,0.01279707495429605,0.013015551048005447,0.004247703164983685,-0.013317191283292895,-0.03230472516875593,0.009242909597068971
1990-10-01,100.53,138.2,14.025,4.9,60700.0,4140.836756097561,8.11,10.1775,6004.733,-0.013154019829194064,0.018422991893883633,0.012635379061371799,0.012848323043550769,0.0042297364998662434,-0.004907975460122782,0.01420029895366226,-0.0017261512496183906
1991-01-01,101.07,139.1,14.2,5.3,61470.0,4158.277634146341,6.91,9.6375,6035.178,0.005371530886302489,0.0065123010130245795,0.012477718360071277,0.012685337726523915,0.004211921183103318,-0.1479654747225646,-0.053058216654384815,0.005070167149813232
1991-04-01,101.22,140.1,14.35,5.2,61270.0,4175.718512195122,5.91,9.4925,6126.862,0.0014841199168893482,0.007189072609633307,0.010563380281690238,-0.0032536196518626603,0.004194255310314476,-0.1447178002894356,-0.015045395590142618,0.015191598325683175
1991-07-01,100.41,140.9,14.5,6.1,61070.0,4193.159390243903,5.82,9.575,6205.937,-0.008002371072910464,0.005710206995003686,0.010452961672473782,-0.0032642402480822508,0.004176737008935172,-0.015228426395939021,0.00869107189886753,0.012906280572338558
1991-10-01,102.01,142.95,14.65,6.2,60870.0,4210.600268292683,5.21,8.855,6264.54,0.015934667861766894,0.014549325762952314,0.010344827586207028,-0.00327493040772886,0.0041593644375550465,-0.10481099656357395,-0.075195822454308,0.009443054288176045
1992-01-01,102.32,142.9,14.8,6.6,60670.0,4228.041146341463,4.03,8.431999999999999,6363.102,0.003038917753161341,-0.000349772647778801,0.010238907849829282,-0.0032856908164942134,0.004142135785274226,-0.22648752399232241,-0.04776962168266541,0.01573331800898381
1992-04-01,101.5,143.1,14.875,6.3,58865.0,4245.482024390244,3.73,8.8525,6470.763,-0.008014073494917784,0.0013995801259620855,0.0050675675675675436,-0.029751112576232086,0.004125049271072712,-0.07444168734491319,0.049869544592030524,0.016919577903984573
1992-07-01,102.32,144.8,14.95,7.0,57060.0,4262.922902439024,3.25,8.128,6566.641,0.008078817733990107,0.011879804332634691,0.005042016806722671,-0.030663382315467613,0.004108103143196207,-0.12868632707774796,-0.08184128777181576,0.014817108894267905
1992-10-01,102.43,146.45,15.025,6.6,55255.0,4280.363780487804,3.1,8.088,6680.803,0.0010750586395622541,0.011395027624309328,0.0050167224080268635,-0.03163336838415698,0.004091295678559259,-0.0461538461538461,-0.004921259842519787,0.017385144094218097
1993-01-01,102.2,147.8,15.1,6.8,53450.0,4297.8046585365855,3.02,7.9925,6729.459,-0.002245435907449078,0.00921816319563007,0.004991680532445919,-0.0326667269930323,0.004074625182159952,-0.02580645161290329,-0.011807616221562789,0.0072829568541386
1993-04-01,102.4,148.85,14.95,6.1,54510.0,4315.245536585366,2.96,7.471999999999999,6808.939,0.001956947162426559,0.007104194857916024,-0.009933774834437137,0.01983161833489233,0.00405808998650925,-0.019867549668874163,-0.0651235533312482,0.011810756258415545
1993-07-01,102.42,149.2,14.8,6.8,55570.0,4332.686414634146,3.06,7.206,6882.098,0.0001953125000000444,0.0023513604299629787,-0.010033444816053394,0.019445973215923784,0.004041688451077441,0.03378378378378377,-0.035599571734475144,0.010744552124787754
1993-10-01,102.96,150.3,14.65,6.3,56630.0,4350.127292682927,2.99,6.8340000000000005,7013.738,0.005272407732864526,0.00737265415549615,-0.010135135135135198,0.01907504048947284,0.004025418961749017,-0.02287581699346397,-0.051623646960865965,0.019127888036468033
1994-01-01,103.15,150.9,14.5,6.3,57690.0,4367.568170731707,3.05,7.0600000000000005,7115.652,0.0018453768453770003,0.003992015968063756,-0.010238907849829393,0.018717993996115068,0.004009279930294429,0.020066889632106788,0.03306994439566879,0.014530625466762537
1994-04-01,102.23,151.45,14.325,5.6,57652.5,4385.009048780487,3.56,8.315999999999999,7246.931,-0.008919049927290423,0.0036447978793903157,-0.012068965517241459,-0.0006500260010400272,0.0039932697938538375,0.1672131147540985,0.1779036827195466,0.018449328325780945
1994-07-01,101.16,151.8,14.15,6.0,57615.0,4402.449926829268,4.26,8.614,7331.075,-0.010466594932994289,0.0023109937273029235,-0.012216404886561838,-0.0006504488096786831,0.003977387014430844,0.196629213483146,0.035834535834536,0.011610984015164583
1994-10-01,100.28,153.35,13.975,5.8,57577.5,4419.890804878049,4.76,8.925,7455.288,-0.008699090549624366,0.010210803689064463,-0.012367491166077826,-0.0006508721687060737,0.003961630078400891,0.11737089201877926,0.03610401671697239,0.016943354146561118
1995-01-01,100.0,153.8,13.8,6.1,57540.0,4437.331682926829,5.53,9.1475,7522.289,-0.002792181890706069,0.002934463645255958,-0.012522361359570633,-0.0006512960791975608,0.003945997496031195,0.16176470588235303,0.02492997198879543,0.008987043827146657
1995-04-01,100.89,154.9,13.775,5.9,57725.0,4454.77256097561,6.05,8.32,7580.997,0.008899999999999908,0.007152145643693153,-0.0018115942028985588,0.003215154675008769,0.003930487801010463,0.09403254972875219,-0.09046187482918833,0.007804539283188916
1995-07-01,102.14,156.1,13.75,6.5,57910.0,4472.21343902439,5.85,7.6075,7683.125,0.012389731390623382,0.007746933505487386,-0.001814882032667886,0.0032048505846686837,0.003915099549989254,-0.03305785123966942,-0.08563701923076927,0.01347157900207585
1995-10-01,102.87,155.7,13.725,6.0,58095.0,4489.654317073171,5.76,7.475,7772.586,0.007147053064421316,-0.002562459961563124,-0.0018181818181818299,0.0031946123294768203,0.0038998313221352277,-0.01538461538461533,-0.01741702267499179,0.011643829821849971
1996-01-01,104.04,156.8,13.7,5.9,58280.0,4507.095195121951,5.56,7.029999999999999,7868.468,0.01137357830271224,0.0070648683365448495,-0.0018214936247723523,0.0031844392804889488,0.0038846817186919402,-0.03472222222222221,-0.059531772575250885,0.012335920117191312
1996-04-01,102.69,158.7,13.6,5.8,57927.5,4524.536073170732,5.22,7.925000000000001,8032.84,-0.012975778546712835,0.01211734693877542,-0.007299270072992692,-0.006048387096774244,0.003869649362555627,-0.0611510791366906,0.12731152204836427,0.02088996231540885
1996-07-01,101.68,160.1,13.5,6.4,57575.0,4541.976951219513,5.4,8.245000000000001,8131.408,-0.009835427013341058,0.008821676118462518,-0.007352941176470562,-0.006085192697768749,0.0038547328978544293,0.034482758620689724,0.04037854889589898,0.012270629067677286
1996-10-01,102.37,161.0,13.4,5.9,57222.5,4559.417829268293,5.24,7.915,8259.771,0.006785995279307677,0.0056214865708932304,-0.007407407407407418,-0.006122448979591799,0.003839930989543605,-0.029629629629629672,-0.040024257125530704,0.0157860729654693
1997-01-01,102.79,161.6,13.3,6.0,56870.0,4576.858707317073,5.25,7.824,8362.655,0.004102764481781707,0.003726708074534235,-0.007462686567164201,-0.006160164271047264,0.0038252423230049626,0.00190839694656475,-0.011497157296272875,0.012456035403402899
1997-04-01,102.37,162.0,13.15,5.5,57370.0,4594.299585365854,5.51,8.1425,8518.825,-0.004086000583714333,0.0024752475247524774,-0.011278195488721776,0.008791981712678032,0.003810665603659169,0.049523809523809526,0.04070807770961138,0.01867469123143306
1997-07-01,103.33,162.9,13.0,6.1,57870.0,4611.740463414634,5.52,7.4975,8662.823,0.009377747386929647,0.005555555555555536,-0.011406844106463865,0.008715356458079082,0.0037961995565840567,0.001814882032667775,-0.07921400061406203,0.016903504884769882
1997-10-01,104.11,162.7,12.85,6.0,58370.0,4629.181341463414,5.5,7.294,8765.907,0.007548630600987094,-0.0012277470841007831,-0.011538461538461608,0.008640055296353921,0.003781842926144696,-0.0036231884057970065,-0.027142380793597876,0.011899585158325232
1998-01-01,105.59,162.5,12.7,6.1,58870.0,4646.622219512195,5.56,6.994,8866.48,0.014215733358947213,-0.0012292562999384193,-0.011673151750972832,0.008566044200787992,0.0037675944756287993,0.010909090909090757,-0.04112969564025226,0.011473199521738087
1998-04-01,105.73,163.55,12.5,5.2,60830.0,4664.063097560976,5.45,7.140000000000001,8969.699,0.0013258831328724074,0.0064615384615385185,-0.015748031496062964,0.03329369797859694,0.0037534529868905597,-0.01978417266187038,0.02087503574492433,0.011641485685413011
1998-07-01,106.28,164.9,12.3,5.7,62790.0,4681.503975609756,5.54,6.952,9121.097,0.005201929442920639,0.008254356465912549,-0.015999999999999903,0.03222094361334871,0.0037394172600067055,0.016513761467889854,-0.026330532212885283,0.016878827260535578
1998-10-01,107.46,164.85,12.1,5.3,64750.0,4698.944853658537,5.07,6.709999999999999,9293.991,0.011102747459540874,-0.0003032140691329177,-0.016260162601626105,0.031215161649944312,0.0037254861129343286,-0.08483754512635377,-0.034810126582278555,0.018955395387199703
1999-01-01,108.69,165.4,11.9,4.9,66710.0,4716.385731707317,4.63,6.785,9411.682,0.01144611948632046,0.0033363663936913923,-0.016528925619834656,0.030270270270270183,0.0037116583811791504,-0.08678500986193305,0.011177347242921076,0.012663128251361622
1999-04-01,109.52,166.45,11.75,4.6,67217.5,4733.826609756097,4.74,6.916,9526.21,0.007636397092648739,0.0063482466747277755,-0.012605042016806789,0.007607555089192086,0.0036979329174728903,0.023758099352051865,0.019307295504789934,0.012168706932512041
1999-07-01,111.45,168.3,11.6,4.8,67725.0,4751.267487804878,4.99,7.632,9686.626,0.01762235208181151,0.011114448783418496,-0.012765957446808529,0.007550117156990277,0.0036843085914546325,0.052742616033755185,0.10352805089647177,0.01683943562025192
1999-10-01,113.1,169.45,11.45,4.2,68232.5,4768.7083658536585,5.2,7.851999999999999,9900.169,0.014804845222072593,0.006833036244800805,-0.012931034482758674,0.00749354005167957,0.003670784289359741,0.04208416833667328,0.028825995807127747,0.02204513728516
2000-01-01,115.69,169.8,11.3,4.5,68740.0,4786.149243902439,5.45,8.21,10002.179,0.022900088417329822,0.0020655060489820354,-0.013100436681222627,0.0074378045652732094,0.0036573589137187668,0.04807692307692313,0.04559347936831393,0.010303864509787708
2000-04-01,119.38,172.85,11.4,3.9,68340.0,4803.59012195122,6.02,8.1525,10247.72,0.03189558302359763,0.017962308598350907,0.008849557522123908,-0.0058190282222868595,0.003644031383058355,0.1045871559633027,-0.007003654080389943,0.024548750827194654
2000-07-01,122.31,174.8,11.5,4.7,67940.0,4821.031,6.54,8.1475,10318.165,0.02454347461886419,0.011281457911483939,0.00877192982456143,-0.005853087503658205,0.003630800631610809,0.08637873754152836,-0.0006133088009812049,0.006874212019844617
2000-10-01,125.1,175.15,11.6,4.4,67540.0,4847.59175,6.51,7.795,10435.744,0.022810890360559277,0.0020022883295194305,0.008695652173912993,-0.005887547836326168,0.005509350593265072,-0.004587155963302836,-0.043264805154955566,0.011395340159805478
2001-01-01,129.2,175.9,11.7,4.6,67140.0,4874.1525,5.98,7.0325,10470.231,0.03277378097521977,0.004282043962317905,0.008620689655172376,-0.005922416345869097,0.005479163958062472,-0.08141321044546845,-0.09781911481719052,0.0033046996936680895
2001-04-01,133.05,177.6,11.8,4.3,66087.5,4900.713250000001,4.8,7.0775,10599.0,0.029798761609907354,0.009664582148948275,0.008547008547008739,-0.01567619898719097,0.0054493063153031596,-0.19732441471571915,0.006398862424457974,0.012298582524110424
2001-07-01,137.2,179.2,11.9,5.1,65035.0,4927.274,3.77,7.1275,10598.02,0.031191281473130328,0.009009009009008917,0.008474576271186418,-0.015925855872895744,0.005419772315794935,-0.21458333333333335,0.007064641469445521,-9.24615529767081e-05
2001-10-01,140.24,180.2,12.0,5.5,63982.5,4949.09825,2.49,6.6175,10660.465,0.022157434402332532,0.005580357142857206,0.008403361344537785,-0.0161835934496809,0.004429274686165163,-0.33952254641909807,-0.07155384075762894,0.005892138342822539
2002-01-01,143.91,180.0,12.1,5.8,62930.0,4970.922500000001,1.73,6.9975,10783.5,0.026169423844837336,-0.0011098779134294245,0.008333333333333304,-0.016449810495057227,0.0044097427243439125,-0.30522088353413657,0.05742349829996218,0.011541241399882551
2002-04-01,149.17,182.75,12.2,5.3,64967.5,4992.74675,1.75,6.985,10887.46,0.03655062191647551,0.015277777777777724,0.008264462809917328,0.03237724455744484,0.004390382268079973,0.011560693641618602,-0.0017863522686673017,0.009640654703945817
2002-07-01,154.24,184.2,12.3,5.6,67005.0,5014.571,1.73,6.485,10984.04,0.03398806730575865,0.007934336525307728,0.00819672131147553,0.0313618347635356,0.004371191068323288,-0.011428571428571455,-0.07158196134574091,0.008870755897151472
2002-10-01,157.1,185.6,12.4,5.1,69042.5,5032.52225,1.75,6.1125,11061.433,0.018542531120331773,0.007600434310532034,0.008130081300812941,0.030408178494142124,0.0035798176952723804,0.011560693641618602,-0.057440246723207466,0.007045950306080462
2003-01-01,160.03,186.3,12.5,5.5,71080.0,5050.4735,1.24,5.916,11174.129,0.01865054105665176,0.0037715517241381225,0.008064516129032251,0.029510808559944923,0.003567048312603127,-0.2914285714285715,-0.032147239263803584,0.010188191710784666
2003-04-01,163.19,188.75,12.55,5.1,70032.5,5068.42475,1.26,5.8125,11312.766,0.019746297569205762,0.013150831991411538,0.0040000000000000036,-0.01473691615081596,0.0035543697041475752,0.016129032258064502,-0.01749492900608529,0.012406962547147904
2003-07-01,168.35,190.2,12.6,5.7,68985.0,5086.376,1.01,5.6325,11566.669,0.031619584533365996,0.007682119205298044,0.003984063745019917,-0.014957341234426824,0.003541780905398584,-0.19841269841269837,-0.030967741935483795,0.02244393634589459
2003-10-01,177.31,190.6,12.65,5.2,67937.5,5104.4130000000005,1.01,5.952,11772.234,0.053222453222453225,0.002103049421661396,0.003968253968253954,-0.015184460389939813,0.003546139726988473,0.0,0.05672436750998666,0.01777218661656188
2004-01-01,182.84,190.7,12.7,5.6,66890.0,5122.450000000001,1.0,5.7125,11923.447,0.031188314251875182,0.0005246589716683125,0.0039525691699604515,-0.015418583256669782,0.0035336090555369015,-0.00990099009900991,-0.040238575268817134,0.012844885686098317
2004-04-01,192.31,193.45,12.675,5.1,66995.0,5140.487,1.0,5.83,12112.815,0.05179391817982926,0.014420555846879957,-0.0019685039370077595,0.0015697413664224058,0.003521166629249617,0.0,0.020568927789934355,0.015881984463050003
2004-07-01,209.76,195.4,12.65,6.0,67100.0,5158.524,1.26,6.056,12305.307,0.09073891113306631,0.010080124063065465,-0.0019723865877712132,0.001567281140383514,0.00350881151921989,0.26,0.03876500857632936,0.015891599103924348
2004-10-01,217.45,196.85,12.625,5.6,67205.0,5176.20975,1.76,5.7225,12527.214,0.03666094584286794,0.007420675537359145,-0.0019762845849802257,0.0015648286140088619,0.0034284516268605625,0.39682539682539675,-0.05506935270805813,0.018033438743137342
2005-01-01,227.49,198.2,12.6,5.7,67310.0,5193.8955000000005,2.28,5.71,12767.286,0.046171533685904986,0.006858013716027456,-0.001980198019801982,0.0015623837512090955,0.003416737507594414,0.2954545454545454,-0.002184359982525197,0.01916403759048113
2005-04-01,244.5,201.1,12.525,5.1,68102.5,5211.58125,2.79,5.855,12922.656,0.07477251747329539,0.014631685166498487,-0.005952380952380931,0.011773882038330186,0.003405103163896861,0.22368421052631593,0.02539404553415059,0.012169383532255829
2005-07-01,257.78,202.8,12.45,5.3,68895.0,5229.267,3.26,5.695,13142.642,0.05431492842535768,0.008453505718547971,-0.005988023952095856,0.011636870893138918,0.0033935477836020134,0.1684587813620071,-0.027327070879590076,0.01702328066304637
2005-10-01,268.98,204.95,12.375,4.7,69687.5,5238.20325,3.78,6.065,13324.204,0.04344790131119569,0.010601577909270077,-0.0060240963855421326,0.011503011829595788,0.001708891513858335,0.1595092024539877,0.06496927129060581,0.013814726141060607
2006-01-01,274.29,205.6,12.3,4.7,70480.0,5247.139499999999,4.29,6.145,13599.16,0.019741244702208283,0.003171505245181727,-0.006060606060605989,0.011372197309416965,0.0017059761856319522,0.13492063492063489,0.013190436933223193,0.020635829352357637
2006-04-01,278.67,207.75,12.4,4.3,70855.0,5256.07575,4.79,6.5075,13753.424,0.015968500492179682,0.01045719844357973,0.008130081300812941,0.005320658342792273,0.001703070787426375,0.1165501165501166,0.058991049633848824,0.011343641813170935
2006-07-01,279.9,211.4,12.5,5.2,71230.0,5265.012,5.24,6.7625,13870.188,0.004413822801162537,0.017569193742478895,0.008064516129032251,0.005292498765083531,0.0017001752685927851,0.09394572025052206,0.0391855551286977,0.00848981315489139
2006-10-01,281.95,210.65,12.6,4.5,71605.0,5277.01725,5.25,6.3575,14039.56,0.0073240443015363255,-0.003547776726584684,0.008000000000000007,0.005264635687210362,0.002280194233175603,0.00190839694656475,-0.05988909426987066,0.012211225976172635
2007-01-01,280.11,211.101,12.7,4.8,71980.0,5289.0225,5.25,6.2175,14215.651,-0.006525979783649549,0.0021409921671018406,0.007936507936507908,0.005237064450806406,0.002275006775844801,0.0,-0.022021234762091946,0.012542487086489862
2007-04-01,278.1,215.276,12.825,3.9,72987.5,5301.02775,5.25,6.18,14402.082,-0.007175752382992395,0.019777263016281355,0.009842519685039353,0.013996943595443234,0.002269842867940186,0.0,-0.006031363088057962,0.013114489093746018
2007-07-01,271.97,217.198,12.95,4.6,73995.0,5313.033,5.26,6.695,14564.117,-0.022042430780294886,0.00892807372860882,0.00974658869395717,0.01380373351601305,0.002264702349464187,0.0019047619047618536,0.08333333333333348,0.011250803876828419
2007-10-01,265.68,218.394,13.075,4.1,75002.5,5329.25875,4.76,6.375,14715.058,-0.023127550832812482,0.005506496376578074,0.009652509652509744,0.013615784850327772,0.003053952422279238,-0.09505703422053235,-0.047796863330843986,0.010363896417475926
2008-01-01,258.29,220.587,13.2,4.4,76010.0,5345.4845000000005,3.94,5.758,14706.538,-0.027815417043059232,0.010041484656171829,0.009560229445506607,0.013432885570481057,0.0030446541932309668,-0.17226890756302515,-0.09678431372549023,-0.0005789987372118999
2008-04-01,242.01,223.5395,13.475,4.0,75247.5,5361.71025,2.28,5.9175,14865.701,-0.06302992760075898,0.013384741621219831,0.02083333333333326,-0.010031574792790376,0.0030354124121021453,-0.42131979695431476,0.02770059048280671,0.010822601485135364
2008-07-01,229.66,228.918,13.75,5.5,74485.0,5377.936,2.01,6.425999999999999,14898.999,-0.05103094913433326,0.024060624632335603,0.020408163265306145,-0.01013322701750885,0.003026226566420487,-0.11842105263157898,0.08593155893536109,0.0022399212791917034
2008-10-01,225.39,226.22,14.025,5.8,73722.5,5402.51225,0.97,6.2,14608.209,-0.018592702255508242,-0.011785879659965581,0.020000000000000018,-0.010236960461837974,0.004569829391796398,-0.5174129353233831,-0.03516962340491736,-0.019517418586308954
2009-01-01,225.58,221.83,14.3,7.2,72960.0,5427.0885,0.15,5.047499999999999,14430.902,0.0008429832734373477,-0.0194058880735567,0.019607843137254832,-0.010342839702940032,0.004549041050300184,-0.845360824742268,-0.18588709677419368,-0.012137490639680837
2009-04-01,218.12,223.1065,14.5,7.0,73995.0,5451.66475,0.15,4.8100000000000005,14381.236,-0.03307030765138752,0.0057544065275210166,0.013986013986013957,0.014185855263157965,0.0045284409863595165,0.0,-0.04705299653293693,-0.003441642109412113
2009-07-01,213.24,226.084,14.7,8.3,75030.0,5476.241,0.16,5.222,14448.882,-0.022373005684944047,0.013345644344741059,0.01379310344827589,0.013987431583215137,0.004508026653693209,0.06666666666666665,0.08565488565488555,0.004703768160121857
2009-10-01,213.92,226.857,14.9,8.5,76065.0,5526.864,0.12,4.952,14651.249,0.0031888951416243483,0.0034190831726261806,0.013605442176870763,0.013794482207117209,0.0092441147129938,-0.25,-0.05170432784373813,0.01400572030417302
2010-01-01,211.72,227.44,15.1,8.9,77100.0,5577.487,0.11,5.03,14764.61,-0.010284218399401635,0.00256990086265807,0.01342281879194629,0.013606783671859635,0.009159443764131137,-0.08333333333333326,0.01575121163166404,0.007737292568026133
2010-04-01,211.96,228.554,15.075,7.9,75967.5,5628.110000000001,0.2,5.098000000000001,14980.193,0.001133572643113645,0.004897995075624273,-0.0016556291390729116,-0.01468871595330734,0.009076309814796568,0.8181818181818183,0.013518886679920517,0.014601333865235766
2010-07-01,214.66,228.432,15.05,8.6,74835.0,5678.733,0.18,4.564,15141.607,0.01273825250047178,-0.0005337907015410259,-0.0016583747927030323,-0.014907690788824146,0.008994671390573306,-0.10000000000000009,-0.10474695959199698,0.01077516157502112
2010-10-01,214.15,230.5715,15.025,8.2,73702.5,5704.98775,0.19,4.225,15309.474,-0.002375850181682626,0.009366025775723097,-0.0016611295681063787,-0.015133293245139345,0.004623346440130183,0.05555555555555558,-0.07427695004382129,0.01108647186523859
2011-01-01,209.44,232.77,15.0,8.6,72570.0,5731.2425,0.17,4.755,15351.448,-0.021993929488676178,0.009535003241944562,-0.0016638935108153063,-0.015365828838913242,0.004602069478589099,-0.10526315789473684,0.12544378698224867,0.00274170098855131
2011-04-01,208.89,236.265,15.0,7.9,75447.5,5757.49725,0.1,4.84,15557.539,-0.002626050420168169,0.015014821497615571,0.0,0.03965137108998218,0.0045809874560358566,-0.4117647058823529,0.017875920084121866,0.013424857381531652
2011-07-01,211.71,238.191,15.0,8.9,78325.0,5783.752,0.07,4.545,15647.68,0.013499928191871513,0.008151863373754065,0.0,0.03813910335001158,0.004560097705648136,-0.29999999999999993,-0.06095041322314043,0.005794039789969396
2011-10-01,213.75,238.45,15.0,8.4,81202.5,5808.14625,0.07,4.0675,15842.259,0.00963582258750173,0.0010873626627370125,0.0,0.036737950845834755,0.004217720607660791,0.0,-0.10506050605060502,0.012435006339597932
2012-01-01,212.58,238.994,15.0,8.4,84080.0,5832.5405,0.08,3.915,16068.805,-0.005473684210526297,0.002281400712937698,0.0,0.03543610110526152,0.0042000061551481505,0.1428571428571428,-0.0374923171481254,0.014300107074376234
2012-04-01,212.12,242.3405,14.95,7.3,82175.0,5856.93475,0.14,3.91,16207.115,-0.0021638912409446265,0.014002443575989343,-0.0033333333333334103,-0.022656993339676523,0.00418243988190059,0.7500000000000002,-0.0012771392081736277,0.008607360659364405
2012-07-01,215.37,241.744,14.9,8.3,80270.0,5881.329,0.16,3.55,16319.541,0.015321516122949186,-0.0024614127642716976,-0.0033444816053510573,-0.023182233039245492,0.0041650199364093865,0.1428571428571428,-0.09207161125319696,0.0069368299046437265
2012-10-01,216.89,243.9595,14.85,7.5,78365.0,5902.6365,0.16,3.3825000000000003,16420.419,0.007057621767191158,0.009164653517770738,-0.003355704697986628,-0.0237324031394045,0.0036229056391845482,0.0,-0.04718309859154912,0.006181423852545942
2013-01-01,218.51,243.473,14.8,8.1,76460.0,5923.944,0.14,3.414,16648.189,0.007469224030614674,-0.0019941834607792863,-0.0033670033670032407,-0.02430932176354239,0.0036098275745086728,-0.12499999999999989,0.009312638580931232,0.013871144213798425
2013-04-01,222.72,245.488,14.8,7.0,78772.5,5945.2515,0.15,3.4450000000000003,16728.687,0.019266852775616794,0.008276071679405916,0.0,0.03024457232539901,0.0035968435893385386,0.0714285714285714,0.009080257762155819,0.004835240637885763
2013-07-01,225.83,246.178,14.8,7.8,81085.0,5966.559,0.09,4.37,16953.838,0.013963721264367956,0.0028107280192921635,0.0,0.029356691738868346,0.003583952672145063,-0.4,0.2685050798258344,0.013458976188627236
2013-10-01,227.43,247.551,14.8,7.8,83397.5,5984.016250000001,0.09,4.192,17192.019,0.007084975423991446,0.0055772652308492265,0.0,0.02851945489301344,0.0029258488854295717,0.0,-0.040732265446224214,0.014048795322923358
2014-01-01,229.09,247.679,14.8,7.0,85710.0,6001.4735,0.07,4.432,17197.738,0.007298949127203969,0.000517065170409392,0.0,0.027728648940315903,0.0029173132676569846,-0.2222222222222221,0.057251908396946716,0.0003326543554891259
2014-04-01,233.89,250.017,14.475,6.1,86290.0,6018.93075,0.09,4.3375,17518.508,0.020952464097079737,0.009439637595435979,-0.02195945945945954,0.0067670050169175155,0.0029088273071604664,0.2857142857142856,-0.021322202166064952,0.018651871542641363
2014-07-01,235.74,250.326,14.15,7.2,86870.0,6036.388,0.09,4.13,17804.228,0.007909701141562309,0.0012359159577148837,-0.022452504317789224,0.006721520454282093,0.0029003905718634204,0.0,-0.04783861671469747,0.016309608101328976
2014-10-01,238.95,250.303,13.825,6.3,87450.0,6052.081749999999,0.09,4.036,17912.079,0.013616696360396974,-9.188018823447219e-05,-0.02296819787985871,0.006676643260043802,0.002599857729489896,0.0,-0.022760290556900764,0.00605760609221595
2015-01-01,240.19,247.127,13.5,6.5,88030.0,6067.7755,0.11,3.67,18063.529,0.0051893701611216425,-0.012688621390874233,-0.023508137432188048,0.006632361349342419,0.002593115996822215,0.22222222222222232,-0.09068384539147667,0.008455188255924728
2015-04-01,243.38,250.905,13.3,5.5,88120.0,6083.46925,0.12,3.672,18279.784,0.013281152421000142,0.015287686088529373,-0.014814814814814725,0.0010223787345222668,0.0025864091379121934,0.09090909090909083,0.0005449591280655142,0.011971913129488865
2015-07-01,245.63,250.992,13.1,6.2,88210.0,6099.163,0.13,4.046,18401.626,0.009244802366669358,0.00034674478388230234,-0.015037593984962516,0.0010213345438039312,0.002579736882864836,0.08333333333333348,0.10185185185185186,0.0066653960462552675
2015-10-01,246.65,251.8515,12.9,5.6,88300.0,6113.212,0.12,3.796,18435.137,0.004152587224687476,0.0034244119334481127,-0.015267175572518998,0.0010202924838453864,0.0023034308150151617,-0.07692307692307698,-0.06178942165101342,0.0018210890711505279
2016-01-01,247.64,250.807,12.7,5.4,88390.0,6127.261,0.34,3.8725,18525.933,0.004013784715183322,-0.004147285205766127,-0.015503875968992276,0.0010192525481313996,0.0022981372149371015,1.8333333333333335,0.020152792413066445,0.0049251600354258684
2016-04-01,251.36,253.784,12.6,4.6,91160.0,6141.31,0.37,3.605,18711.702,0.015021805847197589,0.011869684657924262,-0.007874015748031482,0.031338386695327625,0.002292867889910344,0.08823529411764697,-0.06907682375726276,0.01002751116502476
2016-07-01,253.91,254.305,12.5,5.3,93930.0,6155.359,0.39,3.44,18892.639,0.010144812221514865,0.002052926898464813,-0.007936507936507908,0.030386134269416498,0.002287622673338374,0.05405405405405417,-0.04576976421636614,0.009669724325451323
2016-10-01,255.9,253.751,12.4,5.0,96700.0,6170.967000000001,0.4,3.47,19089.379,0.007837422708833808,-0.002178486463105367,-0.008000000000000007,0.029490045778771456,0.0025356766355950633,0.025641025641025772,0.008720930232558155,0.010413579595735856
2017-01-01,253.92,254.495,12.3,5.2,99470.0,6186.575000000001,0.65,4.15,19280.084,-0.007737397420867542,0.002932008149721499,-0.008064516129032251,0.02864529472595656,0.002529263241887403,0.625,0.19596541786743527,0.009990110207356517
2017-04-01,261.02,255.4685,12.175,4.4,100327.5,6202.183,0.9,4.045,19438.643,0.0279615626969123,0.003825222499459713,-0.010162601626016232,0.008620689655172376,0.0025228822086533764,0.3846153846153846,-0.025301204819277223,0.008223978692209144
2017-07-01,262.16,255.518,12.05,5.2,101185.0,6217.791,1.15,3.9675,19692.595,0.0043674814190484135,0.00019376165750384367,-0.010266940451745366,0.008547008547008517,0.002516533291584633,0.2777777777777777,-0.019159456118665097,0.013064286431928362
2017-10-01,263.37,257.844,11.925,4.8,102042.5,6227.42125,1.15,3.895,20037.088,0.004615501983521453,0.009103076886951111,-0.010373443983402453,0.008474576271186418,0.0015488217600110321,0.0,-0.018273471959672327,0.0174935299283816
2018-01-01,265.35,260.219,11.8,5.1,102900.0,6237.0515,1.41,4.032500000000001,20328.553,0.007517940539924828,0.009210995795907673,-0.010482180293501009,0.008403361344537785,0.0015464266208102817,0.22608695652173916,0.03530166880616181,0.014546275386922547
2018-04-01,267.91,260.898,11.475,4.2,104700.0,6246.68175,1.69,4.4675,20580.912,0.009647635198793969,0.0026093405938845127,-0.02754237288135597,0.017492711370262315,0.0015440388779859315,0.198581560283688,0.10787352758834468,0.01241401687567234
2018-07-01,270.62,262.016,11.15,4.9,106500.0,6256.312,1.91,4.5275,20798.73,0.010115337240117928,0.004285199579912469,-0.028322440087145906,0.017191977077363862,0.0015416584973293457,0.1301775147928994,0.013430330162283122,0.010583496008340187
2018-10-01,270.53,262.088,10.825,4.3,108300.0,6266.5975,2.19,4.83,20917.867,-0.0003325696548667212,0.0002747923790913376,-0.029147982062780353,0.016901408450704203,0.001644019671653174,0.1465968586387434,0.06681391496410827,0.005728090128579888
2019-01-01,273.46,262.304,10.5,5.3,110100.0,6276.883,2.4,4.464,21111.6,0.010830591801278988,0.0008241506669512955,-0.03002309468822162,0.016620498614958512,0.0016413213071366783,0.09589041095890405,-0.0757763975155279,0.009261603967555487
2019-04-01,278.07,265.112,10.75,3.8,108375.0,6287.1685,2.42,4.1425,21397.938,0.016858041395450885,0.010705136025375372,0.023809523809523725,-0.01566757493188009,0.0016386317858720911,0.008333333333333304,-0.07202060931899645,0.013563064855340201
2019-07-01,280.81,265.17,11.0,4.7,106650.0,6297.454,2.4,3.765,21717.171,0.009853633977056075,0.00021877546093729272,0.023255813953488413,-0.01591695501730106,0.0016359510644576858,-0.008264462809917328,-0.09112854556427274,0.014918867416103376
2019-10-01,282.95,265.263,11.25,4.1,104925.0,6288.20925,1.83,3.688,21933.217,0.007620811224671398,0.00035071840705946933,0.022727272727272707,-0.016174402250351605,-0.0014680138989502378,-0.23749999999999993,-0.02045152722443555,0.00994816497968376
2020-01-01,285.97,266.433,11.5,4.3,103200.0,6278.9645,1.55,3.624,21727.657,0.010673263827531532,0.004410716911141144,0.022222222222222143,-0.01644031451036454,-0.0014701721320740102,-0.15300546448087438,-0.017353579175705014,-0.00937208618325347
2020-04-01,288.91,265.559,11.525,9.4,102775.0,6269.71975,0.05,3.306,19935.444,0.010280798685176729,-0.0032803744280924807,0.0021739130434783593,-0.004118217054263518,-0.00147233672048952,-0.967741935483871,-0.08774834437086099,-0.08248533194352248
2020-07-01,293.29,267.287,11.55,9.5,102350.0,6260.475,0.09,3.016,21684.551,0.015160430583918805,0.006507028569922024,0.002169197396963085,-0.004135246898564815,-0.0014745076923095013,0.7999999999999998,-0.08771929824561409,0.0877385524997587
2020-10-01,298.72,268.744,11.575,8.5,101925.0,6260.16575,0.09,2.834,22068.767,0.018514098673667823,0.005451069449692758,0.0021645021645020357,-0.00415241817293599,-4.9397210275636816e-05,0.0,-0.06034482758620685,0.017718420824115677
2021-01-01,304.73,270.535,11.6,7.5,101500.0,6259.8565,0.09,2.735,22656.793,0.02011917514729511,0.006664334831661289,0.002159827213823018,-0.0041697326465538476,-4.939965048056383e-05,0.0,-0.034932956951305605,0.02664516780661108
2021-04-01,318.67,274.0845,11.575,7.0,102550.0,6259.5472500000005,0.07,3.06,23368.861,0.04574541397302534,0.01312029866745501,-0.0021551724137931494,0.010344827586206806,-4.940209092640924e-05,-0.2222222222222221,0.11882998171846437,0.03142845503333147
2021-07-01,330.13,279.099,11.55,7.3,103600.0,6259.238,0.1,2.868,23921.991,0.035961966925032174,0.0182954526797392,-0.002159827213822796,0.010238907849829282,-4.940453161372815e-05,0.4285714285714286,-0.06274509803921569,0.023669531861223447
2021-10-01,336.72,282.5865,11.525,5.4,104650.0,6266.881,0.08,3.0675,24777.038,0.01996183321721756,0.012495566089452126,-0.0021645021645021467,0.010135135135135087,0.0012210751532375497,-0.20000000000000007,0.06956066945606687,0.03574313693203868
2022-01-01,345.63,286.678,11.5,5.0,105700.0,6274.524,0.08,3.4450000000000003,25215.491,0.026461154668567355,0.014478752523563676,-0.002169197396963196,0.010033444816053505,0.0012195859471402226,0.0,0.12306438467807679,0.017695940894952855
2022-04-01,362.16,294.393,11.4,3.5,107025.0,6282.167,0.33,4.9825,25805.791,0.047825709573821706,0.026911726745686648,-0.008695652173912993,0.012535477767265935,0.001218100369047903,3.125,0.44629898403483304,0.023410212396815844
2022-07-01,360.67,299.937,11.3,3.9,108350.0,6289.81,1.68,5.4125,26272.011,-0.004114203666887639,0.018831969510144653,-0.00877192982456132,0.012380284980144873,0.001216618405718961,4.090909090909091,0.08630205720020068,0.01806648747949624
2022-10-01,356.32,299.6765,11.2,3.5,109675.0,6303.82775,3.08,6.9,26734.277,-0.012060886683117555,-0.0008685157216350436,-0.008849557522124019,0.01222888786340559,0.0022286444264612015,0.8333333333333335,0.2748267898383374,0.017595379356380336
2023-01-01,357.48,299.149,11.1,3.6,111000.0,6317.8455,4.33,6.2725,27164.359,0.0032555006735519587,-0.0017602314495797078,-0.008928571428571397,0.012081148848871681,0.0022236886152227076,0.4058441558441559,-0.0909420289855073,0.016087287492382973
2023-04-01,369.72,304.272,11.04078310682437,2.6,111517.62796549006,6331.86325,4.83,6.342499999999999,27453.815,0.03423967774420955,0.017125245279108414,-0.00533485524104782,0.004663315004414859,0.0022187547954442,0.11547344110854496,0.011159824631327142,0.010655727234351486
2023-07-01,372.73,305.273,10.98289023070196,3.4,111942.64451845863,6345.881,5.12,6.84,27967.697,0.00814129611597969,0.0032898196350634734,-0.005243547994944753,0.003811205104722104,0.0022138428210685124,0.0600414078674949,0.07843910130074905,0.018718054303199727
2023-10-01,371.05,308.8365,10.926300572945784,3.6,112308.2359455366,6368.533,5.33,7.62,28296.967,-0.00450728409304324,0.011673158124039684,-0.005152528757683683,0.00326588163653474,0.0035695595300322402,0.041015625,0.11403508771929838,0.011773225374974494
2024-01-01,377.13,309.961,10.870993478939988,3.9,112690.09733836298,6391.185,5.33,6.6425,28624.069,0.01638593181511916,0.003641085169661107,-0.005061831645263304,0.0034001192308956707,0.003556863095472762,0.0,-0.12828083989501315,0.011559613438429706
2024-04-01,392.17,314.3875,10.835201545533732,3.4,113086.00617640046,6413.837,5.33,6.9925,29016.714,0.03988014742926849,0.014280828878471707,-0.00329242524849227,0.003513253137484851,0.003544256659758771,0.0,0.05269100489273604,0.013717302036967638
2024-07-01,394.52,316.445,10.80002098021212,4.6,113494.04354132056,6436.489,5.33,6.8475,29374.914,0.005992299257974842,0.006544471392787576,-0.003246876873842175,0.0036082038681568562,0.003531739269332812,0.0,-0.02073650339649613,0.012344609386162775
2024-10-01,392.54,317.0635,10.765442209397698,4.1,113912.55264413547,6457.275840686721,4.83,6.428,29723.864,-0.005018756970495697,0.0019545260629809658,-0.003201731818649023,0.003687498389838728,0.003229530989134144,-0.09380863039399623,-0.06126323475721074,0.01187918371437613
2025-01-01,397.59532934720016,318.175,10.73145575315409,4.3,114340.10301763388,6477.698317807769,4.33,6.958,30087.80914161877,0.012878507533500061,0.003505606921011095,-0.0031569958374713103,0.003753320978014507,0.0031627078701468303,-0.10351966873706009,0.0824517734909771,0.01224420693146655
2025-04-01,406.95085385543535,321.39848205333186,10.70566852931704,4.5,114775.45960022503,6497.787966369258,4.33,6.63,30451.75428323754,0.023530267630647916,0.010131160692486318,-0.002402956731147321,0.0038075580754375338,0.0031013560026809106,0.0,-0.04713998275366493,0.012096099782664016
2025-07-01,408.6715033972086,323.43702095267446,10.68015083528457,5.071454874509007,115217.55604301218,6517.573592079691,4.093904204127538,6.606843971615705,30815.69942485631,0.004228150710268608,0.006342714770520619,-0.0023835684770726617,0.003851837704044181,0.0030449786624058284,-0.054525587961307576,-0.0034926136326236534,0.011951532848769375
2025-10-01,407.94823528435415,324.8674520306734,10.654898504991882,4.7010886152124645,115665.47166319018,6537.141262797953,3.818760459398041,6.58368794323141,31179.64456647508,-0.0017698031471292675,0.004422595390551232,-0.0023644170089115457,0.0038875639751532187,0.003002293789523325,-0.0672081541263454,-0.0035048547360552185,0.011810380695925549
2026-01-01,412.0882620646303,326.0948055435696,10.6299074142259,5.138231925412155,116118.41154567062,6556.509842133523,3.526571492073297,6.560531914847115,31543.58970809385,0.010148412034165055,0.00377801317190829,-0.0023455024704622796,0.003915947222342675,0.0029628515825097512,-0.07651408629354106,-0.0035171819478627686,0.01167252374679384
2026-04-01,419.20087422563904,329.18694952971896,10.608368205943863,4.840869232955142,116575.6893628776,6575.696561084675,3.236313161215817,6.53737588646282,31907.534849712614,0.017259924185593967,0.009482346647610829,-0.0020262837146831636,0.003938030249639901,0.002926361648670772,-0.08230609573913239,-0.0035295961798295084,0.011537847942695523
2026-07-01,421.0357450611672,331.1796347287187,10.586954551773406,5.311662435704626,117036.71254140513,6594.7171593380135,2.9633724471988594,6.514219858078524,32271.479991331387,0.00437706824661932,0.006053354186265736,-0.0020185624928119594,0.003954711149873225,0.002892560214214246,-0.08433692922177516,-0.0035420983566580855,0.011406244428878276
2026-10-01,421.1812149230632,332.6124598900221,10.56566456146215,4.936957588472799,117500.96945494838,6613.586014338804,2.719299504689904,6.491063829694229,32635.42513295016,0.00034550477863781737,0.004326428955926165,-0.0020109645514337915,0.003966763107593474,0.002861207621932982,-0.08236323542107116,-0.0035546894161975207,0.01127760926107313
2027-01-01,424.68852273885153,333.8586940938586,10.544496363943551,5.382791867850596,117968.01836671484,6632.316259190482,2.511830848232758,6.467907801309934,32999.37027456893,0.008327313022327143,0.003746805529319719,-0.0020034894535463366,0.003974851560229364,0.0028320860741917198,-0.07629488995211087,-0.003567370309680906,0.01115184313169304
