Date,House_Index,CPI,Poverty_Rate,Unemployment_Rate,Median_Household_Income,Population,Interest_Rate,Mortgage_Rate,GDP
1990-01-01,102.11,132.0,13.5,3.8,58390.0,4088.5141219512197,8.23,9.895,5872.701
1990-04-01,102.41,133.9,13.675,3.8,59160.0,4105.955,8.26,10.370000000000001,5960.028
1990-07-01,101.87,135.7,13.85,4.7,59930.0,4123.39587804878,8.15,10.035,6015.116
1990-10-01,100.53,138.2,14.024999999999999,4.9,60700.0,4140.836756097561,8.11,10.1775,6004.733
1991-01-01,101.07,139.1,14.2,5.3,61470.0,4158.277634146341,6.91,9.6375,6035.178
1991-04-01,101.22,140.1,14.35,5.2,61270.0,4175.718512195122,5.91,9.4925,6126.862
1991-07-01,100.41,140.9,14.5,6.1,61070.0,4193.159390243903,5.82,9.575,6205.937
1991-10-01,102.01,142.95,14.65,6.2,60870.0,4210.600268292683,5.21,8.855,6264.54
1992-01-01,102.32,142.9,14.8,6.6,60670.0,4228.041146341463,4.03,8.431999999999999,6363.102
1992-04-01,101.5,143.1,14.875,6.3,58865.0,4245.482024390244,3.73,8.8525,6470.763
1992-07-01,102.32,144.8,14.95,7.0,57060.0,4262.922902439024,3.25,8.128,6566.641
1992-10-01,102.43,146.45,15.025,6.6,55255.0,4280.363780487804,3.1,8.088,6680.803
1993-01-01,102.2,147.8,15.1,6.8,53450.0,4297.8046585365855,3.02,7.9925,6729.459
1993-04-01,102.4,148.85,14.95,6.1,54510.0,4315.245536585366,2.96,7.4719999999999995,6808.939
1993-07-01,102.42,149.2,14.8,6.8,55570.0,4332.686414634146,3.06,7.206,6882.098
1993-10-01,102.96,150.3,14.65,6.3,56630.0,4350.127292682927,2.99,6.8340000000000005,7013.738
1994-01-01,103.15,150.9,14.5,6.3,57690.0,4367.568170731707,3.05,7.0600000000000005,7115.652
1994-04-01,102.23,151.45,14.325,5.6,57652.5,4385.009048780487,3.56,8.315999999999999,7246.931
1994-07-01,101.16,151.8,14.15,6.0,57615.0,4402.449926829268,4.26,8.614,7331.075
1994-10-01,100.28,153.35,13.975000000000001,5.8,57577.5,4419.890804878049,4.76,8.925,7455.288
1995-01-01,100.0,153.8,13.8,6.1,57540.0,4437.331682926829,5.53,9.1475,7522.289
1995-04-01,100.89,154.9,13.775,5.9,57725.0,4454.77256097561,6.05,8.32,7580.997
1995-07-01,102.14,156.1,13.75,6.5,57910.0,4472.21343902439,5.85,7.6075,7683.125
1995-10-01,102.87,155.7,13.725,6.0,58095.0,4489.654317073171,5.76,7.475,7772.586
1996-01-01,104.04,156.8,13.7,5.9,58280.0,4507.095195121951,5.56,7.029999999999999,7868.468
1996-04-01,102.69,158.7,13.6,5.8,57927.5,4524.5360731707315,5.22,7.925000000000001,8032.84
1996-07-01,101.68,160.1,13.5,6.4,57575.0,4541.976951219513,5.4,8.245000000000001,8131.408
1996-10-01,102.37,161.0,13.4,5.9,57222.5,4559.417829268293,5.24,7.915,8259.771
1997-01-01,102.79,161.6,13.3,6.0,56870.0,4576.858707317073,5.25,7.824,8362.655
1997-04-01,102.37,162.0,13.15,5.5,57370.0,4594.299585365854,5.51,8.1425,8518.825
1997-07-01,103.33,162.9,13.0,6.1,57870.0,4611.740463414634,5.52,7.4975,8662.823
1997-10-01,104.11,162.7,12.85,6.0,58370.0,4629.181341463414,5.5,7.294,8765.907
1998-01-01,105.59,162.5,12.7,6.1,58870.0,4646.622219512195,5.56,6.994,8866.48
1998-04-01,105.73,163.55,12.5,5.2,60830.0,4664.063097560976,5.45,7.140000000000001,8969.699
1998-07-01,106.28,164.9,12.3,5.7,62790.0,4681.503975609756,5.54,6.952,9121.097
1998-10-01,107.46,164.85,12.1,5.3,64750.0,4698.944853658537,5.07,6.709999999999999,9293.991
1999-01-01,108.69,165.4,11.9,4.9,66710.0,4716.385731707317,4.63,6.785,9411.682
1999-04-01,109.52,166.45,11.75,4.6,67217.5,4733.826609756097,4.74,6.9159999999999995,9526.21
1999-07-01,111.45,168.3,11.600000000000001,4.8,67725.0,4751.267487804878,4.99,7.632,9686.626
1999-10-01,113.1,169.45,11.450000000000001,4.2,68232.5,4768.7083658536585,5.2,7.851999999999999,9900.169
2000-01-01,115.69,169.8,11.3,4.5,68740.0,4786.149243902439,5.45,8.21,10002.179
2000-04-01,119.38,172.85,11.4,3.9,68340.0,4803.59012195122,6.02,8.1525,10247.72
2000-07-01,122.31,174.8,11.5,4.7,67940.0,4821.031,6.54,8.1475,10318.165
2000-10-01,125.1,175.15,11.6,4.4,67540.0,4847.59175,6.51,7.795,10435.744
2001-01-01,129.2,175.9,11.7,4.6,67140.0,4874.1525,5.98,7.0325,10470.231
2001-04-01,133.05,177.6,11.799999999999999,4.3,66087.5,4900.713250000001,4.8,7.0775,10599.0
2001-07-01,137.2,179.2,11.899999999999999,5.1,65035.0,4927.274,3.77,7.1275,10598.02
2001-10-01,140.24,180.2,12.0,5.5,63982.5,4949.09825,2.49,6.6175,10660.465
2002-01-01,143.91,180.0,12.1,5.8,62930.0,4970.922500000001,1.73,6.9975,10783.5
2002-04-01,149.17,182.75,12.2,5.3,64967.5,4992.74675,1.75,6.985,10887.46
2002-07-01,154.24,184.2,12.3,5.6,67005.0,5014.571,1.73,6.485,10984.04
2002-10-01,157.1,185.6,12.4,5.1,69042.5,5032.52225,1.75,6.1125,11061.433
2003-01-01,160.03,186.3,12.5,5.5,71080.0,5050.4735,1.24,5.9159999999999995,11174.129
2003-04-01,163.19,188.75,12.55,5.1,70032.5,5068.42475,1.26,5.8125,11312.766
2003-07-01,168.35,190.2,12.6,5.7,68985.0,5086.376,1.01,5.6325,11566.669
2003-10-01,177.31,190.6,12.649999999999999,5.2,67937.5,5104.4130000000005,1.01,5.952,11772.234
2004-01-01,182.84,190.7,12.7,5.6,66890.0,5122.450000000001,1.0,5.7125,11923.447
2004-04-01,192.31,193.45,12.674999999999999,5.1,66995.0,5140.487,1.0,5.83,12112.815
2004-07-01,209.76,195.4,12.649999999999999,6.0,67100.0,5158.524,1.26,6.056,12305.307
2004-10-01,217.45,196.85,12.625,5.6,67205.0,5176.20975,1.76,5.7225,12527.214
2005-01-01,227.49,198.2,12.6,5.7,67310.0,5193.8955000000005,2.28,5.71,12767.286
2005-04-01,244.5,201.1,12.525,5.1,68102.5,5211.58125,2.79,5.855,12922.656
2005-07-01,257.78,202.8,12.45,5.3,68895.0,5229.267,3.26,5.695,13142.642
2005-10-01,268.98,204.95,12.375,4.7,69687.5,5238.20325,3.78,6.065,13324.204
2006-01-01,274.29,205.6,12.3,4.7,70480.0,5247.139499999999,4.29,6.145,13599.16
2006-04-01,278.67,207.75,12.4,4.3,70855.0,5256.07575,4.79,6.5075,13753.424
2006-07-01,279.9,211.4,12.5,5.2,71230.0,5265.012,5.24,6.7625,13870.188
2006-10-01,281.95,210.65,12.6,4.5,71605.0,5277.01725,5.25,6.3575,14039.56
2007-01-01,280.11,211.101,12.7,4.8,71980.0,5289.0225,5.25,6.2175,14215.651
2007-04-01,278.1,215.276,12.825,3.9,72987.5,5301.02775,5.25,6.18,14402.082
2007-07-01,271.97,217.198,12.95,4.6,73995.0,5313.033,5.26,6.695,14564.117
2007-10-01,265.68,218.394,13.075,4.1,75002.5,5329.25875,4.76,6.375,14715.058
2008-01-01,258.29,220.587,13.2,4.4,76010.0,5345.4845000000005,3.94,5.758,14706.538
2008-04-01,242.01,223.5395,13.475,4.0,75247.5,5361.71025,2.28,5.9175,14865.701
2008-07-01,229.66,228.918,13.75,5.5,74485.0,5377.936,2.01,6.425999999999999,14898.999
2008-10-01,225.39,226.22,14.025,5.8,73722.5,5402.51225,0.97,6.2,14608.209
2009-01-01,225.58,221.83,14.3,7.2,72960.0,5427.0885,0.15,5.047499999999999,14430.902
2009-04-01,218.12,223.1065,14.5,7.0,73995.0,5451.66475,0.15,4.8100000000000005,14381.236
2009-07-01,213.24,226.084,14.7,8.3,75030.0,5476.241,0.16,5.2219999999999995,14448.882
2009-10-01,213.92,226.857,14.9,8.5,76065.0,5526.864,0.12,4.952,14651.249
2010-01-01,211.72,227.44,15.1,8.9,77100.0,5577.487,0.11,5.03,14764.61
2010-04-01,211.96,228.554,15.075,7.9,75967.5,5628.110000000001,0.2,5.098000000000001,14980.193
2010-07-01,214.66,228.432,15.05,8.6,74835.0,5678.733,0.18,4.564,15141.607
2010-10-01,214.15,230.5715,15.025,8.2,73702.5,5704.98775,0.19,4.225,15309.474
2011-01-01,209.44,232.77,15.0,8.6,72570.0,5731.2425,0.17,4.755,15351.448
2011-04-01,208.89,236.265,15.0,7.9,75447.5,5757.49725,0.1,4.84,15557.539
2011-07-01,211.71,238.191,15.0,8.9,78325.0,5783.752,0.07,4.545,15647.68
2011-10-01,213.75,238.45,15.0,8.4,81202.5,5808.14625,0.07,4.0675,15842.259
2012-01-01,212.58,238.994,15.0,8.4,84080.0,5832.5405,0.08,3.915,16068.805
2012-04-01,212.12,242.3405,14.95,7.3,82175.0,5856.93475,0.14,3.91,16207.115
2012-07-01,215.37,241.744,14.9,8.3,80270.0,5881.329,0.16,3.55,16319.541
2012-10-01,216.89,243.9595,14.850000000000001,7.5,78365.0,5902.6365,0.16,3.3825000000000003,16420.419
2013-01-01,218.51,243.473,14.8,8.1,76460.0,5923.9439999999995,0.14,3.414,16648.189
2013-04-01,222.72,245.488,14.8,7.0,78772.5,5945.2515,0.15,3.4450000000000003,16728.687
2013-07-01,225.83,246.178,14.8,7.8,81085.0,5966.559,0.09,4.37,16953.838
2013-10-01,227.43,247.551,14.8,7.8,83397.5,5984.016250000001,0.09,4.192,17192.019
2014-01-01,229.09,247.679,14.8,7.0,85710.0,6001.4735,0.07,4.432,17197.738
2014-04-01,233.89,250.017,14.475000000000001,6.1,86290.0,6018.9307499999995,0.09,4.3375,17518.508
2014-07-01,235.74,250.326,14.15,7.2,86870.0,6036.388,0.09,4.13,17804.228
2014-10-01,238.95,250.303,13.825,6.3,87450.0,6052.081749999999,0.09,4.036,17912.079
2015-01-01,240.19,247.127,13.5,6.5,88030.0,6067.7755,0.11,3.67,18063.529
2015-04-01,243.38,250.905,13.3,5.5,88120.0,6083.46925,0.12,3.6719999999999997,18279.784
2015-07-01,245.63,250.992,13.1,6.2,88210.0,6099.163,0.13,4.046,18401.626
2015-10-01,246.65,251.8515,12.899999999999999,5.6,88300.0,6113.2119999999995,0.12,3.7960000000000003,18435.137
2016-01-01,247.64,250.807,12.7,5.4,88390.0,6127.261,0.34,3.8725,18525.933
2016-04-01,251.36,253.784,12.6,4.6,91160.0,6141.31,0.37,3.605,18711.702
2016-07-01,253.91,254.305,12.5,5.3,93930.0,6155.359,0.39,3.44,18892.639
2016-10-01,255.9,253.751,12.4,5.0,96700.0,6170.967000000001,0.4,3.47,19089.379
2017-01-01,253.92,254.495,12.3,5.2,99470.0,6186.575000000001,0.65,4.15,19280.084
2017-04-01,261.02,255.4685,12.175,4.4,100327.5,6202.183,0.9,4.045,19438.643
2017-07-01,262.16,255.518,12.05,5.2,101185.0,6217.791,1.15,3.9675000000000002,19692.595
2017-10-01,263.37,257.844,11.925,4.8,102042.5,6227.42125,1.15,3.895,20037.088
2018-01-01,265.35,260.219,11.8,5.1,102900.0,6237.0515,1.41,4.032500000000001,20328.553
2018-04-01,267.91,260.898,11.475000000000001,4.2,104700.0,6246.68175,1.69,4.4675,20580.912
2018-07-01,270.62,262.016,11.15,4.9,106500.0,6256.312,1.91,4.5275,20798.73
2018-10-01,270.53,262.088,10.825,4.3,108300.0,6266.5975,2.19,4.83,20917.867
2019-01-01,273.46,262.304,10.5,5.3,110100.0,6276.883,2.4,4.464,21111.6
2019-04-01,278.07,265.112,10.75,3.8,108375.0,6287.1685,2.42,4.1425,21397.938
2019-07-01,280.81,265.17,11.0,4.7,106650.0,6297.454,2.4,3.765,21717.171
2019-10-01,282.95,265.263,11.25,4.1,104925.0,6288.20925,1.83,3.6879999999999997,21933.217
2020-01-01,285.97,266.433,11.5,4.3,103200.0,6278.9645,1.55,3.624,21727.657
2020-04-01,288.91,265.559,11.525,9.4,102775.0,6269.71975,0.05,3.306,19935.444
2020-07-01,293.29,267.287,11.55,9.5,102350.0,6260.475,0.09,3.016,21684.551
2020-10-01,298.72,268.744,11.575,8.5,101925.0,6260.16575,0.09,2.834,22068.767
2021-01-01,304.73,270.535,11.6,7.5,101500.0,6259.8565,0.09,2.735,22656.793
2021-04-01,318.67,274.0845,11.575,7.0,102550.0,6259.5472500000005,0.07,3.06,23368.861
2021-07-01,330.13,279.099,11.55,7.3,103600.0,6259.238,0.1,2.868,23921.991
2021-10-01,336.72,282.5865,11.525,5.4,104650.0,6266.881,0.08,3.0675,24777.038
2022-01-01,345.63,286.678,11.5,5.0,105700.0,6274.524,0.08,3.4450000000000003,25215.491
2022-04-01,362.16,294.393,11.4,3.5,107025.0,6282.167,0.33,4.9825,25805.791
2022-07-01,360.67,299.937,11.3,3.9,108350.0,6289.81,1.68,5.4125,26272.011
2022-10-01,356.32,299.6765,11.2,3.5,109675.0,6303.82775,3.08,6.9,26734.277
2023-01-01,357.48,299.149,11.1,3.6,111000.0,6317.8455,4.33,6.2725,27164.359
2023-04-01,369.72,304.272,11.1,2.6,,6331.86325,4.83,6.342499999999999,27453.815
2023-07-01,372.73,305.273,11.1,3.4,,6345.881,5.12,6.84,27967.697
2023-10-01,371.05,308.8365,11.1,3.6,,6368.533,5.33,7.62,28296.967
2024-01-01,377.13,309.961,11.1,3.9,,6391.1849999999995,5.33,6.6425,28624.069
2024-04-01,392.17,314.3875,11.1,3.4,,6413.8369999999995,5.33,6.9925,29016.714
2024-07-01,394.52,316.445,11.1,4.6,,6436.489,5.33,6.8475,29374.914
2024-10-01,392.54,317.0635,11.1,4.1,,,4.83,6.428,29723.864
2025-01-01,,318.175,11.1,4.3,,,4.33,6.958,
2025-04-01,,,,4.5,,,4.33,6.63,
