Date,House_Index,CPI,Poverty_Rate,Unemployment_Rate,Median_Household_Income,Population,Interest_Rate,Mortgage_Rate,GDP,Recession,GDP_pct_change,Hot_Market
1990-01-01,102.11,132.0,13.5,3.8,58390.0,4088.51412195122,8.23,9.895,5872.701,0,,0
1990-04-01,102.41,133.9,13.675,3.8,59160.0,4105.955,8.26,10.37,5960.028,0,1.4869989124254746,0
1990-07-01,101.87,135.7,13.85,4.7,59930.0,4123.39587804878,8.15,10.035,6015.116,1,0.9242909597068971,0
1990-10-01,100.53,138.2,14.025,4.9,60700.0,4140.836756097561,8.11,10.1775,6004.733,1,-0.17261512496183906,0
1991-01-01,101.07,139.1,14.2,5.3,61470.0,4158.277634146341,6.91,9.6375,6035.178,1,0.5070167149813232,0
1991-04-01,101.22,140.1,14.35,5.2,61270.0,4175.718512195122,5.91,9.4925,6126.862,0,1.5191598325683175,0
1991-07-01,100.41,140.9,14.5,6.1,61070.0,4193.159390243903,5.82,9.575,6205.937,0,1.2906280572338558,0
1991-10-01,102.01,142.95,14.65,6.2,60870.0,4210.600268292683,5.21,8.855,6264.54,0,0.9443054288176045,0
1992-01-01,102.32,142.9,14.8,6.6,60670.0,4228.041146341463,4.03,8.431999999999999,6363.102,0,1.573331800898381,0
1992-04-01,101.5,143.1,14.875,6.3,58865.0,4245.482024390244,3.73,8.8525,6470.763,0,1.6919577903984573,0
1992-07-01,102.32,144.8,14.95,7.0,57060.0,4262.922902439024,3.25,8.128,6566.641,0,1.4817108894267905,0
1992-10-01,102.43,146.45,15.025,6.6,55255.0,4280.363780487804,3.1,8.088,6680.803,0,1.7385144094218097,0
1993-01-01,102.2,147.8,15.1,6.8,53450.0,4297.8046585365855,3.02,7.9925,6729.459,0,0.72829568541386,0
1993-04-01,102.4,148.85,14.95,6.1,54510.0,4315.245536585366,2.96,7.471999999999999,6808.939,0,1.1810756258415545,0
1993-07-01,102.42,149.2,14.8,6.8,55570.0,4332.686414634146,3.06,7.206,6882.098,0,1.0744552124787754,0
1993-10-01,102.96,150.3,14.65,6.3,56630.0,4350.127292682927,2.99,6.8340000000000005,7013.738,0,1.9127888036468033,1
1994-01-01,103.15,150.9,14.5,6.3,57690.0,4367.568170731707,3.05,7.0600000000000005,7115.652,0,1.4530625466762537,0
1994-04-01,102.23,151.45,14.325,5.6,57652.5,4385.009048780487,3.56,8.315999999999999,7246.931,0,1.8449328325780945,1
1994-07-01,101.16,151.8,14.15,6.0,57615.0,4402.449926829268,4.26,8.614,7331.075,0,1.1610984015164583,0
1994-10-01,100.28,153.35,13.975,5.8,57577.5,4419.890804878049,4.76,8.925,7455.288,0,1.6943354146561118,0
1995-01-01,100.0,153.8,13.8,6.1,57540.0,4437.331682926829,5.53,9.1475,7522.289,0,0.8987043827146657,0
1995-04-01,100.89,154.9,13.775,5.9,57725.0,4454.77256097561,6.05,8.32,7580.997,0,0.7804539283188916,0
1995-07-01,102.14,156.1,13.75,6.5,57910.0,4472.21343902439,5.85,7.6075,7683.125,0,1.347157900207585,0
1995-10-01,102.87,155.7,13.725,6.0,58095.0,4489.654317073171,5.76,7.475,7772.586,0,1.1643829821849971,0
1996-01-01,104.04,156.8,13.7,5.9,58280.0,4507.095195121951,5.56,7.029999999999999,7868.468,0,1.2335920117191312,0
1996-04-01,102.69,158.7,13.6,5.8,57927.5,4524.536073170732,5.22,7.925000000000001,8032.84,0,2.088996231540885,1
1996-07-01,101.68,160.1,13.5,6.4,57575.0,4541.976951219513,5.4,8.245000000000001,8131.408,0,1.2270629067677286,0
1996-10-01,102.37,161.0,13.4,5.9,57222.5,4559.417829268293,5.24,7.915,8259.771,0,1.57860729654693,0
1997-01-01,102.79,161.6,13.3,6.0,56870.0,4576.858707317073,5.25,7.824,8362.655,0,1.2456035403402899,0
1997-04-01,102.37,162.0,13.15,5.5,57370.0,4594.299585365854,5.51,8.1425,8518.825,0,1.867469123143306,1
1997-07-01,103.33,162.9,13.0,6.1,57870.0,4611.740463414634,5.52,7.4975,8662.823,0,1.6903504884769882,0
1997-10-01,104.11,162.7,12.85,6.0,58370.0,4629.181341463414,5.5,7.294,8765.907,0,1.1899585158325232,0
1998-01-01,105.59,162.5,12.7,6.1,58870.0,4646.622219512195,5.56,6.994,8866.48,0,1.1473199521738087,0
1998-04-01,105.73,163.55,12.5,5.2,60830.0,4664.063097560976,5.45,7.140000000000001,8969.699,0,1.164148568541301,0
1998-07-01,106.28,164.9,12.3,5.7,62790.0,4681.503975609756,5.54,6.952,9121.097,0,1.6878827260535578,0
1998-10-01,107.46,164.85,12.1,5.3,64750.0,4698.944853658537,5.07,6.709999999999999,9293.991,0,1.8955395387199703,1
1999-01-01,108.69,165.4,11.9,4.9,66710.0,4716.385731707317,4.63,6.785,9411.682,0,1.2663128251361622,0
1999-04-01,109.52,166.45,11.75,4.6,67217.5,4733.826609756097,4.74,6.916,9526.21,0,1.2168706932512041,0
1999-07-01,111.45,168.3,11.6,4.8,67725.0,4751.267487804878,4.99,7.632,9686.626,0,1.683943562025192,0
1999-10-01,113.1,169.45,11.45,4.2,68232.5,4768.7083658536585,5.2,7.851999999999999,9900.169,0,2.204513728516,1
2000-01-01,115.69,169.8,11.3,4.5,68740.0,4786.149243902439,5.45,8.21,10002.179,0,1.0303864509787708,0
2000-04-01,119.38,172.85,11.4,3.9,68340.0,4803.59012195122,6.02,8.1525,10247.72,0,2.4548750827194654,1
2000-07-01,122.31,174.8,11.5,4.7,67940.0,4821.031,6.54,8.1475,10318.165,0,0.6874212019844617,0
2000-10-01,125.1,175.15,11.6,4.4,67540.0,4847.59175,6.51,7.795,10435.744,0,1.1395340159805478,0
2001-01-01,129.2,175.9,11.7,4.6,67140.0,4874.1525,5.98,7.0325,10470.231,1,0.33046996936680895,0
2001-04-01,133.05,177.6,11.8,4.3,66087.5,4900.713250000001,4.8,7.0775,10599.0,1,1.2298582524110424,0
2001-07-01,137.2,179.2,11.9,5.1,65035.0,4927.274,3.77,7.1275,10598.02,1,-0.00924615529767081,0
2001-10-01,140.24,180.2,12.0,5.5,63982.5,4949.09825,2.49,6.6175,10660.465,1,0.5892138342822539,0
2002-01-01,143.91,180.0,12.1,5.8,62930.0,4970.922500000001,1.73,6.9975,10783.5,0,1.1541241399882551,0
2002-04-01,149.17,182.75,12.2,5.3,64967.5,4992.74675,1.75,6.985,10887.46,0,0.9640654703945817,0
2002-07-01,154.24,184.2,12.3,5.6,67005.0,5014.571,1.73,6.485,10984.04,0,0.8870755897151472,0
2002-10-01,157.1,185.6,12.4,5.1,69042.5,5032.52225,1.75,6.1125,11061.433,0,0.7045950306080462,0
2003-01-01,160.03,186.3,12.5,5.5,71080.0,5050.4735,1.24,5.916,11174.129,0,1.0188191710784666,0
2003-04-01,163.19,188.75,12.55,5.1,70032.5,5068.42475,1.26,5.8125,11312.766,0,1.2406962547147904,0
2003-07-01,168.35,190.2,12.6,5.7,68985.0,5086.376,1.01,5.6325,11566.669,0,2.244393634589459,1
2003-10-01,177.31,190.6,12.65,5.2,67937.5,5104.4130000000005,1.01,5.952,11772.234,0,1.777218661656188,1
2004-01-01,182.84,190.7,12.7,5.6,66890.0,5122.450000000001,1.0,5.7125,11923.447,0,1.2844885686098317,0
2004-04-01,192.31,193.45,12.675,5.1,66995.0,5140.487,1.0,5.83,12112.815,0,1.5881984463050003,0
2004-07-01,209.76,195.4,12.65,6.0,67100.0,5158.524,1.26,6.056,12305.307,0,1.5891599103924348,0
2004-10-01,217.45,196.85,12.625,5.6,67205.0,5176.20975,1.76,5.7225,12527.214,0,1.8033438743137342,1
2005-01-01,227.49,198.2,12.6,5.7,67310.0,5193.8955000000005,2.28,5.71,12767.286,0,1.916403759048113,1
2005-04-01,244.5,201.1,12.525,5.1,68102.5,5211.58125,2.79,5.855,12922.656,0,1.2169383532255829,0
2005-07-01,257.78,202.8,12.45,5.3,68895.0,5229.267,3.26,5.695,13142.642,0,1.702328066304637,0
2005-10-01,268.98,204.95,12.375,4.7,69687.5,5238.20325,3.78,6.065,13324.204,0,1.3814726141060607,0
2006-01-01,274.29,205.6,12.3,4.7,70480.0,5247.139499999999,4.29,6.145,13599.16,0,2.0635829352357637,1
2006-04-01,278.67,207.75,12.4,4.3,70855.0,5256.07575,4.79,6.5075,13753.424,0,1.1343641813170935,0
2006-07-01,279.9,211.4,12.5,5.2,71230.0,5265.012,5.24,6.7625,13870.188,0,0.848981315489139,0
2006-10-01,281.95,210.65,12.6,4.5,71605.0,5277.01725,5.25,6.3575,14039.56,0,1.2211225976172635,0
2007-01-01,280.11,211.101,12.7,4.8,71980.0,5289.0225,5.25,6.2175,14215.651,0,1.2542487086489862,0
2007-04-01,278.1,215.276,12.825,3.9,72987.5,5301.02775,5.25,6.18,14402.082,0,1.3114489093746018,0
2007-07-01,271.97,217.198,12.95,4.6,73995.0,5313.033,5.26,6.695,14564.117,0,1.125080387682842,0
2007-10-01,265.68,218.394,13.075,4.1,75002.5,5329.25875,4.76,6.375,14715.058,1,1.0363896417475926,0
2008-01-01,258.29,220.587,13.2,4.4,76010.0,5345.4845000000005,3.94,5.758,14706.538,1,-0.05789987372118999,0
2008-04-01,242.01,223.5395,13.475,4.0,75247.5,5361.71025,2.28,5.9175,14865.701,1,1.0822601485135364,0
2008-07-01,229.66,228.918,13.75,5.5,74485.0,5377.936,2.01,6.425999999999999,14898.999,1,0.22399212791917034,0
2008-10-01,225.39,226.22,14.025,5.8,73722.5,5402.51225,0.97,6.2,14608.209,1,-1.9517418586308954,0
2009-01-01,225.58,221.83,14.3,7.2,72960.0,5427.0885,0.15,5.047499999999999,14430.902,1,-1.2137490639680837,0
2009-04-01,218.12,223.1065,14.5,7.0,73995.0,5451.66475,0.15,4.8100000000000005,14381.236,1,-0.3441642109412113,0
2009-07-01,213.24,226.084,14.7,8.3,75030.0,5476.241,0.16,5.222,14448.882,0,0.47037681601218573,0
2009-10-01,213.92,226.857,14.9,8.5,76065.0,5526.864,0.12,4.952,14651.249,0,1.400572030417302,0
2010-01-01,211.72,227.44,15.1,8.9,77100.0,5577.487,0.11,5.03,14764.61,0,0.7737292568026133,0
2010-04-01,211.96,228.554,15.075,7.9,75967.5,5628.110000000001,0.2,5.098000000000001,14980.193,0,1.4601333865235766,0
2010-07-01,214.66,228.432,15.05,8.6,74835.0,5678.733,0.18,4.564,15141.607,0,1.077516157502112,0
2010-10-01,214.15,230.5715,15.025,8.2,73702.5,5704.98775,0.19,4.225,15309.474,0,1.108647186523859,0
2011-01-01,209.44,232.77,15.0,8.6,72570.0,5731.2425,0.17,4.755,15351.448,0,0.274170098855131,0
2011-04-01,208.89,236.265,15.0,7.9,75447.5,5757.49725,0.1,4.84,15557.539,0,1.3424857381531652,0
2011-07-01,211.71,238.191,15.0,8.9,78325.0,5783.752,0.07,4.545,15647.68,0,0.5794039789969396,0
2011-10-01,213.75,238.45,15.0,8.4,81202.5,5808.14625,0.07,4.0675,15842.259,0,1.2435006339597932,0
2012-01-01,212.58,238.994,15.0,8.4,84080.0,5832.5405,0.08,3.915,16068.805,0,1.4300107074376234,0
2012-04-01,212.12,242.3405,14.95,7.3,82175.0,5856.93475,0.14,3.91,16207.115,0,0.8607360659364405,0
2012-07-01,215.37,241.744,14.9,8.3,80270.0,5881.329,0.16,3.55,16319.541,0,0.6936829904643727,0
2012-10-01,216.89,243.9595,14.85,7.5,78365.0,5902.6365,0.16,3.3825000000000003,16420.419,0,0.6181423852545942,0
2013-01-01,218.51,243.473,14.8,8.1,76460.0,5923.944,0.14,3.414,16648.189,0,1.3871144213798425,0
2013-04-01,222.72,245.488,14.8,7.0,78772.5,5945.2515,0.15,3.4450000000000003,16728.687,0,0.48352406378857626,0
2013-07-01,225.83,246.178,14.8,7.8,81085.0,5966.559,0.09,4.37,16953.838,0,1.3458976188627236,0
2013-10-01,227.43,247.551,14.8,7.8,83397.5,5984.016250000001,0.09,4.192,17192.019,0,1.4048795322923358,0
2014-01-01,229.09,247.679,14.8,7.0,85710.0,6001.4735,0.07,4.432,17197.738,0,0.03326543554891259,0
2014-04-01,233.89,250.017,14.475,6.1,86290.0,6018.93075,0.09,4.3375,17518.508,0,1.8651871542641363,1
2014-07-01,235.74,250.326,14.15,7.2,86870.0,6036.388,0.09,4.13,17804.228,0,1.6309608101328976,0
2014-10-01,238.95,250.303,13.825,6.3,87450.0,6052.081749999999,0.09,4.036,17912.079,0,0.605760609221595,0
2015-01-01,240.19,247.127,13.5,6.5,88030.0,6067.7755,0.11,3.67,18063.529,0,0.8455188255924728,0
2015-04-01,243.38,250.905,13.3,5.5,88120.0,6083.46925,0.12,3.672,18279.784,0,1.1971913129488865,0
2015-07-01,245.63,250.992,13.1,6.2,88210.0,6099.163,0.13,4.046,18401.626,0,0.6665396046255267,0
2015-10-01,246.65,251.8515,12.9,5.6,88300.0,6113.212,0.12,3.796,18435.137,0,0.1821089071150528,0
2016-01-01,247.64,250.807,12.7,5.4,88390.0,6127.261,0.34,3.8725,18525.933,0,0.49251600354258684,0
2016-04-01,251.36,253.784,12.6,4.6,91160.0,6141.31,0.37,3.605,18711.702,0,1.002751116502476,0
2016-07-01,253.91,254.305,12.5,5.3,93930.0,6155.359,0.39,3.44,18892.639,0,0.9669724325451323,0
2016-10-01,255.9,253.751,12.4,5.0,96700.0,6170.967000000001,0.4,3.47,19089.379,0,1.0413579595735856,0
2017-01-01,253.92,254.495,12.3,5.2,99470.0,6186.575000000001,0.65,4.15,19280.084,0,0.9990110207356517,0
2017-04-01,261.02,255.4685,12.175,4.4,100327.5,6202.183,0.9,4.045,19438.643,0,0.8223978692209144,0
2017-07-01,262.16,255.518,12.05,5.2,101185.0,6217.791,1.15,3.9675,19692.595,0,1.3064286431928362,0
2017-10-01,263.37,257.844,11.925,4.8,102042.5,6227.42125,1.15,3.895,20037.088,0,1.7493529928381601,0
2018-01-01,265.35,260.219,11.8,5.1,102900.0,6237.0515,1.41,4.032500000000001,20328.553,0,1.4546275386922547,0
2018-04-01,267.91,260.898,11.475,4.2,104700.0,6246.68175,1.69,4.4675,20580.912,0,1.241401687567234,0
2018-07-01,270.62,262.016,11.15,4.9,106500.0,6256.312,1.91,4.5275,20798.73,0,1.0583496008340187,0
2018-10-01,270.53,262.088,10.825,4.3,108300.0,6266.5975,2.19,4.83,20917.867,0,0.5728090128579888,0
2019-01-01,273.46,262.304,10.5,5.3,110100.0,6276.883,2.4,4.464,21111.6,0,0.9261603967555487,0
2019-04-01,278.07,265.112,10.75,3.8,108375.0,6287.1685,2.42,4.1425,21397.938,0,1.3563064855340201,0
2019-07-01,280.81,265.17,11.0,4.7,106650.0,6297.454,2.4,3.765,21717.171,0,1.4918867416103376,0
2019-10-01,282.95,265.263,11.25,4.1,104925.0,6288.20925,1.83,3.688,21933.217,1,0.994816497968376,0
2020-01-01,285.97,266.433,11.5,4.3,103200.0,6278.9645,1.55,3.624,21727.657,1,-0.937208618325347,0
2020-04-01,288.91,265.559,11.525,9.4,102775.0,6269.71975,0.05,3.306,19935.444,1,-8.248533194352248,0
2020-07-01,293.29,267.287,11.55,9.5,102350.0,6260.475,0.09,3.016,21684.551,0,8.77385524997587,1
2020-10-01,298.72,268.744,11.575,8.5,101925.0,6260.16575,0.09,2.834,22068.767,0,1.7718420824115677,0
2021-01-01,304.73,270.535,11.6,7.5,101500.0,6259.8565,0.09,2.735,22656.793,0,2.664516780661108,1
2021-04-01,318.67,274.0845,11.575,7.0,102550.0,6259.5472500000005,0.07,3.06,23368.861,0,3.142845503333147,1
2021-07-01,330.13,279.099,11.55,7.3,103600.0,6259.238,0.1,2.868,23921.991,0,2.3669531861223447,1
2021-10-01,336.72,282.5865,11.525,5.4,104650.0,6266.881,0.08,3.0675,24777.038,0,3.5743136932038677,1
2022-01-01,345.63,286.678,11.5,5.0,105700.0,6274.524,0.08,3.4450000000000003,25215.491,0,1.7695940894952855,0
2022-04-01,362.16,294.393,11.4,3.5,107025.0,6282.167,0.33,4.9825,25805.791,0,2.3410212396815844,1
2022-07-01,360.67,299.937,11.3,3.9,108350.0,6289.81,1.68,5.4125,26272.011,0,1.806648747949624,1
2022-10-01,356.32,299.6765,11.2,3.5,109675.0,6303.82775,3.08,6.9,26734.277,0,1.7595379356380336,0
2023-01-01,357.48,299.149,11.1,3.6,111000.0,6317.8455,4.33,6.2725,27164.359,0,1.6087287492382973,0
2023-04-01,369.72,304.272,11.1,2.6,111000.0,6331.86325,4.83,6.342499999999999,27453.815,0,1.0655727234351486,0
2023-07-01,372.73,305.273,11.1,3.4,111000.0,6345.881,5.12,6.84,27967.697,0,1.8718054303199727,1
2023-10-01,371.05,308.8365,11.1,3.6,111000.0,6368.533,5.33,7.62,28296.967,0,1.1773225374974494,0
2024-01-01,377.13,309.961,11.1,3.9,111000.0,6391.185,5.33,6.6425,28624.069,0,1.1559613438429706,0
2024-04-01,392.17,314.3875,11.1,3.4,111000.0,6413.837,5.33,6.9925,29016.714,0,1.3717302036967638,0
2024-07-01,394.52,316.445,11.1,4.6,111000.0,6436.489,5.33,6.8475,29374.914,0,1.2344609386162775,0
2024-10-01,392.54,317.0635,11.1,4.1,111000.0,6436.489,4.83,6.428,29723.864,0,1.187918371437613,0
