Date,House_Index,CPI,Poverty_Rate,Unemployment_Rate,Median_Household_Income,Population,Interest_Rate,Mortgage_Rate,GDP,Interest_Rate_diff1,Mortgage_Rate_diff1,Population_diff1,CPI_diff1,House_Index_diff1,GDP_diff1,Poverty_Rate_diff1,Median_Household_Income_diff1,GDP_diff2
1990-07-01,101.87,135.7,13.85,4.7,59930.0,4123.39587804878,8.15,10.035,6015.116,-0.10999999999999943,-0.3349999999999991,17.440878048780178,1.799999999999983,-0.539999999999992,55.08799999999974,0.17499999999999893,770.0,-32.23900000000049
1990-10-01,100.53,138.2,14.025,4.9,60700.0,4140.836756097561,8.11,10.1775,6004.733,-0.040000000000000924,0.14250000000000007,17.440878048781087,2.5,-1.3400000000000034,-10.38299999999981,0.1750000000000007,770.0,-65.47099999999955
1991-01-01,101.07,139.1,14.2,5.3,61470.0,4158.277634146341,6.91,9.6375,6035.178,-1.1999999999999993,-0.5400000000000009,17.440878048780178,0.9000000000000057,0.539999999999992,30.44499999999971,0.17499999999999893,770.0,40.82799999999952
1991-04-01,101.22,140.1,14.35,5.2,61270.0,4175.718512195122,5.91,9.4925,6126.862,-1.0,-0.14499999999999957,17.440878048780178,1.0,0.15000000000000568,91.6840000000002,0.15000000000000036,-200.0,61.23900000000049
1991-07-01,100.41,140.9,14.5,6.1,61070.0,4193.159390243903,5.82,9.575,6205.937,-0.08999999999999986,0.08249999999999957,17.440878048781087,0.8000000000000114,-0.8100000000000023,79.07499999999982,0.15000000000000036,-200.0,-12.609000000000378
1991-10-01,102.01,142.95,14.65,6.2,60870.0,4210.600268292683,5.21,8.855,6264.54,-0.6100000000000003,-0.7199999999999989,17.440878048780178,2.049999999999983,1.6000000000000085,58.603000000000065,0.15000000000000036,-200.0,-20.471999999999753
1992-01-01,102.32,142.9,14.8,6.6,60670.0,4228.041146341463,4.03,8.431999999999999,6363.102,-1.1799999999999997,-0.4230000000000018,17.440878048780178,-0.04999999999998295,0.30999999999998806,98.5619999999999,0.15000000000000036,-200.0,39.95899999999983
1992-04-01,101.5,143.1,14.875,6.3,58865.0,4245.482024390244,3.73,8.8525,6470.763,-0.30000000000000027,0.42050000000000054,17.440878048781087,0.19999999999998863,-0.8199999999999932,107.66100000000006,0.07499999999999929,-1805.0,9.09900000000016
1992-07-01,102.32,144.8,14.95,7.0,57060.0,4262.922902439024,3.25,8.128,6566.641,-0.48,-0.724499999999999,17.440878048780178,1.700000000000017,0.8199999999999932,95.8779999999997,0.07499999999999929,-1805.0,-11.783000000000357
1992-10-01,102.43,146.45,15.025,6.6,55255.0,4280.363780487804,3.1,8.088,6680.803,-0.1499999999999999,-0.040000000000000924,17.440878048780178,1.6499999999999773,0.11000000000001364,114.16200000000026,0.07500000000000107,-1805.0,18.28400000000056
1993-01-01,102.2,147.8,15.1,6.8,53450.0,4297.8046585365855,3.02,7.9925,6729.459,-0.08000000000000007,-0.09549999999999947,17.440878048781087,1.3500000000000227,-0.23000000000000398,48.65599999999995,0.07499999999999929,-1805.0,-65.50600000000031
1993-04-01,102.4,148.85,14.95,6.1,54510.0,4315.245536585366,2.96,7.471999999999999,6808.939,-0.06000000000000005,-0.5205000000000011,17.440878048780178,1.049999999999983,0.20000000000000284,79.48000000000047,-0.15000000000000036,1060.0,30.824000000000524
1993-07-01,102.42,149.2,14.8,6.8,55570.0,4332.686414634146,3.06,7.206,6882.098,0.10000000000000009,-0.26599999999999824,17.440878048780178,0.3499999999999943,0.01999999999999602,73.15899999999965,-0.14999999999999858,1060.0,-6.321000000000822
1993-10-01,102.96,150.3,14.65,6.3,56630.0,4350.127292682927,2.99,6.8340000000000005,7013.738,-0.06999999999999984,-0.3719999999999999,17.440878048781087,1.1000000000000227,0.539999999999992,131.64000000000033,-0.15000000000000036,1060.0,58.48100000000068
1994-01-01,103.15,150.9,14.5,6.3,57690.0,4367.568170731707,3.05,7.0600000000000005,7115.652,0.05999999999999961,0.22599999999999998,17.440878048780178,0.5999999999999943,0.19000000000001194,101.91399999999976,-0.15000000000000036,1060.0,-29.726000000000568
1994-04-01,102.23,151.45,14.325,5.6,57652.5,4385.009048780487,3.56,8.315999999999999,7246.931,0.5100000000000002,1.2559999999999985,17.440878048780178,0.549999999999983,-0.9200000000000017,131.27899999999954,-0.1750000000000007,-37.5,29.36499999999978
1994-07-01,101.16,151.8,14.15,6.0,57615.0,4402.449926829268,4.26,8.614,7331.075,0.6999999999999997,0.2980000000000018,17.440878048781087,0.35000000000002274,-1.0700000000000074,84.14400000000023,-0.17499999999999893,-37.5,-47.13499999999931
1994-10-01,100.28,153.35,13.975,5.8,57577.5,4419.890804878049,4.76,8.925,7455.288,0.5,0.31099999999999994,17.440878048780178,1.549999999999983,-0.8799999999999955,124.21299999999974,-0.1750000000000007,-37.5,40.068999999999505
1995-01-01,100.0,153.8,13.8,6.1,57540.0,4437.331682926829,5.53,9.1475,7522.289,0.7700000000000005,0.22250000000000014,17.440878048780178,0.45000000000001705,-0.28000000000000114,67.0010000000002,-0.17499999999999893,-37.5,-57.211999999999534
1995-04-01,100.89,154.9,13.775,5.9,57725.0,4454.77256097561,6.05,8.32,7580.997,0.5199999999999996,-0.8275000000000006,17.440878048781087,1.0999999999999943,0.8900000000000006,58.70800000000054,-0.025000000000000355,185.0,-8.292999999999665
1995-07-01,102.14,156.1,13.75,6.5,57910.0,4472.21343902439,5.85,7.6075,7683.125,-0.20000000000000018,-0.7125000000000004,17.440878048780178,1.1999999999999886,1.25,102.1279999999997,-0.025000000000000355,185.0,43.41999999999916
1995-10-01,102.87,155.7,13.725,6.0,58095.0,4489.654317073171,5.76,7.475,7772.586,-0.08999999999999986,-0.13250000000000028,17.440878048781087,-0.4000000000000057,0.730000000000004,89.46100000000024,-0.025000000000000355,185.0,-12.666999999999462
1996-01-01,104.04,156.8,13.7,5.9,58280.0,4507.095195121951,5.56,7.029999999999999,7868.468,-0.20000000000000018,-0.4450000000000003,17.440878048780178,1.1000000000000227,1.1700000000000017,95.8819999999996,-0.025000000000000355,185.0,6.420999999999367
1996-04-01,102.69,158.7,13.6,5.8,57927.5,4524.536073170732,5.22,7.925000000000001,8032.84,-0.33999999999999986,0.8950000000000014,17.440878048781087,1.8999999999999773,-1.3500000000000085,164.3720000000003,-0.09999999999999964,-352.5,68.49000000000069
1996-07-01,101.68,160.1,13.5,6.4,57575.0,4541.976951219513,5.4,8.245000000000001,8131.408,0.1800000000000006,0.3200000000000003,17.440878048780178,1.4000000000000057,-1.009999999999991,98.56800000000021,-0.09999999999999964,-352.5,-65.80400000000009
1996-10-01,102.37,161.0,13.4,5.9,57222.5,4559.417829268293,5.24,7.915,8259.771,-0.16000000000000014,-0.33000000000000096,17.440878048780178,0.9000000000000057,0.6899999999999977,128.36300000000028,-0.09999999999999964,-352.5,29.795000000000073
1997-01-01,102.79,161.6,13.3,6.0,56870.0,4576.858707317073,5.25,7.824,8362.655,0.009999999999999787,-0.09100000000000019,17.440878048780178,0.5999999999999943,0.4200000000000017,102.88400000000001,-0.09999999999999964,-352.5,-25.47900000000027
1997-04-01,102.37,162.0,13.15,5.5,57370.0,4594.299585365854,5.51,8.1425,8518.825,0.2599999999999998,0.3185000000000002,17.440878048781087,0.4000000000000057,-0.4200000000000017,156.17000000000007,-0.15000000000000036,500.0,53.28600000000006
1997-07-01,103.33,162.9,13.0,6.1,57870.0,4611.740463414634,5.52,7.4975,8662.823,0.009999999999999787,-0.6450000000000005,17.440878048780178,0.9000000000000057,0.9599999999999937,143.9979999999996,-0.15000000000000036,500.0,-12.17200000000048
1997-10-01,104.11,162.7,12.85,6.0,58370.0,4629.181341463414,5.5,7.294,8765.907,-0.019999999999999574,-0.20350000000000001,17.440878048780178,-0.20000000000001705,0.7800000000000011,103.08399999999892,-0.15000000000000036,500.0,-40.91400000000067
1998-01-01,105.59,162.5,12.7,6.1,58870.0,4646.622219512195,5.56,6.994,8866.48,0.05999999999999961,-0.2999999999999998,17.440878048781087,-0.19999999999998863,1.480000000000004,100.57300000000032,-0.15000000000000036,500.0,-2.510999999998603
1998-04-01,105.73,163.55,12.5,5.2,60830.0,4664.063097560976,5.45,7.140000000000001,8969.699,-0.10999999999999943,0.1460000000000008,17.440878048780178,1.0500000000000114,0.14000000000000057,103.21900000000096,-0.1999999999999993,1960.0,2.6460000000006403
1998-07-01,106.28,164.9,12.3,5.7,62790.0,4681.503975609756,5.54,6.952,9121.097,0.08999999999999986,-0.1880000000000006,17.440878048780178,1.3499999999999943,0.5499999999999972,151.39799999999923,-0.1999999999999993,1960.0,48.17899999999827
1998-10-01,107.46,164.85,12.1,5.3,64750.0,4698.944853658537,5.07,6.709999999999999,9293.991,-0.46999999999999975,-0.24200000000000088,17.440878048781087,-0.05000000000001137,1.1799999999999926,172.89400000000023,-0.20000000000000107,1960.0,21.496000000001004
1999-01-01,108.69,165.4,11.9,4.9,66710.0,4716.385731707317,4.63,6.785,9411.682,-0.4400000000000004,0.07500000000000107,17.440878048780178,0.5500000000000114,1.230000000000004,117.69100000000071,-0.1999999999999993,1960.0,-55.20299999999952
1999-04-01,109.52,166.45,11.75,4.6,67217.5,4733.826609756097,4.74,6.916,9526.21,0.11000000000000032,0.13100000000000023,17.440878048780178,1.049999999999983,0.8299999999999983,114.52799999999843,-0.15000000000000036,507.5,-3.1630000000022847
1999-07-01,111.45,168.3,11.6,4.8,67725.0,4751.267487804878,4.99,7.632,9686.626,0.25,0.7159999999999993,17.440878048781087,1.8500000000000227,1.9300000000000068,160.41600000000108,-0.15000000000000036,507.5,45.88800000000265
1999-10-01,113.1,169.45,11.45,4.2,68232.5,4768.7083658536585,5.2,7.851999999999999,9900.169,0.20999999999999996,0.21999999999999975,17.440878048780178,1.1499999999999773,1.6499999999999915,213.54299999999967,-0.15000000000000036,507.5,53.12699999999859
2000-01-01,115.69,169.8,11.3,4.5,68740.0,4786.149243902439,5.45,8.21,10002.179,0.25,0.35800000000000143,17.440878048780178,0.35000000000002274,2.5900000000000034,102.01000000000022,-0.14999999999999858,507.5,-111.53299999999945
2000-04-01,119.38,172.85,11.4,3.9,68340.0,4803.59012195122,6.02,8.1525,10247.72,0.5699999999999994,-0.057500000000000995,17.440878048781087,3.049999999999983,3.6899999999999977,245.54099999999926,0.09999999999999964,-400.0,143.53099999999904
2000-07-01,122.31,174.8,11.5,4.7,67940.0,4821.031,6.54,8.1475,10318.165,0.5200000000000005,-0.004999999999999005,17.440878048780178,1.950000000000017,2.930000000000007,70.44500000000153,0.09999999999999964,-400.0,-175.09599999999773
2000-10-01,125.1,175.15,11.6,4.4,67540.0,4847.59175,6.51,7.795,10435.744,-0.03000000000000025,-0.3525000000000009,26.560749999999643,0.3499999999999943,2.789999999999992,117.57899999999972,0.09999999999999964,-400.0,47.133999999998196
2001-01-01,129.2,175.9,11.7,4.6,67140.0,4874.1525,5.98,7.0325,10470.231,-0.5299999999999994,-0.7625000000000002,26.560750000000553,0.75,4.099999999999994,34.48699999999917,0.09999999999999964,-400.0,-83.09200000000055
2001-04-01,133.05,177.6,11.8,4.3,66087.5,4900.713250000001,4.8,7.0775,10599.0,-1.1800000000000006,0.04499999999999993,26.560750000000553,1.6999999999999886,3.8500000000000227,128.76900000000023,0.10000000000000142,-1052.5,94.28200000000106
2001-07-01,137.2,179.2,11.9,5.1,65035.0,4927.274,3.77,7.1275,10598.02,-1.0299999999999998,0.05000000000000071,26.560749999999643,1.5999999999999943,4.149999999999977,-0.9799999999995634,0.09999999999999964,-1052.5,-129.7489999999998
2001-10-01,140.24,180.2,12.0,5.5,63982.5,4949.09825,2.49,6.6175,10660.465,-1.2799999999999998,-0.5100000000000007,21.824249999999665,1.0,3.0400000000000205,62.44499999999971,0.09999999999999964,-1052.5,63.42499999999927
2002-01-01,143.91,180.0,12.1,5.8,62930.0,4970.922500000001,1.73,6.9975,10783.5,-0.7600000000000002,0.3799999999999999,21.824250000000575,-0.19999999999998863,3.6699999999999875,123.03499999999985,0.09999999999999964,-1052.5,60.590000000000146
2002-04-01,149.17,182.75,12.2,5.3,64967.5,4992.74675,1.75,6.985,10887.46,0.020000000000000018,-0.01249999999999929,21.824249999999665,2.75,5.259999999999991,103.95999999999913,0.09999999999999964,2037.5,-19.075000000000728
2002-07-01,154.24,184.2,12.3,5.6,67005.0,5014.571,1.73,6.485,10984.04,-0.020000000000000018,-0.5,21.824249999999665,1.4499999999999886,5.070000000000022,96.58000000000175,0.10000000000000142,2037.5,-7.379999999997381
2002-10-01,157.1,185.6,12.4,5.1,69042.5,5032.52225,1.75,6.1125,11061.433,0.020000000000000018,-0.3725000000000005,17.951250000000073,1.4000000000000057,2.859999999999985,77.39300000000003,0.09999999999999964,2037.5,-19.187000000001717
2003-01-01,160.03,186.3,12.5,5.5,71080.0,5050.4735,1.24,5.916,11174.129,-0.51,-0.19649999999999945,17.951250000000073,0.700000000000017,2.930000000000007,112.69599999999991,0.09999999999999964,2037.5,35.302999999999884
2003-04-01,163.19,188.75,12.55,5.1,70032.5,5068.42475,1.26,5.8125,11312.766,0.020000000000000018,-0.10350000000000037,17.951250000000073,2.4499999999999886,3.1599999999999966,138.6369999999988,0.05000000000000071,-1047.5,25.940999999998894
2003-07-01,168.35,190.2,12.6,5.7,68985.0,5086.376,1.01,5.6325,11566.669,-0.25,-0.17999999999999972,17.951250000000073,1.4499999999999886,5.159999999999997,253.90300000000025,0.049999999999998934,-1047.5,115.26600000000144
2003-10-01,177.31,190.6,12.65,5.2,67937.5,5104.4130000000005,1.01,5.952,11772.234,0.0,0.3194999999999997,18.037000000000262,0.4000000000000057,8.960000000000008,205.5650000000005,0.05000000000000071,-1047.5,-48.33799999999974
2004-01-01,182.84,190.7,12.7,5.6,66890.0,5122.450000000001,1.0,5.7125,11923.447,-0.010000000000000009,-0.2394999999999996,18.037000000000262,0.09999999999999432,5.530000000000001,151.21299999999974,0.049999999999998934,-1047.5,-54.35200000000077
2004-04-01,192.31,193.45,12.675,5.1,66995.0,5140.487,1.0,5.83,12112.815,0.0,0.11749999999999972,18.036999999999352,2.75,9.469999999999999,189.3680000000004,-0.02499999999999858,105.0,38.155000000000655
2004-07-01,209.76,195.4,12.65,6.0,67100.0,5158.524,1.26,6.056,12305.307,0.26,0.22599999999999998,18.037000000000262,1.950000000000017,17.44999999999999,192.4920000000002,-0.025000000000000355,105.0,3.1239999999997963
2004-10-01,217.45,196.85,12.625,5.6,67205.0,5176.20975,1.76,5.7225,12527.214,0.5,-0.3334999999999999,17.685749999999643,1.4499999999999886,7.689999999999998,221.90699999999924,-0.025000000000000355,105.0,29.414999999999054
2005-01-01,227.49,198.2,12.6,5.7,67310.0,5193.8955000000005,2.28,5.71,12767.286,0.5199999999999998,-0.012500000000000178,17.685750000000553,1.3499999999999943,10.04000000000002,240.07200000000012,-0.025000000000000355,105.0,18.165000000000873
2005-04-01,244.5,201.1,12.525,5.1,68102.5,5211.58125,2.79,5.855,12922.656,0.5100000000000002,0.14500000000000046,17.685749999999643,2.9000000000000057,17.00999999999999,155.3700000000008,-0.07499999999999929,792.5,-84.70199999999932
2005-07-01,257.78,202.8,12.45,5.3,68895.0,5229.267,3.26,5.695,13142.642,0.46999999999999975,-0.16000000000000014,17.685749999999643,1.700000000000017,13.279999999999973,219.98599999999897,-0.07500000000000107,792.5,64.61599999999817
2005-10-01,268.98,204.95,12.375,4.7,69687.5,5238.20325,3.78,6.065,13324.204,0.52,0.3700000000000001,8.936249999999745,2.1499999999999773,11.200000000000045,181.5619999999999,-0.07499999999999929,792.5,-38.42399999999907
2006-01-01,274.29,205.6,12.3,4.7,70480.0,5247.139499999999,4.29,6.145,13599.16,0.5100000000000002,0.07999999999999918,8.936249999999745,0.6500000000000057,5.310000000000002,274.95600000000013,-0.07499999999999929,792.5,93.39400000000023
2006-04-01,278.67,207.75,12.4,4.3,70855.0,5256.07575,4.79,6.5075,13753.424,0.5,0.3625000000000007,8.936250000000655,2.1500000000000057,4.3799999999999955,154.26400000000103,0.09999999999999964,375.0,-120.6919999999991
2006-07-01,279.9,211.4,12.5,5.2,71230.0,5265.012,5.24,6.7625,13870.188,0.4500000000000002,0.2549999999999999,8.936249999999745,3.6500000000000057,1.2299999999999613,116.76399999999921,0.09999999999999964,375.0,-37.50000000000182
2006-10-01,281.95,210.65,12.6,4.5,71605.0,5277.01725,5.25,6.3575,14039.56,0.009999999999999787,-0.40500000000000025,12.00525000000016,-0.75,2.0500000000000114,169.3719999999994,0.09999999999999964,375.0,52.608000000000175
2007-01-01,280.11,211.101,12.7,4.8,71980.0,5289.0225,5.25,6.2175,14215.651,0.0,-0.13999999999999968,12.00525000000016,0.4509999999999934,-1.839999999999975,176.09100000000035,0.09999999999999964,375.0,6.71900000000096
2007-04-01,278.1,215.276,12.825,3.9,72987.5,5301.02775,5.25,6.18,14402.082,0.0,-0.03750000000000053,12.00525000000016,4.175000000000011,-2.009999999999991,186.4310000000005,0.125,1007.5,10.340000000000146
2007-07-01,271.97,217.198,12.95,4.6,73995.0,5313.033,5.26,6.695,14564.117,0.009999999999999787,0.5150000000000006,12.00525000000016,1.921999999999997,-6.1299999999999955,162.03499999999985,0.125,1007.5,-24.39600000000064
2007-10-01,265.68,218.394,13.075,4.1,75002.5,5329.25875,4.76,6.375,14715.058,-0.5,-0.3200000000000003,16.225749999999607,1.195999999999998,-6.2900000000000205,150.9410000000007,0.125,1007.5,-11.093999999999141
2008-01-01,258.29,220.587,13.2,4.4,76010.0,5345.4845000000005,3.94,5.758,14706.538,-0.8199999999999998,-0.617,16.225750000000517,2.1929999999999836,-7.389999999999986,-8.520000000000437,0.125,1007.5,-159.46100000000115
2008-04-01,242.01,223.5395,13.475,4.0,75247.5,5361.71025,2.28,5.9175,14865.701,-1.6600000000000001,0.15950000000000042,16.225749999999607,2.952500000000015,-16.28000000000003,159.16299999999865,0.27500000000000036,-762.5,167.68299999999908
2008-07-01,229.66,228.918,13.75,5.5,74485.0,5377.936,2.01,6.425999999999999,14898.999,-0.27,0.5084999999999988,16.225749999999607,5.3785000000000025,-12.349999999999994,33.298000000000684,0.27500000000000036,-762.5,-125.86499999999796
2008-10-01,225.39,226.22,14.025,5.8,73722.5,5402.51225,0.97,6.2,14608.209,-1.0399999999999998,-0.2259999999999991,24.576250000000073,-2.6980000000000075,-4.27000000000001,-290.78999999999905,0.27500000000000036,-762.5,-324.08799999999974
2009-01-01,225.58,221.83,14.3,7.2,72960.0,5427.0885,0.15,5.047499999999999,14430.902,-0.82,-1.1525000000000007,24.576250000000073,-4.389999999999986,0.19000000000002615,-177.3070000000007,0.27500000000000036,-762.5,113.48299999999836
2009-04-01,218.12,223.1065,14.5,7.0,73995.0,5451.66475,0.15,4.8100000000000005,14381.236,0.0,-0.23749999999999893,24.576250000000073,1.2764999999999986,-7.460000000000008,-49.66599999999926,0.1999999999999993,1035.0,127.64100000000144
2009-07-01,213.24,226.084,14.7,8.3,75030.0,5476.241,0.16,5.222,14448.882,0.010000000000000009,0.4119999999999999,24.576250000000073,2.977499999999992,-4.8799999999999955,67.64599999999882,0.1999999999999993,1035.0,117.31199999999808
2009-10-01,213.92,226.857,14.9,8.5,76065.0,5526.864,0.12,4.952,14651.249,-0.04000000000000001,-0.27000000000000046,50.62299999999959,0.7729999999999961,0.6799999999999784,202.3670000000002,0.20000000000000107,1035.0,134.72100000000137
2010-01-01,211.72,227.44,15.1,8.9,77100.0,5577.487,0.11,5.03,14764.61,-0.009999999999999995,0.07800000000000029,50.6230000000005,0.5829999999999984,-2.1999999999999886,113.36100000000079,0.1999999999999993,1035.0,-89.0059999999994
2010-04-01,211.96,228.554,15.075,7.9,75967.5,5628.110000000001,0.2,5.098000000000001,14980.193,0.09000000000000001,0.0680000000000005,50.6230000000005,1.1140000000000043,0.2400000000000091,215.58299999999872,-0.025000000000000355,-1132.5,102.22199999999793
2010-07-01,214.66,228.432,15.05,8.6,74835.0,5678.733,0.18,4.564,15141.607,-0.020000000000000018,-0.5340000000000007,50.62299999999959,-0.1220000000000141,2.6999999999999886,161.41400000000067,-0.02499999999999858,-1132.5,-54.16899999999805
2010-10-01,214.15,230.5715,15.025,8.2,73702.5,5704.98775,0.19,4.225,15309.474,0.010000000000000009,-0.3390000000000004,26.254750000000058,2.139499999999998,-0.5099999999999909,167.8670000000002,-0.025000000000000355,-1132.5,6.45299999999952
2011-01-01,209.44,232.77,15.0,8.6,72570.0,5731.2425,0.17,4.755,15351.448,-0.01999999999999999,0.5300000000000002,26.254750000000058,2.198500000000024,-4.710000000000008,41.97400000000016,-0.025000000000000355,-1132.5,-125.89300000000003
2011-04-01,208.89,236.265,15.0,7.9,75447.5,5757.49725,0.1,4.84,15557.539,-0.07,0.08499999999999996,26.254750000000058,3.494999999999976,-0.5500000000000114,206.09100000000035,0.0,2877.5,164.1170000000002
2011-07-01,211.71,238.191,15.0,8.9,78325.0,5783.752,0.07,4.545,15647.68,-0.03,-0.29499999999999993,26.254750000000058,1.9260000000000161,2.8200000000000216,90.14099999999962,0.0,2877.5,-115.95000000000073
2011-10-01,213.75,238.45,15.0,8.4,81202.5,5808.14625,0.07,4.0675,15842.259,0.0,-0.47750000000000004,24.394249999999374,0.25899999999998613,2.039999999999992,194.57899999999972,0.0,2877.5,104.4380000000001
2012-01-01,212.58,238.994,15.0,8.4,84080.0,5832.5405,0.08,3.915,16068.805,0.009999999999999995,-0.15249999999999986,24.394250000000284,0.5440000000000111,-1.1699999999999875,226.54600000000028,0.0,2877.5,31.967000000000553
2012-04-01,212.12,242.3405,14.95,7.3,82175.0,5856.93475,0.14,3.91,16207.115,0.06000000000000001,-0.004999999999999893,24.394250000000284,3.346499999999992,-0.46000000000000796,138.3099999999995,-0.05000000000000071,-1905.0,-88.23600000000079
2012-07-01,215.37,241.744,14.9,8.3,80270.0,5881.329,0.16,3.55,16319.541,0.01999999999999999,-0.3600000000000003,24.394249999999374,-0.5964999999999918,3.25,112.42599999999948,-0.049999999999998934,-1905.0,-25.884000000000015
2012-10-01,216.89,243.9595,14.85,7.5,78365.0,5902.6365,0.16,3.3825000000000003,16420.419,0.0,-0.16749999999999954,21.30749999999989,2.2154999999999916,1.5199999999999818,100.87800000000243,-0.05000000000000071,-1905.0,-11.547999999997046
2013-01-01,218.51,243.473,14.8,8.1,76460.0,5923.944,0.14,3.414,16648.189,-0.01999999999999999,0.03149999999999986,21.3075000000008,-0.48649999999997817,1.6200000000000045,227.7699999999968,-0.049999999999998934,-1905.0,126.89199999999437
2013-04-01,222.72,245.488,14.8,7.0,78772.5,5945.2515,0.15,3.4450000000000003,16728.687,0.009999999999999981,0.03100000000000014,21.30749999999989,2.0149999999999864,4.210000000000008,80.49800000000323,0.0,2312.5,-147.27199999999357
2013-07-01,225.83,246.178,14.8,7.8,81085.0,5966.559,0.09,4.37,16953.838,-0.06,0.9249999999999998,21.30749999999989,0.6899999999999977,3.1100000000000136,225.15099999999802,0.0,2312.5,144.6529999999948
2013-10-01,227.43,247.551,14.8,7.8,83397.5,5984.016250000001,0.09,4.192,17192.019,0.0,-0.17799999999999994,17.457250000000386,1.3729999999999905,1.5999999999999943,238.1810000000005,0.0,2312.5,13.030000000002474
2014-01-01,229.09,247.679,14.8,7.0,85710.0,6001.4735,0.07,4.432,17197.738,-0.01999999999999999,0.2400000000000002,17.457249999999476,0.12800000000001432,1.6599999999999966,5.71900000000096,0.0,2312.5,-232.46199999999953
2014-04-01,233.89,250.017,14.475,6.1,86290.0,6018.93075,0.09,4.3375,17518.508,0.01999999999999999,-0.09450000000000003,17.457250000000386,2.337999999999994,4.799999999999983,320.77000000000044,-0.32500000000000107,580.0,315.0509999999995
2014-07-01,235.74,250.326,14.15,7.2,86870.0,6036.388,0.09,4.13,17804.228,0.0,-0.20750000000000046,17.457249999999476,0.3089999999999975,1.8500000000000227,285.7199999999975,-0.3249999999999993,580.0,-35.05000000000291
2014-10-01,238.95,250.303,13.825,6.3,87450.0,6052.081749999999,0.09,4.036,17912.079,0.0,-0.0940000000000003,15.693749999999454,-0.022999999999996135,3.2099999999999795,107.85100000000239,-0.32500000000000107,580.0,-177.86899999999514
2015-01-01,240.19,247.127,13.5,6.5,88030.0,6067.7755,0.11,3.67,18063.529,0.020000000000000004,-0.36599999999999966,15.693750000000364,-3.1759999999999877,1.240000000000009,151.4499999999971,-0.3249999999999993,580.0,43.5989999999947
2015-04-01,243.38,250.905,13.3,5.5,88120.0,6083.46925,0.12,3.672,18279.784,0.009999999999999995,0.002000000000000224,15.693750000000364,3.7779999999999916,3.1899999999999977,216.25500000000102,-0.1999999999999993,90.0,64.80500000000393
2015-07-01,245.63,250.992,13.1,6.2,88210.0,6099.163,0.13,4.046,18401.626,0.010000000000000009,0.3740000000000001,15.693749999999454,0.08699999999998909,2.25,121.84200000000055,-0.20000000000000107,90.0,-94.41300000000047
2015-10-01,246.65,251.8515,12.9,5.6,88300.0,6113.212,0.12,3.796,18435.137,-0.010000000000000009,-0.25000000000000044,14.049000000000888,0.859499999999997,1.0200000000000102,33.5109999999986,-0.1999999999999993,90.0,-88.33100000000195
2016-01-01,247.64,250.807,12.7,5.4,88390.0,6127.261,0.34,3.8725,18525.933,0.22000000000000003,0.07650000000000023,14.048999999999978,-1.0444999999999993,0.9899999999999807,90.7960000000021,-0.20000000000000107,90.0,57.28500000000349
2016-04-01,251.36,253.784,12.6,4.6,91160.0,6141.31,0.37,3.605,18711.702,0.02999999999999997,-0.26750000000000007,14.048999999999978,2.977000000000004,3.7200000000000273,185.76900000000023,-0.09999999999999964,2770.0,94.97299999999814
2016-07-01,253.91,254.305,12.5,5.3,93930.0,6155.359,0.39,3.44,18892.639,0.020000000000000018,-0.16500000000000004,14.048999999999978,0.521000000000015,2.549999999999983,180.93699999999808,-0.09999999999999964,2770.0,-4.832000000002154
2016-10-01,255.9,253.751,12.4,5.0,96700.0,6170.967000000001,0.4,3.47,19089.379,0.010000000000000009,0.03000000000000025,15.608000000000175,-0.554000000000002,1.990000000000009,196.7400000000016,-0.09999999999999964,2770.0,15.803000000003522
2017-01-01,253.92,254.495,12.3,5.2,99470.0,6186.575000000001,0.65,4.15,19280.084,0.25,0.6800000000000002,15.608000000000175,0.7439999999999998,-1.9800000000000182,190.7049999999981,-0.09999999999999964,2770.0,-6.0350000000034925
2017-04-01,261.02,255.4685,12.175,4.4,100327.5,6202.183,0.9,4.045,19438.643,0.25,-0.10500000000000043,15.607999999999265,0.9735000000000014,7.099999999999994,158.5590000000011,-0.125,857.5,-32.145999999997
2017-07-01,262.16,255.518,12.05,5.2,101185.0,6217.791,1.15,3.9675,19692.595,0.2499999999999999,-0.07750000000000012,15.608000000000175,0.04949999999999477,1.1400000000000432,253.95200000000114,-0.125,857.5,95.39300000000003
2017-10-01,263.37,257.844,11.925,4.8,102042.5,6227.42125,1.15,3.895,20037.088,0.0,-0.07249999999999979,9.63025000000016,2.3259999999999934,1.2099999999999795,344.4929999999986,-0.125,857.5,90.54099999999744
2018-01-01,265.35,260.219,11.8,5.1,102900.0,6237.0515,1.41,4.032500000000001,20328.553,0.26,0.13750000000000062,9.63024999999925,2.375,1.9800000000000182,291.46500000000015,-0.125,857.5,-53.02799999999843
2018-04-01,267.91,260.898,11.475,4.2,104700.0,6246.68175,1.69,4.4675,20580.912,0.28,0.4349999999999996,9.63025000000016,0.6790000000000305,2.5600000000000023,252.35900000000038,-0.32500000000000107,1800.0,-39.10599999999977
2018-07-01,270.62,262.016,11.15,4.9,106500.0,6256.312,1.91,4.5275,20798.73,0.21999999999999997,0.05999999999999961,9.63025000000016,1.117999999999995,2.7099999999999795,217.8179999999993,-0.3249999999999993,1800.0,-34.54100000000108
2018-10-01,270.53,262.088,10.825,4.3,108300.0,6266.5975,2.19,4.83,20917.867,0.28,0.3025000000000002,10.285499999999956,0.07200000000000273,-0.09000000000003183,119.1369999999988,-0.32500000000000107,1800.0,-98.6810000000005
2019-01-01,273.46,262.304,10.5,5.3,110100.0,6276.883,2.4,4.464,21111.6,0.20999999999999996,-0.36599999999999966,10.285499999999956,0.21599999999995134,2.930000000000007,193.73300000000017,-0.3249999999999993,1800.0,74.59600000000137
2019-04-01,278.07,265.112,10.75,3.8,108375.0,6287.1685,2.42,4.1425,21397.938,0.020000000000000018,-0.32150000000000034,10.285499999999956,2.8080000000000496,4.610000000000014,286.33799999999974,0.25,-1725.0,92.60499999999956
2019-07-01,280.81,265.17,11.0,4.7,106650.0,6297.454,2.4,3.765,21717.171,-0.020000000000000018,-0.37749999999999995,10.285499999999956,0.057999999999992724,2.740000000000009,319.2330000000002,0.25,-1725.0,32.89500000000044
2019-10-01,282.95,265.263,11.25,4.1,104925.0,6288.20925,1.83,3.688,21933.217,-0.5699999999999998,-0.07699999999999996,-9.24474999999984,0.09299999999996089,2.1399999999999864,216.0460000000021,0.25,-1725.0,-103.18699999999808
2020-01-01,285.97,266.433,11.5,4.3,103200.0,6278.9645,1.55,3.624,21727.657,-0.28,-0.06400000000000006,-9.24474999999984,1.170000000000016,3.0200000000000387,-205.5600000000013,0.25,-1725.0,-421.6060000000034
2020-04-01,288.91,265.559,11.525,9.4,102775.0,6269.71975,0.05,3.306,19935.444,-1.5,-0.31800000000000006,-9.24474999999984,-0.8739999999999668,2.9399999999999977,-1792.2129999999997,0.025000000000000355,-425.0,-1586.6529999999984
2020-07-01,293.29,267.287,11.55,9.5,102350.0,6260.475,0.09,3.016,21684.551,0.039999999999999994,-0.29000000000000004,-9.24474999999984,1.7279999999999518,4.3799999999999955,1749.107,0.025000000000000355,-425.0,3541.3199999999997
2020-10-01,298.72,268.744,11.575,8.5,101925.0,6260.16575,0.09,2.834,22068.767,0.0,-0.18199999999999994,-0.3092500000002474,1.4570000000000505,5.430000000000007,384.21600000000035,0.02499999999999858,-425.0,-1364.8909999999996
2021-01-01,304.73,270.535,11.6,7.5,101500.0,6259.8565,0.09,2.735,22656.793,0.0,-0.0990000000000002,-0.3092500000002474,1.7909999999999968,6.009999999999991,588.0260000000017,0.025000000000000355,-425.0,203.8100000000013
2021-04-01,318.67,274.0845,11.575,7.0,102550.0,6259.5472500000005,0.07,3.06,23368.861,-0.01999999999999999,0.3250000000000002,-0.3092499999993379,3.5494999999999663,13.939999999999998,712.0679999999993,-0.025000000000000355,1050.0,124.04199999999764
2021-07-01,330.13,279.099,11.55,7.3,103600.0,6259.238,0.1,2.868,23921.991,0.03,-0.19200000000000017,-0.3092500000002474,5.014499999999998,11.45999999999998,553.130000000001,-0.02499999999999858,1050.0,-158.93799999999828
2021-10-01,336.72,282.5865,11.525,5.4,104650.0,6266.881,0.08,3.0675,24777.038,-0.020000000000000004,0.1995,7.643000000000029,3.4875000000000114,6.590000000000032,855.0469999999987,-0.025000000000000355,1050.0,301.91699999999764
2022-01-01,345.63,286.678,11.5,5.0,105700.0,6274.524,0.08,3.4450000000000003,25215.491,0.0,0.3775000000000004,7.643000000000029,4.091499999999996,8.909999999999968,438.45300000000134,-0.025000000000000355,1050.0,-416.5939999999973
2022-04-01,362.16,294.393,11.4,3.5,107025.0,6282.167,0.33,4.9825,25805.791,0.25,1.5374999999999996,7.643000000000029,7.714999999999975,16.53000000000003,590.2999999999993,-0.09999999999999964,1325.0,151.84699999999793
2022-07-01,360.67,299.937,11.3,3.9,108350.0,6289.81,1.68,5.4125,26272.011,1.3499999999999999,0.4299999999999997,7.643000000000029,5.54400000000004,-1.490000000000009,466.2199999999975,-0.09999999999999964,1325.0,-124.08000000000175
2022-10-01,356.32,299.6765,11.2,3.5,109675.0,6303.82775,3.08,6.9,26734.277,1.4000000000000001,1.4875000000000007,14.017749999999978,-0.2605000000000359,-4.350000000000023,462.2659999999996,-0.10000000000000142,1325.0,-3.9539999999979045
2023-01-01,357.48,299.149,11.1,3.6,111000.0,6317.8455,4.33,6.2725,27164.359,1.25,-0.6275000000000004,14.017749999999978,-0.527499999999975,1.160000000000025,430.08200000000215,-0.09999999999999964,1325.0,-32.18399999999747
2023-04-01,369.72,304.272,11.04078310682437,2.6,111517.62796549006,6331.86325,4.83,6.342499999999999,27453.815,0.5,0.0699999999999994,14.017749999999978,5.1229999999999905,12.240000000000009,289.4559999999983,-0.0592168931756305,517.6279654900572,-140.62600000000384
2023-07-01,372.73,305.273,10.98289023070196,3.4,111942.64451845863,6345.881,5.12,6.84,27967.697,0.29000000000000004,0.4975000000000005,14.017749999999978,1.0010000000000332,3.009999999999991,513.8820000000014,-0.05789287612240912,425.01655296857643,224.4260000000031
2023-10-01,371.05,308.8365,10.926300572945784,3.6,112308.2359455366,6368.533,5.33,7.62,28296.967,0.20999999999999996,0.7800000000000002,22.652000000000044,3.5634999999999764,-1.6800000000000068,329.27000000000044,-0.056589657756175527,365.59142707796127,-184.612000000001
2024-01-01,377.13,309.961,10.870993478939988,3.9,112690.09733836298,6391.185,5.33,6.6425,28624.069,0.0,-0.9775,22.652000000000044,1.1245000000000118,6.079999999999984,327.10199999999895,-0.05530709400579603,381.8613928263803,-2.1680000000014843
2024-04-01,392.17,314.3875,10.835201545533732,3.4,113086.00617640046,6413.837,5.33,6.9925,29016.714,0.0,0.34999999999999964,22.652000000000044,4.426499999999976,15.04000000000002,392.64500000000044,-0.03579193340625686,395.90883803748875,65.54300000000148
2024-07-01,394.52,316.445,10.80002098021212,4.6,113494.04354132056,6436.489,5.33,6.8475,29374.914,0.0,-0.14499999999999957,22.651999999999134,2.0575000000000045,2.349999999999966,358.2000000000007,-0.03518056532161218,408.03736492009193,-34.44499999999971
2024-10-01,392.54,317.0635,10.765442209397698,4.1,113912.55264413547,6457.275840686721,4.83,6.428,29723.864,-0.5,-0.4195000000000002,20.786840686721007,0.6184999999999832,-1.9799999999999613,348.9500000000007,-0.034578770814421844,418.50910281491815,-9.25
2025-01-01,397.59532934720016,318.175,10.73145575315409,4.3,114340.10301763388,6477.698317807769,4.33,6.958,30087.80914161877,-0.5,0.5300000000000002,20.42247712104836,1.111500000000035,5.055329347200143,363.9451416187694,-0.033986456243606966,427.5503734984086,14.995141618768685
2025-04-01,406.95085385543535,321.39848205333186,10.70566852931704,4.5,114775.45960022503,6497.787966369258,4.33,6.63,30451.75428323754,0.0,-0.3280000000000003,20.089648561489412,3.22348205333185,9.355524508235192,363.9451416187694,-0.025787223837051343,435.3565825911501,0.0
2025-07-01,408.6715033972086,323.43702095267446,10.68015083528457,5.071454874509007,115217.55604301218,6517.573592079691,4.093904204127538,6.606843971615705,30815.69942485631,-0.23609579587246188,-0.02315602838429509,19.785625710432214,2.0385388993425977,1.7206495417732413,363.9451416187694,-0.025517694032469507,442.0964427871513,0.0
2025-10-01,407.94823528435415,324.8674520306734,10.654898504991882,4.7010886152124645,115665.47166319018,6537.141262797953,3.818760459398041,6.58368794323141,31179.64456647508,-0.2751437447294971,-0.02315602838429509,19.56767071826198,1.4304310779989464,-0.7232681128544414,363.9451416187694,-0.025252330292687475,447.9156201779988,0.0
2026-01-01,412.0882620646303,326.0948055435696,10.6299074142259,5.138231925412155,116118.41154567062,6556.509842133523,3.526571492073297,6.560531914847115,31543.58970809385,-0.2921889673247442,-0.02315602838429509,19.368579335570757,1.2273535128961726,4.140026780276173,363.9451416187694,-0.02499109076598316,452.9398824804375,0.0
2026-04-01,419.20087422563904,329.18694952971896,10.608368205943863,4.840869232955142,116575.6893628776,6575.696561084675,3.236313161215817,6.53737588646282,31907.534849712614,-0.29025833085747976,-0.023156028384294203,19.186718951151306,3.092143986149381,7.1126121610087125,363.9451416187658,-0.021539208282035816,457.2778172069811,-3.637978807091713e-12
2026-07-01,421.0357450611672,331.1796347287187,10.586954551773406,5.311662435704626,117036.71254140513,6594.7171593380135,2.9633724471988594,6.514219858078524,32271.479991331387,-0.27294071401695774,-0.02315602838429598,19.020598253338903,1.9926851989997658,1.834870835528136,363.94514161877305,-0.021413654170457264,461.0231785275246,7.275957614183426e-12
2026-10-01,421.1812149230632,332.6124598900221,10.56566456146215,4.936957588472799,117500.96945494838,6613.586014338804,2.719299504689904,6.491063829694229,32635.42513295016,-0.2440729425089554,-0.02315602838429509,18.868855000790063,1.4328251613033558,0.14546986189600375,363.94514161877305,-0.021289990311256446,464.2569135432568,0.0
2027-01-01,424.68852273885153,333.8586940938586,10.544496363943551,5.382791867850596,117968.01836671484,6632.316259190482,2.511830848232758,6.467907801309934,32999.37027456893,-0.20746865645714596,-0.02315602838429509,18.730244851678435,1.2462342038365364,3.5073078157883515,363.9451416187694,-0.02116819751859822,467.0489117664547,-3.637978807091713e-12
