Date,ZHVI_diff1,Interest_Rate,Median_Household_Income,real_mortgage_rate,Poverty_Rate_lag15,Unemployment_Rate_lag2
2001-04-01,1747.9664000000048,4.8,40104.19437682007,4.329452560023147,17.5,6.0
2001-05-01,2085.5288,4.21,39770.9466283084,3.956594202898554,17.5,6.1
2001-06-01,2223.7114,3.97,39456.83369369633,4.309438525770226,17.5,6.1
2001-07-01,2297.6696999999986,3.77,39193.01295245248,4.610337528604139,17.5,6.2
2001-08-01,2361.97159999999,3.65,38973.27513401616,4.0054602630074205,17.5,6.3
2001-09-01,2328.6646000000183,3.07,38818.84641451459,3.446071428571419,17.5,6.4
2001-10-01,2218.0117999999784,2.49,38742.59394908746,3.7342570653725495,17.5,6.6
2001-11-01,2188.9845000000205,2.09,38750.81301889524,4.262107244723349,17.5,6.8
2001-12-01,2163.0109999999986,1.82,38853.865390218176,4.7016742596811,17.5,7.0
2002-01-01,1942.597299999994,1.73,39070.0,4.666630187606589,17.5,7.1
2002-02-01,1773.4458999999915,1.74,39403.64117548161,4.4002881619937915,17.5,7.1
2002-03-01,1838.5579000000143,1.73,39792.98250384589,4.36162979683973,17.5,7.2
2002-04-01,2236.7927999999956,1.75,40301.81169022914,4.085225225225212,18.1,7.2
2002-05-01,2642.192699999985,1.75,40852.60732075209,3.659932584269664,18.1,7.1
2002-06-01,2941.314100000018,1.75,41461.32937601309,3.6824748040313438,18.1,7.1
2002-07-01,3218.4409999999916,1.73,42068.833776106905,3.6948214285714194,18.1,7.0
2002-08-01,3397.349600000016,1.74,42694.86108626995,3.5407636767564687,18.1,7.0
2002-09-01,3309.741399999999,1.75,43298.0327929636,3.3838211719181883,18.1,6.9
2002-10-01,3059.2266999999993,1.75,43839.89570962816,3.115829633740276,18.1,6.8
2002-11-01,2721.007099999988,1.34,44335.81430260476,2.781091922005567,18.1,6.8
2002-12-01,2591.205500000011,1.24,44733.92213471617,2.6538977746870698,18.1,6.8
2003-01-01,2254.246199999994,1.24,45040.0,2.415999999999986,18.1,6.9
2003-02-01,2403.724900000001,1.26,45224.201759865886,2.1950835866261285,18.1,7.0
2003-03-01,2542.764999999985,1.25,45293.90272626941,1.951706981858159,18.1,7.0
2003-04-01,2932.16770000002,1.26,45278.932830496175,2.529326265389866,17.5,7.1
2003-05-01,3053.227899999998,1.26,45186.993208798856,2.706222222222232,17.5,7.2
2003-06-01,3241.147399999987,1.22,45027.69564226091,2.212055464926598,17.5,7.3
2003-07-01,3398.1324000000022,1.01,44826.38512588572,2.375171009771986,17.5,7.3
2003-08-01,3400.435300000012,1.03,44585.38204777821,3.2910270270270354,17.5,7.4
2003-09-01,3438.8055000000168,1.01,44326.855206336746,3.4564343379978544,17.5,7.4
2003-10-01,3442.849899999972,1.01,44075.216295787,3.25803448275863,17.5,7.4
2003-11-01,3287.4747000000207,1.0,43829.4304779556,3.2356283710895424,17.5,7.3
2003-12-01,3055.570000000007,0.98,43620.42263502615,3.3470788270110265,17.5,7.3
2004-01-01,2762.6924999999464,1.0,43450.0,3.3507179280730126,17.5,7.3
2004-02-01,3108.36050000001,1.01,43338.49582723196,3.395597174086916,17.5,7.3
2004-03-01,3518.368699999992,1.0,43286.94850273839,3.3263559322033958,17.5,7.4
2004-04-01,4340.932500000054,1.0,43284.361492878284,3.339933774834434,17.5,7.6
2004-05-01,5099.83249999996,1.0,43329.74436560356,3.4083147853736024,17.5,7.8
2004-06-01,5915.438000000024,1.03,43422.127890699005,3.489928081287939,17.5,7.9
2004-07-01,6837.550600000017,1.26,43551.72796930728,3.322035751840163,17.5,8.1
2004-08-01,7045.122599999944,1.43,43723.18985160536,3.0066076115485583,17.5,8.2
2004-09-01,7080.086600000039,1.61,43928.74873148327,2.766578616352196,17.5,8.3
2004-10-01,6005.276699999988,1.76,44156.27567098677,2.443381427072403,17.5,8.4
2004-11-01,5179.775800000003,1.93,44416.94437768585,2.1585714285714417,17.5,8.4
2004-12-01,4894.147200000007,2.16,44690.11364423264,1.9997040146943128,17.5,8.4
2005-01-01,5231.8223,2.28,44990.0,1.7771211326691088,17.5,8.3
2005-02-01,5276.592200000014,2.5,45303.742692503285,1.6900814863102838,17.5,8.2
2005-03-01,5481.800799999968,2.63,45595.68684374742,1.9860912863070679,17.5,8.1
2005-04-01,6386.558599999989,2.79,45924.70286092179,1.9004897906435794,19.9,7.9
2005-05-01,7535.467000000004,3.0,46245.25070158636,1.7529726944873616,19.9,7.7
2005-06-01,7798.861800000013,3.04,46574.80135740167,1.7052349165596965,19.9,7.5
2005-07-01,7496.586499999976,3.26,46888.36141306701,1.9078966223132046,19.9,7.2
2005-08-01,6720.534000000043,3.5,47202.93600790964,1.6097422811941904,19.9,7.0
2005-09-01,6368.571200000006,3.62,47503.955647377785,1.142956743002542,19.9,6.7
2005-10-01,5714.199999999953,3.78,47778.58575836722,1.9501917703835492,19.9,6.6
2005-11-01,4751.635600000038,4.0,48041.23615056013,2.7295943204868145,19.9,6.4
2005-12-01,4211.748800000001,4.16,48271.22955469596,2.604827516439057,19.9,6.3
2006-01-01,3561.5369000000064,4.29,48480.0,2.4113975782038324,19.9,6.3
2006-02-01,3483.064799999993,4.49,48657.546028085286,2.8907338183642723,19.9,6.2
2006-03-01,3512.840099999972,4.59,48796.4213422829,3.3299880239521054,19.9,6.2
2006-04-01,3191.715200000035,4.79,48934.30696732792,3.2006874689209273,18.9,6.2
2006-05-01,2616.453999999969,4.94,49059.705094965146,2.980056987115975,18.9,6.3
2006-06-01,1451.4009000000078,4.99,49189.34818527161,2.7521927829955564,18.9,6.3
2006-07-01,775.6212999999989,5.24,49322.886598753554,2.521868836291925,18.9,6.4
2006-08-01,-12.135499999974854,5.25,49477.59548121095,3.047016650342796,18.9,6.4
2006-09-01,-1441.8160000000498,5.25,49657.8074776436,3.6787645914396983,18.9,6.4
2006-10-01,-2489.7261999999755,5.25,49864.59104676724,3.5763338619175418,18.9,6.4
2006-11-01,-2351.593200000003,5.25,50120.10434475794,3.4010376896720587,18.9,6.4
2006-12-01,-1675.4449000000022,5.24,50415.87707356172,3.3779860941693034,18.9,6.4
2007-01-01,-1359.9204000000027,5.25,50780.0,3.5419163424124456,18.9,6.3
2007-02-01,-1326.1805000000168,5.26,51207.84854481894,2.9947087378640864,18.9,6.2
2007-03-01,-1225.4836999999825,5.26,51638.72877499556,2.253383720930219,18.9,6.1
2007-04-01,-746.5046999999904,5.25,52149.49815333723,2.5573766546329733,19.6,6.1
2007-05-01,-1038.1908999999869,5.25,52662.222499553405,2.9157541846006714,19.6,6.0
2007-06-01,-2019.7288999999873,5.25,53194.72935524276,3.6146938168846576,19.6,5.9
2007-07-01,-2812.096600000048,5.26,53697.00893643128,3.9523320719016146,19.6,5.9
2007-08-01,-3169.298999999999,5.02,54186.19246704914,3.48279034548038,19.6,5.9
2007-09-01,-2821.375699999975,4.94,54628.42595414112,2.946420454545449,19.6,5.9
2007-10-01,-3214.1425000000163,4.76,54995.86461948003,2.6987597911227095,19.6,5.9
2007-11-01,-3522.610099999991,4.49,55296.650292606064,2.2903417420276106,19.6,5.9
2007-12-01,-4084.3878999999724,4.24,55495.72294325902,1.8886946968312106,19.6,5.9
2008-01-01,-3964.19650000002,3.94,55590.0,1.2644163599414595,19.6,5.9
2008-02-01,-4218.949199999974,2.98,55560.97839740802,1.78525888484711,19.6,6.0
2008-03-01,-4783.236100000038,2.61,55436.34449372534,2.1934501410552443,19.6,6.0
2008-04-01,-5321.847499999974,2.28,55220.39025025592,2.0789392686597656,16.4,6.1
2008-05-01,-6013.688000000024,1.98,54950.91572662951,2.1358995821320974,16.4,6.2
2008-06-01,-5883.976099999971,2.0,54632.03685638641,1.670050196748182,16.4,6.3
2008-07-01,-5978.674100000004,2.01,54305.46281694236,1.0300018784703333,16.4,6.4
2008-08-01,-5656.7506000000285,2.0,53971.50290744985,1.3968742755161774,16.4,6.6
2008-09-01,-5750.899399999995,1.81,53663.54318892454,1.2704291347953962,16.4,6.8
2008-10-01,-5312.64519999997,0.97,53411.64191438112,2.6165682207386745,16.4,7.0
2008-11-01,-4660.58620000002,0.39,53221.08656729877,3.688390391195017,16.4,7.2
2008-12-01,-3961.0859000000055,0.16,53125.30738811512,3.8094143963109373,16.4,7.5
2009-01-01,-4088.888099999982,0.15,53140.0,4.4840035110863266,16.4,7.9
2009-02-01,-4032.59990000003,0.22,53284.76869826108,4.832352073042233,16.4,8.2
2009-03-01,-3860.8522999999695,0.18,53513.58701839347,4.968350984480165,16.4,8.7
2009-04-01,-3271.355500000005,0.15,53852.75866249666,5.003701784248424,17.2,9.0
2009-05-01,-2241.652300000016,0.18,54244.38475063378,5.277052388375466,17.2,9.4
2009-06-01,-1554.3387999999686,0.21,54690.55222014156,6.252739726933706,17.2,9.7
2009-07-01,-1299.97980000003,0.16,55139.48217077418,6.4599978857058,17.2,9.9
2009-08-01,-1508.1897999999928,0.16,55597.08179736808,6.180728201201868,17.2,10.1
2009-09-01,-1744.0283000000054,0.15,56023.86831405274,5.795907225030691,17.2,10.3
2009-10-01,-1263.8418999999994,0.12,56384.30275651732,4.670415701529484,17.2,10.5
2009-11-01,-417.70899999997346,0.12,56678.3926190537,3.5492347999946423,17.2,10.6
2009-12-01,646.5604999999632,0.12,56864.17045993035,3.00498445214291,17.2,10.6
2010-01-01,1347.9069000000018,0.11,56930.0,2.5010363792093084,17.2,10.6
2010-02-01,998.228700000036,0.13,56852.81693821923,2.4115902443414496,17.2,10.6
2010-03-01,1130.7100999999675,0.16,56679.35882923185,2.3398217895162476,17.2,10.5
2010-04-01,1211.0562999999966,0.2,56402.83524150072,2.656340971688407,18.4,10.3
2010-05-01,1536.1145000000251,0.2,56080.76294075073,2.6310672658475864,18.4,10.2
2010-06-01,670.8908999999985,0.18,55723.777382663655,3.0933944730211325,18.4,10.0
2010-07-01,-350.47320000000764,0.18,55385.643397336105,3.5254479573963646,18.4,9.8
2010-08-01,-1166.3150000000023,0.19,55075.92566147794,3.152528405016935,18.4,9.7
2010-09-01,-1248.1398000000045,0.19,54839.17920647464,2.8357504632869848,18.4,9.7
2010-10-01,-1192.6105000000098,0.19,54710.61934722346,2.5876249134917693,18.4,9.7
2010-11-01,-1311.5464999999967,0.19,54713.78236883935,2.535135719740607,18.4,9.8
2010-12-01,-1058.7895000000135,0.18,54879.19770918006,2.6592522506845118,18.4,9.9
2011-01-01,-581.9002999999793,0.17,55250.0,2.4115247977488448,18.4,9.9
2011-02-01,339.6111999999848,0.16,55843.715539134944,2.3134405158799787,18.4,9.9
2011-03-01,315.1704000000027,0.14,56545.844540933846,1.902701680672263,18.4,10.0
2011-04-01,165.65620000002673,0.1,57466.110645087545,1.4661802462437867,19.2,10.0
2011-05-01,-548.9083000000101,0.09,58459.37586217208,0.8234439788652184,19.2,10.1
2011-06-01,-424.5798000000068,0.09,59548.80868108729,0.4669859537041212,19.2,10.3
2011-07-01,-829.7013000000152,0.07,60622.91543651296,0.27283147720107515,19.2,10.4
2011-08-01,-898.3748999999953,0.1,61710.25405323831,0.37669129756623754,19.2,10.5
2011-09-01,-1273.4136999999755,0.08,62730.89602822388,0.587969715366067,19.2,10.5
2011-10-01,-1034.3841000000248,0.07,63613.44947334589,0.6505555814573665,19.2,10.4
2011-11-01,-275.7216999999946,0.08,64373.70209270668,0.6766769653538964,19.2,10.3
2011-12-01,-10.446100000001024,0.07,64921.39765321535,0.9646975896879182,19.2,10.1
2012-01-01,167.8241000000271,0.08,65250.0,1.2411159084074512,19.2,9.9
2012-02-01,458.86999999999534,0.1,65308.50634063951,1.0527431873354653,19.2,9.8
2012-03-01,1029.2562000000034,0.13,65145.24038895644,0.955045998418234,19.2,9.6
2012-04-01,1745.3218999999808,0.14,64780.45291117506,1.3385230567371265,18.7,9.5
2012-05-01,1663.4466000000248,0.16,64281.85764906109,1.6500990275881797,18.7,9.3
2012-06-01,1972.071399999957,0.16,63660.17579876192,1.855801154058872,18.7,9.2
2012-07-01,1733.180800000031,0.16,62997.59623252232,2.0583399456738505,18.7,9.1
2012-08-01,1974.625,0.13,62293.90785954802,1.599970292462399,18.7,9.0
2012-09-01,2252.214099999983,0.14,61615.56636630953,0.9862422766781864,18.7,8.8
2012-10-01,2514.704000000027,0.16,61025.78324967542,1.071952715453973,18.7,8.7
2012-11-01,2554.1959999999963,0.16,60529.20051549175,1.2426266400755726,18.7,8.6
2012-12-01,2019.3364999999758,0.16,60199.936125286185,1.3534624105924675,18.7,8.6
2013-01-01,1914.3675999999978,0.14,60060.0,1.5398943739173219,18.7,8.6
2013-02-01,2024.5351000000373,0.15,60155.46623743822,1.9280663519862746,18.7,8.7
2013-03-01,2007.4489999999641,0.14,60428.44190640307,2.226630235102282,18.7,8.7
2013-04-01,2071.071200000006,0.15,60907.92266907568,2.1462075983997764,18.2,8.7
2013-05-01,2121.1538999999757,0.11,61520.10362073863,2.2767505176410405,18.2,8.7
2013-06-01,2555.5455000000075,0.09,62274.61997285268,2.523706189718915,18.2,8.6
2013-07-01,2390.0740000000224,0.09,63092.95005125811,2.5358283142497813,18.2,8.5
2013-08-01,2308.3548999999766,0.08,63998.47234253188,2.9035726878042416,18.2,8.5
2013-09-01,2285.825200000021,0.08,64933.20343510887,3.2158908139915017,18.2,8.5
2013-10-01,2522.733100000012,0.09,65835.42143401054,2.719829414308532,18.2,8.4
2013-11-01,2396.4394999999786,0.08,66734.09735384696,2.5835293113869806,18.2,8.3
2013-12-01,2065.217500000028,0.09,67541.40890318592,2.757998076733422,18.2,8.2
2014-01-01,1608.4832999999635,0.07,68280.0,2.7044983879116113,18.2,8.1
2014-02-01,1505.8877000000211,0.07,68896.71183221664,2.600894518866972,18.2,8.0
2014-03-01,1495.2307000000146,0.08,69351.28831817939,2.6665792416397505,18.2,7.9
2014-04-01,1716.2779999999912,0.09,69750.35804244522,2.492603304438507,18.9,7.9
2014-05-01,1338.3983000000007,0.09,70041.40807247655,2.1781425097454443,18.9,7.8
2014-06-01,889.3496999999625,0.1,70253.58542014635,2.31331852516998,18.9,7.8
2014-07-01,301.39949999999953,0.09,70382.5280956146,2.445040336666959,18.9,7.8
2014-08-01,89.53190000000177,0.09,70446.57595378326,2.7093775100401656,18.9,7.8
2014-09-01,472.8699000000488,0.09,70450.20000446762,3.0343437043552663,18.9,7.7
2014-10-01,625.3322000000044,0.09,70405.60500183306,2.92430988361994,18.9,7.7
2014-11-01,818.983899999992,0.09,70319.5616222414,2.902314287563081,18.9,7.6
2014-12-01,456.13389999995707,0.12,70206.94792277274,3.428394283786206,18.9,7.6
2015-01-01,521.694300000032,0.11,70070.0,3.892869116881119,18.9,7.5
2015-02-01,708.5503000000026,0.11,69922.43401439225,3.741773483218367,18.9,7.4
2015-03-01,875.1932999999844,0.11,69789.98670239096,3.6121417438930092,18.9,7.4
2015-04-01,484.90750000003027,0.12,69655.68584059969,3.3168241519576562,17.7,7.3
2015-05-01,169.725999999966,0.12,69549.34998534435,3.2881778288872185,17.7,7.2
2015-06-01,61.56430000002729,0.13,69475.94831604915,3.573528997401998,17.7,7.2
2015-07-01,484.6276999999536,0.13,69451.75884555935,3.7799469331991027,17.7,7.0
2015-08-01,740.4183000000194,0.14,69487.22717895015,3.4243229000319366,17.7,6.9
2015-09-01,1066.2428000000073,0.14,69596.40675942777,3.194962614808834,17.7,6.8
2015-10-01,1315.719299999997,0.12,69783.91660419256,3.1773498040374997,17.7,6.8
2015-11-01,1372.8219999999856,0.12,70074.31560600328,3.400439289200392,17.7,6.7
2015-12-01,1258.3306999999913,0.24,70460.41076666619,2.9511232893246633,17.7,6.6
2016-01-01,1366.8551000000443,0.34,70980.0,2.383387114722401,17.7,6.6
2016-02-01,1097.7976999999955,0.38,71628.73296334222,2.3699486634802627,17.7,6.5
2016-03-01,501.56099999998696,0.36,72338.30512602274,2.600734404064256,17.7,6.4
2016-04-01,-58.37900000001537,0.37,73185.8563730805,2.4575537554054256,17.3,6.3
2016-05-01,-111.57679999998072,0.37,74073.50055487955,2.398768986399277,17.3,6.2
2016-06-01,211.00770000001648,0.38,75039.10465440305,2.3075016477167654,17.3,6.1
2016-07-01,180.6235999999917,0.39,75999.97388488517,2.120037610760496,17.3,6.1
2016-08-01,84.87169999995967,0.4,76998.85689922128,2.55095492760763,17.3,6.1
2016-09-01,271.38400000002,0.4,77982.16420617151,3.0094817256791453,17.3,6.2
2016-10-01,1048.1180000000168,0.4,78898.29987537897,2.7157857110241372,17.3,6.2
2016-11-01,1709.3174,0.41,79787.03032232067,2.710822116207161,17.3,6.3
2016-12-01,2071.6359999999986,0.54,80570.62035071998,2.9333973242202314,17.3,6.3
2017-01-01,1888.3283999999985,0.65,81280.0,2.6795466234993315,17.3,6.3
2017-02-01,1899.32150000002,0.66,81872.68649523563,2.8954678268209175,17.3,6.3
2017-03-01,1665.6141999999527,0.79,82318.17662076463,3.1208886110209777,17.3,6.3
2017-04-01,1460.8089000000036,0.9,82730.11842888562,3.3812465718879094,18.6,6.2
2017-05-01,730.4945000000298,0.91,83065.44159981594,3.754163233274463,18.6,6.2
2017-06-01,289.4286999999895,1.04,83365.72119482444,3.5377068279796955,18.6,6.2
2017-07-01,-27.45030000002589,1.15,83629.98233827052,3.490513704016838,18.6,6.2
2017-08-01,287.33050000004005,1.16,83895.0626229241,2.793784072246358,18.6,6.1
2017-09-01,881.6089999999967,1.15,84171.55763572901,2.107651146095088,18.6,6.1
2017-10-01,1398.884699999995,1.15,84468.6019734495,2.2820014305362473,18.6,6.1
2017-11-01,1549.8276999999653,1.16,84825.21877514041,2.3931936343699802,18.6,6.0
2017-12-01,1700.8592000000062,1.3,85236.79850666552,2.0606583491319297,18.6,6.0
2018-01-01,1715.8843000000343,1.41,85750.0,1.7833398986227662,18.6,5.9
2018-02-01,1575.9347999999882,1.42,86364.60352221348,2.3071733375169208,18.6,5.9
2018-03-01,1588.1586999999708,1.51,86992.42434875183,2.6466738700647827,18.6,5.9
2018-04-01,1188.7131999999983,1.69,87744.86893176516,2.3421890516834614,16.6,5.8
2018-05-01,1208.6774000000441,1.7,88507.54758413343,2.132790240389525,16.6,5.8
2018-06-01,558.3378999999841,1.82,89306.86367010286,2.071859027043958,16.6,5.8
2018-07-01,1029.488000000012,1.91,90067.85208092273,1.984430627196514,16.6,5.7
2018-08-01,943.9256000000169,1.91,90816.80349806936,2.263379593013494,16.6,5.6
2018-09-01,1193.8331999999937,1.95,91502.8959069654,2.595042743662151,16.6,5.5
2018-10-01,920.7251999999862,2.19,92083.3527228095,3.1840435301965444,16.6,5.5
2018-11-01,934.0704999999725,2.2,92572.42918741294,3.60646038344606,16.6,5.5
2018-12-01,913.8697000000393,2.27,92915.175651468,3.6081441532472116,16.6,5.6
2019-01-01,926.4904999999562,2.4,93110.0,3.66275182058191,16.6,5.7
2019-02-01,1359.2817000000505,2.4,93126.38303868278,3.155956616594106,16.6,5.8
2019-03-01,1885.7691999999806,2.41,93001.4572780276,2.6378550221900863,16.6,5.9
2019-04-01,2056.8898000000045,2.42,92731.52222200132,2.5273093891099174,16.2,5.9
2019-05-01,1337.379499999981,2.39,92361.42384784498,2.468684112006727,16.2,5.8
2019-06-01,740.5741000000271,2.38,91890.87028027928,2.3990642457034,16.2,5.7
2019-07-01,385.1044999999576,2.4,91373.55820268983,2.5612567171470464,16.2,5.6
2019-08-01,597.585000000021,2.13,90799.38149290172,2.549860499131554,16.2,5.4
2019-09-01,610.617499999993,2.04,90209.71540786592,2.675920260324802,16.2,5.4
2019-10-01,986.7851999999839,1.83,89647.91771562136,2.4765748298281687,16.2,5.3
2019-11-01,1452.1751000000513,1.55,89100.91658634943,2.1991360294117706,16.2,5.2
2019-12-01,2020.8970999999437,1.55,88627.34080419103,2.1849156324509447,16.2,5.2
2020-01-01,2514.6787000000477,1.55,88220.0,2.049872270342807,16.2,5.2
2020-02-01,2730.2347999999765,1.58,87916.08540567601,2.466635138189137,16.2,5.4
2020-03-01,2780.779900000023,0.65,87726.78617503656,3.023142811732529,16.2,5.5
2020-04-01,2309.847699999984,0.05,87622.89442481393,3.1373920154500823,15.5,5.7
2020-05-01,1143.10070000001,0.05,87616.2143231633,3.32048083972823,15.5,5.8
2020-06-01,239.1191000000108,0.08,87703.11665062224,2.80797753216213,15.5,11.2
2020-07-01,487.57459999999264,0.09,87874.94712286947,2.2176442282309674,15.5,8.8
2020-08-01,2144.287000000011,0.1,88139.97722536909,1.916476247008482,15.5,8.6
2020-09-01,4180.062399999995,0.09,88490.6771679751,1.6515819209039404,15.5,8.6
2020-10-01,5365.39989999996,0.09,88908.55213418034,1.5217174728476803,15.5,8.4
2020-11-01,5910.943200000038,0.09,89418.27657571282,1.3787209179476894,15.5,8.4
2020-12-01,5610.9458999999915,0.09,89983.91736218196,1.2208579702291082,15.5,8.1
2021-01-01,5073.628099999973,0.09,90640.0,1.1954009263116752,15.5,7.9
2021-02-01,5216.89850000001,0.08,91364.98864329344,0.729589032338128,15.5,7.7
2021-03-01,5780.18670000002,0.07,92073.76651862526,0.45914148312827896,15.5,7.3
2021-04-01,6489.357299999974,0.07,92911.78376931052,-0.15039768940234444,13.5,7.1
2021-05-01,6582.069599999988,0.06,93769.7333818951,-0.8341680841295509,13.5,7.0
2021-06-01,5745.649000000034,0.08,94698.01542136226,-1.1338514502270134,13.5,7.1
2021-07-01,3511.7270000000135,0.1,95630.23488513558,-1.5512197899636022,13.5,7.1
2021-08-01,1226.1381999999867,0.09,96621.74316161095,-1.6264642307512935,13.5,7.3
2021-09-01,-570.1192000000156,0.08,97635.02081173674,-1.6184308823310594,13.5,7.1
2021-10-01,-128.41580000001704,0.08,98629.76209785676,-2.083312669306104,13.5,7.0
2021-11-01,796.555800000031,0.08,99665.4865298566,-2.715901563081503,13.5,6.6
2021-12-01,2147.8447999999626,0.08,100668.86733789976,-2.7775459122646016,13.5,6.5
2022-01-01,3930.1648000000278,0.08,101700.0,-2.522065259578241,13.5,6.3
2022-02-01,5952.824800000002,0.08,102718.4371469942,-2.8730119528737514,13.5,6.1
2022-03-01,7930.5406000000075,0.2,103621.59530276852,-3.127511285235383,13.5,6.0
2022-04-01,7829.949999999953,0.33,104596.57752787566,-2.427076243822613,16.5,5.6
2022-05-01,6483.35560000001,0.77,105508.78934682244,-2.288254526469969,16.5,5.2
2022-06-01,3643.1193000000203,1.21,106412.24830501634,-1.9700574279942362,16.5,4.9
2022-07-01,-42.506900000036694,1.68,107242.1608889953,-2.053667918910505,16.5,4.7
2022-08-01,-3183.005200000014,2.33,108047.05802850224,-1.7722788697788614,16.5,4.4
2022-09-01,-4557.800599999959,2.56,108791.50438220796,-0.41446716476881207,16.5,4.2
2022-10-01,-3116.280700000003,3.08,109447.80180613347,0.8522942532640574,16.5,4.0
2022-11-01,-1688.8717999999644,3.78,110052.90688601811,1.230485505206885,16.5,4.2
2022-12-01,-660.1574000000255,4.1,110561.27474571014,1.4042684798867802,16.5,4.4
2023-01-01,-769.8941000000341,4.33,111000.0,1.922323146526769,16.5,4.6
2023-02-01,-264.0021999999881,4.57,111000.0,2.254425229528163,16.5,4.8
2023-03-01,132.08889999997336,4.65,111000.0,2.881436308075563,16.5,4.9
2023-04-01,1522.5887000000803,4.83,111000.0,2.9867816235440365,13.3,5.0
2023-05-01,2550.5709999999963,5.06,111000.0,3.371644681159588,13.3,5.0
2023-06-01,3629.7839000000386,5.08,111000.0,4.301410477186776,13.3,4.9
2023-07-01,3354.0752999999095,5.12,111000.0,5.060959734877655,13.3,4.8
2023-08-01,2722.1780000000726,5.33,111000.0,4.514945235770728,13.3,4.8
2023-09-01,1730.9857999999076,5.33,111000.0,3.8631915206436878,13.3,4.7
2023-10-01,1133.6221000000369,5.33,111000.0,4.563370601298384,13.3,4.8
2023-11-01,654.9673000000184,5.33,111000.0,4.664786877051504,13.3,4.9
2023-12-01,558.7754999999888,5.33,111000.0,3.619920949078333,13.3,4.9
2024-01-01,419.67599999997765,5.33,111000.0,3.0282475706086265,13.3,4.9
2024-02-01,1437.6406000000425,5.33,111000.0,3.289746534923151,13.3,4.9
2024-03-01,3024.9094999999506,5.33,111000.0,3.4601478889512336,13.3,5.0
2024-04-01,4169.523900000029,5.33,111000.0,3.668007440710939,14.0,5.1
2024-05-01,3425.278500000015,5.33,111000.0,3.77055645356561,14.0,5.2
2024-06-01,1679.3985000000102,5.33,111000.0,3.443044004046582,14.0,5.2
2024-07-01,561.0370999999577,5.33,111000.0,3.187824889525131,14.0,5.3
2024-08-01,517.9152999999933,5.33,111000.0,3.3593731438976757,14.0,5.4
2024-09-01,1427.269100000034,5.13,111000.0,3.5517397349751487,14.0,5.5
2024-10-01,2076.25410000002,4.83,111000.0,3.7641309301199906,14.0,5.7
2024-11-01,2306.116299999994,4.64,111000.0,4.1054257195568375,14.0,5.7
2024-12-01,2063.3713999999454,4.48,111000.0,4.271518645493062,14.0,5.7
